Swarm  Glowworm   Coordinates                                             RecID  LigID  Luciferin  Neigh   VR     RMSD    PDB             Clashes  Scoring
  198      7         (3.544, 12.663, 9.909, -0.810, 0.134, -0.182, 0.541)      0      0 -1147.30767     0   5.000   -1.000  lightdock_7.pdb      0 -764.872
  198      1        (3.500, 12.508, 10.155, -0.810, 0.134, -0.182, 0.541)      0      0 -1150.70835     1   5.000   -1.000  lightdock_1.pdb      0 -766.717
  198     23         (3.555, 12.739, 9.793, -0.810, 0.134, -0.182, 0.541)      0      0 -1150.98891     2   5.000   -1.000 lightdock_23.pdb      0 -768.070
  198      2        (3.407, 12.626, 10.020, -0.810, 0.134, -0.182, 0.541)      0      0 -1153.89117     3   5.000   -1.000  lightdock_2.pdb      0 -771.329
   90      8       (-5.927, 0.433, -15.080, 0.542, -0.081, -0.836, 0.036)      0      0 -1161.32836     0   5.000   -1.000  lightdock_8.pdb      0 -774.219
  110     21        (4.271, 6.512, 14.530, -0.258, -0.658, 0.618, -0.344)      0      0 -1162.09705     0   5.000   -1.000 lightdock_21.pdb      0 -774.731
   78     12        (12.126, -1.887, -9.470, 0.824, -0.506, 0.112, 0.229)      0      0 -1175.21222     2   5.000   -1.000 lightdock_12.pdb      0 -778.369
  162     10          (8.712, 10.475, 7.213, 0.332, -0.157, 0.249, 0.896)      0      0 -1169.61217     0   5.000   -1.000 lightdock_10.pdb      0 -779.741
   78     17        (11.823, -1.755, -9.342, 0.824, -0.506, 0.112, 0.229)      0      0 -1172.72570     0   5.000   -1.000 lightdock_17.pdb      0 -779.896
   78     20        (12.030, -1.916, -9.437, 0.824, -0.506, 0.112, 0.229)      0      0 -1175.99855     3   5.000   -1.000 lightdock_20.pdb      0 -780.239
   78      5        (11.610, -1.657, -9.251, 0.824, -0.506, 0.112, 0.229)      0      0 -1173.64801     1   5.000   -1.000  lightdock_5.pdb      0 -781.160
  162     14          (8.815, 10.709, 6.862, 0.332, -0.157, 0.249, 0.896)      0      0 -1174.02646     2   5.000   -1.000 lightdock_14.pdb      0 -782.083
   90     17       (-4.923, -4.082, -8.333, 0.506, -0.101, -0.856, 0.029)      0      0 -1174.85457     0   5.000   -1.000 lightdock_17.pdb      0 -782.797
  162     21          (8.683, 10.412, 7.305, 0.332, -0.157, 0.249, 0.896)      0      0 -1173.93468     1   5.000   -1.000 lightdock_21.pdb      0 -783.092
   90      4       (-5.987, 0.450, -15.078, 0.542, -0.081, -0.836, 0.036)      0      0 -1169.09324     1   5.000   -1.000  lightdock_4.pdb      0 -783.543
   90     19       (-5.284, -4.084, -8.246, 0.506, -0.101, -0.856, 0.029)      0      0 -1176.10824     1   3.240   -1.000 lightdock_19.pdb      0 -783.836
   78      6        (11.683, -1.766, -9.290, 0.824, -0.506, 0.112, 0.229)      0      0 -1177.15184     4   5.000   -1.000  lightdock_6.pdb      0 -783.839
   90     21       (-5.129, -4.057, -8.204, 0.506, -0.101, -0.856, 0.029)      0      0 -1178.45513     6   4.760   -1.000 lightdock_21.pdb      0 -784.032
   90      1       (-5.060, -4.097, -8.344, 0.506, -0.101, -0.856, 0.029)      0      0 -1177.51364     3   5.000   -1.000  lightdock_1.pdb      0 -784.511
   90     10       (-4.766, -3.963, -8.010, 0.506, -0.101, -0.856, 0.029)      0      0 -1178.08455     5   4.520   -1.000 lightdock_10.pdb      0 -784.741
   90      3       (-4.939, -4.057, -8.254, 0.506, -0.101, -0.856, 0.029)      0      0 -1177.99124     4   5.000   -1.000  lightdock_3.pdb      0 -785.080
   90      6       (-5.021, -4.176, -8.594, 0.506, -0.101, -0.856, 0.029)      0      0 -1177.29608     2   5.000   -1.000  lightdock_6.pdb      0 -785.100
  162     20          (8.767, 10.590, 7.044, 0.332, -0.157, 0.249, 0.896)      0      0 -1178.68131     3   5.000   -1.000 lightdock_20.pdb      0 -786.739
   78     24        (11.748, -1.548, -9.292, 0.824, -0.506, 0.112, 0.229)      0      0 -1181.43300     5   5.000   -1.000 lightdock_24.pdb      0 -787.218
   90     11       (-4.672, -4.088, -8.417, 0.506, -0.101, -0.856, 0.029)      0      0 -1179.83946     7   4.360   -1.000 lightdock_11.pdb      0 -788.538
  161     21        (-9.109, 9.456, 9.125, 0.874, -0.216, -0.011, -0.436)      0      0 -1189.67296     0   5.000   -1.000 lightdock_21.pdb      0 -792.984
   95     15     (-4.171, -0.176, -15.819, -0.436, 0.457, -0.331, -0.701)      0      0 -1189.95387     0   5.000   -1.000 lightdock_15.pdb      0 -793.303
  161     19        (-8.907, 9.205, 9.135, 0.874, -0.216, -0.011, -0.436)      0      0 -1192.73539     2   5.000   -1.000 lightdock_19.pdb      0 -794.685
  161      8        (-9.149, 9.701, 9.429, 0.874, -0.216, -0.011, -0.436)      0      0 -1192.92031     3   3.000   -1.000  lightdock_8.pdb      0 -794.722
  161     14        (-9.130, 9.288, 8.794, 0.874, -0.216, -0.011, -0.436)      0      0 -1193.77375     5   5.000   -1.000 lightdock_14.pdb      0 -795.202
   40      4       (-0.891, 16.079, 6.658, -0.492, -0.779, 0.158, -0.357)      0      0 -1196.54896     1   5.000   -1.000  lightdock_4.pdb      0 -795.493
  161      5        (-9.226, 9.600, 9.120, 0.874, -0.216, -0.011, -0.436)      0      0 -1192.55803     1   5.000   -1.000  lightdock_5.pdb      0 -795.513
   95     21     (-4.158, -0.179, -15.827, -0.436, 0.457, -0.331, -0.701)      0      0 -1191.74386     1   5.000   -1.000 lightdock_21.pdb      0 -795.528
  161     18        (-8.985, 9.487, 9.446, 0.874, -0.216, -0.011, -0.436)      0      0 -1194.08753     6   1.800   -1.000 lightdock_18.pdb      0 -795.628
   40      7       (-0.657, 15.644, 6.661, -0.492, -0.779, 0.158, -0.357)      0      0 -1193.50884     0   5.000   -1.000  lightdock_7.pdb      0 -795.673
  161      1        (-9.078, 9.373, 9.054, 0.874, -0.216, -0.011, -0.436)      0      0 -1193.18117     4   5.000   -1.000  lightdock_1.pdb      0 -795.763
  161     20        (-8.939, 9.297, 9.213, 0.874, -0.216, -0.011, -0.436)      0      0 -1194.59998     7   4.600   -1.000 lightdock_20.pdb      0 -796.328
  185     11       (-3.789, 1.882, 16.692, -0.447, -0.491, -0.024, 0.748)      0      0 -1195.08211     0   5.000   -1.000 lightdock_11.pdb      0 -796.721
  203      6        (6.476, 11.160, 10.611, -0.838, 0.051, -0.520, 0.157)      0      0 -1195.84165     0   5.000   -1.000  lightdock_6.pdb      0 -797.226
  203      7        (6.574, 11.347, 10.287, -0.838, 0.051, -0.520, 0.157)      0      0 -1197.71958     1   5.000   -1.000  lightdock_7.pdb      0 -797.370
   40      2       (-0.714, 15.839, 6.439, -0.492, -0.779, 0.158, -0.357)      0      0 -1196.84468     2   5.000   -1.000  lightdock_2.pdb      0 -797.375
  185     24       (-3.780, 1.753, 16.955, -0.447, -0.491, -0.024, 0.748)      0      0 -1196.97047     1   5.000   -1.000 lightdock_24.pdb      0 -797.862
  185     22       (-3.796, 1.988, 16.474, -0.447, -0.491, -0.024, 0.748)      0      0 -1197.72333     2   5.000   -1.000 lightdock_22.pdb      0 -798.552
  199     12         (1.816, 2.766, 15.464, -0.014, 0.797, -0.044, 0.602)      0      0 -1199.14169     0   5.000   -1.000 lightdock_12.pdb      0 -799.428
  203     15        (6.432, 11.074, 10.759, -0.838, 0.051, -0.520, 0.157)      0      0 -1198.62479     2   5.000   -1.000 lightdock_15.pdb      0 -799.688
   40      1       (-0.614, 15.497, 6.828, -0.492, -0.779, 0.158, -0.357)      0      0 -1198.80169     3   5.000   -1.000  lightdock_1.pdb      0 -800.024
   54      9        (14.510, 6.486, -6.639, -0.655, 0.247, 0.346, -0.625)      0      0 -1202.43319     0   5.000   -1.000  lightdock_9.pdb      0 -801.592
   54      7        (14.408, 6.482, -7.069, -0.655, 0.247, 0.346, -0.625)      0      0 -1204.44146     4   4.520   -1.000  lightdock_7.pdb      0 -801.783
   54     15        (14.724, 6.485, -6.667, -0.655, 0.247, 0.346, -0.625)      0      0 -1204.54862     5   5.000   -1.000 lightdock_15.pdb      0 -802.113
   54      2        (14.519, 6.486, -6.644, -0.655, 0.247, 0.346, -0.625)      0      0 -1203.80494     2   5.000   -1.000  lightdock_2.pdb      0 -802.544
   54      6        (14.143, 6.488, -6.404, -0.655, 0.247, 0.346, -0.625)      0      0 -1203.53074     1   5.000   -1.000  lightdock_6.pdb      0 -802.789
   54      1        (14.177, 6.488, -6.410, -0.655, 0.247, 0.346, -0.625)      0      0 -1203.81024     3   5.000   -1.000  lightdock_1.pdb      0 -803.263
  134     22        (-5.607, 7.602, -20.279, 0.369, 0.378, -0.820, 0.221)      0      0 -1207.27716     0   5.000   -1.000 lightdock_22.pdb      0 -803.270
   69     11         (9.062, 19.354, -0.643, -0.657, 0.298, 0.174, 0.671)      0      0 -1205.57553     0   5.000   -1.000 lightdock_11.pdb      0 -803.717
  185      1       (3.228, -1.673, 18.376, 0.218, -0.720, -0.364, -0.549)      0      0 -1206.00376     0   5.000   -1.000  lightdock_1.pdb      0 -804.003
  185      9       (3.606, -1.384, 18.447, 0.218, -0.720, -0.364, -0.549)      0      0 -1207.76892     1   5.000   -1.000  lightdock_9.pdb      0 -804.007
   56      6        (7.806, 15.405, 7.568, -0.102, -0.881, -0.204, 0.415)      0      0 -1207.07933     0   5.000   -1.000  lightdock_6.pdb      0 -804.720
   56      9        (7.500, 15.605, 7.823, -0.102, -0.881, -0.204, 0.415)      0      0 -1210.12105     1   5.000   -1.000  lightdock_9.pdb      0 -804.736
   69      1         (9.258, 19.082, -0.593, -0.657, 0.298, 0.174, 0.671)      0      0 -1207.50823     1   5.000   -1.000  lightdock_1.pdb      0 -805.316
   21     10         (-11.582, 7.223, 6.953, 0.024, 0.246, -0.685, 0.685)      0      0 -1210.42218     1   5.000   -1.000 lightdock_10.pdb      0 -805.938
   21      2         (-11.514, 7.541, 7.323, 0.024, 0.246, -0.685, 0.685)      0      0 -1208.97303     0   5.000   -1.000  lightdock_2.pdb      0 -805.982
  185      4       (3.429, -1.765, 18.503, 0.218, -0.720, -0.364, -0.549)      0      0 -1209.90883     3   5.000   -1.000  lightdock_4.pdb      0 -806.000
    6     19       (-18.041, -3.854, 8.286, -0.246, 0.687, -0.237, 0.641)      0      0 -1212.77433     2   5.000   -1.000 lightdock_19.pdb      0 -806.320
  182      0       (13.509, 5.515, 14.314, -0.445, -0.194, -0.043, 0.873)      0      0 -1213.25312     1   5.000   -1.000  lightdock_0.pdb      0 -806.403
   54     24        (14.275, 6.489, -6.443, -0.655, 0.247, 0.346, -0.625)      0      0 -1206.74625     6   4.920   -1.000 lightdock_24.pdb      0 -806.538
    6     10       (-17.874, -3.935, 8.559, -0.246, 0.687, -0.237, 0.641)      0      0 -1210.00623     0   5.000   -1.000 lightdock_10.pdb      0 -806.671
    6      0       (-17.943, -3.729, 8.247, -0.246, 0.687, -0.237, 0.641)      0      0 -1212.68016     1   5.000   -1.000  lightdock_0.pdb      0 -806.709
  185      0       (3.274, -1.668, 18.400, 0.218, -0.720, -0.364, -0.549)      0      0 -1209.34580     2   5.000   -1.000  lightdock_0.pdb      0 -806.731
  176     20      (-9.366, 1.065, 14.989, -0.077, -0.489, -0.864, -0.097)      0      0 -1211.90931     1   5.000   -1.000 lightdock_20.pdb      0 -806.881
  176      6      (-9.318, 1.087, 14.929, -0.077, -0.489, -0.864, -0.097)      0      0 -1210.35014     0   5.000   -1.000  lightdock_6.pdb      0 -806.892
   87     16       (13.212, -7.909, -7.126, 0.862, -0.466, 0.188, -0.066)      0      0 -1210.64789     0   5.000   -1.000 lightdock_16.pdb      0 -807.098
   44     19        (16.239, 14.993, 5.446, 0.671, -0.277, 0.551, -0.412)      0      0 -1210.87876     0   5.000   -1.000 lightdock_19.pdb      0 -807.203
   21      6         (-11.516, 7.533, 7.315, 0.024, 0.246, -0.685, 0.685)      0      0 -1210.42942     2   5.000   -1.000  lightdock_6.pdb      0 -807.374
  134     19        (-5.529, 8.669, -20.126, 0.369, 0.378, -0.820, 0.221)      0      0 -1218.89555     2   5.000   -1.000 lightdock_19.pdb      0 -807.727
  134      2        (-5.678, 7.385, -20.349, 0.369, 0.378, -0.820, 0.221)      0      0 -1210.18647     1   5.000   -1.000  lightdock_2.pdb      0 -807.874
  185     18       (3.055, -1.733, 18.293, 0.218, -0.720, -0.364, -0.549)      0      0 -1209.95595     4   5.000   -1.000 lightdock_18.pdb      0 -807.886
  113     21         (-5.588, 1.406, 15.554, 0.474, 0.308, -0.713, 0.414)      0      0 -1211.93788     0   5.000   -1.000 lightdock_21.pdb      0 -807.959
  182     21       (13.455, 5.072, 14.452, -0.445, -0.194, -0.043, 0.873)      0      0 -1212.06014     0   5.000   -1.000 lightdock_21.pdb      0 -808.040
  176     10      (-9.602, 0.955, 15.283, -0.077, -0.489, -0.864, -0.097)      0      0 -1214.61012     3   5.000   -1.000 lightdock_10.pdb      0 -808.047
  176      8      (-8.940, 1.263, 14.457, -0.077, -0.489, -0.864, -0.097)      0      0 -1213.94260     2   5.000   -1.000  lightdock_8.pdb      0 -809.082
   44     12        (16.017, 15.021, 5.637, 0.671, -0.277, 0.551, -0.412)      0      0 -1216.83056     4   5.000   -1.000 lightdock_12.pdb      0 -809.391
  185     23       (3.015, -1.544, 18.228, 0.218, -0.720, -0.364, -0.549)      0      0 -1212.37775     5   5.000   -1.000 lightdock_23.pdb      0 -809.550
   44      4        (16.185, 14.867, 5.538, 0.671, -0.277, 0.551, -0.412)      0      0 -1214.27055     1   5.000   -1.000  lightdock_4.pdb      0 -809.554
   87     22       (13.070, -7.941, -7.407, 0.862, -0.466, 0.188, -0.066)      0      0 -1217.06611     1   5.000   -1.000 lightdock_22.pdb      0 -809.985
   44      8        (16.372, 15.303, 5.219, 0.671, -0.277, 0.551, -0.412)      0      0 -1215.45780     2   5.000   -1.000  lightdock_8.pdb      0 -810.244
  176     22      (-9.223, 1.133, 14.810, -0.077, -0.489, -0.864, -0.097)      0      0 -1215.15203     5   5.000   -1.000 lightdock_22.pdb      0 -810.759
  176      9      (-9.219, 1.135, 14.805, -0.077, -0.489, -0.864, -0.097)      0      0 -1214.99688     4   5.000   -1.000  lightdock_9.pdb      0 -810.857
  134      5        (-5.475, 9.290, -20.027, 0.369, 0.377, -0.821, 0.220)      0      0 -1223.72870     3   5.000   -1.000  lightdock_5.pdb      0 -810.870
    1      7         (8.877, 5.969, -13.871, 0.839, -0.241, 0.319, 0.369)      0      0 -1220.89818     1   5.000   -1.000  lightdock_7.pdb      0 -811.026
   44     23        (16.407, 15.296, 5.189, 0.671, -0.277, 0.551, -0.412)      0      0 -1217.20654     5   5.000   -1.000 lightdock_23.pdb      0 -811.181
  217      5       (-8.732, 14.888, 6.067, -0.872, 0.487, -0.049, -0.004)      0      0 -1217.83597     1   5.000   -1.000  lightdock_5.pdb      0 -811.247
   44      0        (16.335, 15.205, 5.286, 0.671, -0.277, 0.551, -0.412)      0      0 -1216.75779     3   5.000   -1.000  lightdock_0.pdb      0 -811.247
   28      3          (12.430, 7.577, 6.421, 0.394, 0.764, -0.495, 0.124)      0      0 -1217.39683     0   5.000   -1.000  lightdock_3.pdb      0 -811.598
  217      6       (-8.712, 14.908, 6.045, -0.872, 0.487, -0.049, -0.004)      0      0 -1217.40398     0   5.000   -1.000  lightdock_6.pdb      0 -811.603
  124     19       (-0.995, 19.011, 14.095, -0.909, 0.219, -0.354, 0.038)      0      0 -1217.63406     0   5.000   -1.000 lightdock_19.pdb      0 -811.755
   89     23       (10.154, 7.135, 12.474, 0.592, -0.635, -0.471, -0.156)      0      0 -1217.75641     0   5.000   -1.000 lightdock_23.pdb      0 -811.838
  163      0       (-7.341, 17.596, -8.633, -0.423, -0.410, 0.739, 0.326)      0      0 -1219.89106     2   5.000   -1.000  lightdock_0.pdb      0 -811.839
  217      4       (-8.608, 14.999, 5.943, -0.872, 0.487, -0.049, -0.004)      0      0 -1217.97359     2   5.000   -1.000  lightdock_4.pdb      0 -811.852
  163     16       (-7.331, 17.745, -8.282, -0.423, -0.410, 0.739, 0.326)      0      0 -1217.84184     0   5.000   -1.000 lightdock_16.pdb      0 -811.882
    2     21       (-5.855, 19.090, 4.322, -0.677, 0.518, -0.519, -0.065)      0      0 -1217.85371     0   5.000   -1.000 lightdock_21.pdb      0 -811.902
  163     14       (-7.365, 17.646, -8.611, -0.423, -0.410, 0.739, 0.326)      0      0 -1219.84603     1   5.000   -1.000 lightdock_14.pdb      0 -812.007
  141     14        (5.254, -15.680, -0.236, -0.720, 0.431, 0.431, 0.331)      0      0 -1220.45396     1   5.000   -1.000 lightdock_14.pdb      0 -812.232
  148     20      (19.344, -7.058, 4.361, -0.201, -0.325, -0.194, -0.904)      0      0 -1222.94112     1   5.000   -1.000 lightdock_20.pdb      0 -812.397
    1     15         (8.768, 6.030, -13.568, 0.839, -0.241, 0.319, 0.369)      0      0 -1219.11530     0   5.000   -1.000 lightdock_15.pdb      0 -812.401
    1      8         (8.790, 5.816, -13.979, 0.839, -0.241, 0.319, 0.369)      0      0 -1223.07087     2   5.000   -1.000  lightdock_8.pdb      0 -812.433
    6     11       (-17.784, -3.979, 8.705, -0.246, 0.687, -0.237, 0.641)      0      0 -1215.59300     3   5.000   -1.000 lightdock_11.pdb      0 -812.458
  182      9       (13.451, 5.042, 14.461, -0.445, -0.194, -0.043, 0.873)      0      0 -1215.41037     2   5.000   -1.000  lightdock_9.pdb      0 -812.573
  147     20        (12.835, -2.180, 13.710, -0.608, 0.559, 0.454, 0.333)      0      0 -1224.72327     0   5.000   -1.000 lightdock_20.pdb      0 -813.032
  134      4        (-5.518, 9.433, -19.980, 0.369, 0.377, -0.820, 0.220)      0      0 -1225.18349     4   5.000   -1.000  lightdock_4.pdb      0 -813.111
  141      0        (5.098, -15.548, -0.433, -0.720, 0.431, 0.431, 0.331)      0      0 -1220.04015     0   5.000   -1.000  lightdock_0.pdb      0 -813.360
   56     11        (10.077, 6.388, 11.978, 0.341, -0.309, -0.723, 0.515)      0      0 -1220.19719     0   5.000   -1.000 lightdock_11.pdb      0 -813.465
  124     18       (-1.070, 19.218, 14.086, -0.909, 0.219, -0.354, 0.038)      0      0 -1220.70232     1   5.000   -1.000 lightdock_18.pdb      0 -813.630
  148     24      (19.030, -6.952, 4.657, -0.201, -0.325, -0.194, -0.904)      0      0 -1220.46644     0   5.000   -1.000 lightdock_24.pdb      0 -813.644
   56      3        (10.013, 6.348, 12.043, 0.341, -0.309, -0.723, 0.515)      0      0 -1221.08534     1   5.000   -1.000  lightdock_3.pdb      0 -813.814
   28     14       (12.345, 4.528, 10.672, -0.602, -0.081, -0.747, 0.272)      0      0 -1222.52248     1   5.000   -1.000 lightdock_14.pdb      0 -813.820
   28      5       (12.520, 4.079, 10.609, -0.602, -0.081, -0.747, 0.272)      0      0 -1220.94995     0   5.000   -1.000  lightdock_5.pdb      0 -813.967
  198     20       (-1.723, 15.744, 15.409, -0.875, -0.114, 0.075, 0.464)      0      0 -1221.24911     0   5.000   -1.000 lightdock_20.pdb      0 -814.166
  134     23        (-5.541, 9.811, -19.872, 0.369, 0.377, -0.820, 0.220)      0      0 -1227.84547     5   5.000   -1.000 lightdock_23.pdb      0 -814.531
  141     11        (4.991, -15.462, -0.335, -0.720, 0.431, 0.431, 0.331)      0      0 -1222.03296     3   5.000   -1.000 lightdock_11.pdb      0 -814.536
  163     10       (-7.319, 17.767, -8.193, -0.423, -0.410, 0.739, 0.326)      0      0 -1220.75673     3   5.000   -1.000 lightdock_10.pdb      0 -814.620
  198     17       (-2.073, 16.004, 15.356, -0.875, -0.114, 0.075, 0.464)      0      0 -1224.43731     1   5.000   -1.000 lightdock_17.pdb      0 -814.756
  113      1       (-3.079, 3.614, 16.862, 0.069, -0.964, -0.029, -0.254)      0      0 -1222.24126     0   5.000   -1.000  lightdock_1.pdb      0 -814.828
   56     19        (10.290, 6.522, 11.761, 0.341, -0.309, -0.723, 0.515)      0      0 -1221.65430     2   5.000   -1.000 lightdock_19.pdb      0 -814.836
   72      0         (1.112, 0.871, 23.804, 0.168, 0.376, -0.260, -0.873)      0      0 -1222.43653     0   5.000   -1.000  lightdock_0.pdb      0 -814.956
    8     23         (1.861, 6.168, -16.726, 0.784, 0.288, 0.031, -0.549)      0      0 -1222.59229     0   5.000   -1.000 lightdock_23.pdb      0 -814.993
   72     14         (1.432, 0.950, 23.826, 0.168, 0.376, -0.260, -0.873)      0      0 -1223.74507     3   4.680   -1.000 lightdock_14.pdb      0 -815.004
   87     21       (13.316, -7.885, -6.921, 0.862, -0.466, 0.188, -0.066)      0      0 -1219.42714     3   5.000   -1.000 lightdock_21.pdb      0 -815.010
   87      7       (13.256, -7.899, -7.041, 0.862, -0.466, 0.188, -0.066)      0      0 -1217.99535     2   5.000   -1.000  lightdock_7.pdb      0 -815.042
   72     12         (0.829, 0.803, 23.801, 0.168, 0.376, -0.260, -0.873)      0      0 -1222.97339     2   5.000   -1.000 lightdock_12.pdb      0 -815.057
  124     14       (-0.912, 18.782, 14.104, -0.909, 0.219, -0.354, 0.038)      0      0 -1221.58978     2   5.000   -1.000 lightdock_14.pdb      0 -815.127
   72     19         (0.892, 0.818, 23.804, 0.168, 0.376, -0.260, -0.873)      0      0 -1224.19599     4   4.920   -1.000 lightdock_19.pdb      0 -815.342
   72     13         (1.366, 0.931, 23.806, 0.168, 0.376, -0.260, -0.873)      0      0 -1222.94165     1   5.000   -1.000 lightdock_13.pdb      0 -815.352
  163      4       (-7.329, 17.780, -8.201, -0.423, -0.410, 0.739, 0.326)      0      0 -1221.22342     4   5.000   -1.000  lightdock_4.pdb      0 -815.375
  113      7       (-3.058, 3.704, 16.967, 0.069, -0.964, -0.029, -0.254)      0      0 -1223.72365     2   5.000   -1.000  lightdock_7.pdb      0 -815.540
    8     20         (1.693, 6.197, -16.749, 0.784, 0.288, 0.031, -0.549)      0      0 -1224.53582     2   5.000   -1.000 lightdock_20.pdb      0 -815.594
  141      8        (4.916, -15.395, -0.645, -0.720, 0.431, 0.431, 0.331)      0      0 -1221.86606     2   5.000   -1.000  lightdock_8.pdb      0 -815.685
    6     13      (-14.245, -7.779, 5.817, -0.907, -0.015, 0.233, -0.351)      0      0 -1223.68620     0   5.000   -1.000 lightdock_13.pdb      0 -815.791
    8      4         (2.228, 6.104, -16.678, 0.784, 0.288, 0.031, -0.549)      0      0 -1223.83029     1   5.000   -1.000  lightdock_4.pdb      0 -815.962
  113      8       (-3.143, 3.347, 16.548, 0.069, -0.964, -0.029, -0.254)      0      0 -1223.54459     1   5.000   -1.000  lightdock_8.pdb      0 -816.115
   56     13      (14.783, 5.421, 14.141, -0.468, -0.102, -0.713, -0.513)      0      0 -1224.35964     0   5.000   -1.000 lightdock_13.pdb      0 -816.154
  218     11     (-1.544, -17.493, -1.588, -0.641, -0.170, 0.647, -0.376)      0      0 -1224.92808     0   5.000   -1.000 lightdock_11.pdb      0 -816.525
   72     17         (1.288, 0.792, 23.976, 0.168, 0.376, -0.260, -0.873)      0      0 -1225.43136     6   4.040   -1.000 lightdock_17.pdb      0 -816.773
    8      9         (2.172, 6.115, -16.683, 0.784, 0.288, 0.031, -0.549)      0      0 -1224.62529     3   5.000   -1.000  lightdock_9.pdb      0 -816.806
   56     18      (14.783, 5.421, 14.141, -0.468, -0.102, -0.713, -0.513)      0      0 -1225.02496     1   5.000   -1.000 lightdock_18.pdb      0 -816.854
   56      8      (14.872, 5.711, 14.136, -0.468, -0.102, -0.713, -0.513)      0      0 -1226.50562     2   5.000   -1.000  lightdock_8.pdb      0 -816.968
   72     23         (1.027, 0.851, 23.806, 0.168, 0.376, -0.260, -0.873)      0      0 -1224.46116     5   3.000   -1.000 lightdock_23.pdb      0 -817.075
   56     21      (14.855, 5.657, 14.137, -0.468, -0.102, -0.713, -0.513)      0      0 -1227.24945     3   5.000   -1.000 lightdock_21.pdb      0 -817.362
  218      4     (-1.175, -17.521, -1.175, -0.641, -0.170, 0.647, -0.376)      0      0 -1230.17552     3   5.000   -1.000  lightdock_4.pdb      0 -817.395
    1     16         (8.712, 6.061, -13.413, 0.839, -0.241, 0.319, 0.369)      0      0 -1224.06645     3   5.000   -1.000 lightdock_16.pdb      0 -817.591
   90     18      (2.683, -8.878, -13.067, -0.750, 0.471, -0.441, -0.143)      0      0 -1230.67193     1   5.000   -1.000 lightdock_18.pdb      0 -818.018
  147     10        (12.835, -2.179, 13.709, -0.608, 0.559, 0.454, 0.333)      0      0 -1227.04472     1   5.000   -1.000 lightdock_10.pdb      0 -818.030
   40     20          (9.267, 19.045, 8.709, 0.036, -0.192, 0.744, 0.639)      0      0 -1227.35138     0   5.000   -1.000 lightdock_20.pdb      0 -818.234
  147      1        (13.036, -2.206, 13.883, -0.608, 0.559, 0.454, 0.333)      0      0 -1231.73765     3   5.000   -1.000  lightdock_1.pdb      0 -818.472
   27     14      (-12.306, 16.845, -6.085, 0.784, 0.059, -0.583, -0.205)      0      0 -1228.70977     0   5.000   -1.000 lightdock_14.pdb      0 -819.140
   27     21      (-12.313, 16.836, -6.093, 0.784, 0.059, -0.583, -0.205)      0      0 -1229.19026     1   5.000   -1.000 lightdock_21.pdb      0 -819.386
   40     23          (9.294, 19.445, 8.741, 0.036, -0.192, 0.744, 0.639)      0      0 -1229.54804     2   5.000   -1.000 lightdock_23.pdb      0 -819.493
   56     10      (14.717, 5.209, 14.145, -0.468, -0.102, -0.713, -0.513)      0      0 -1228.39821     4   5.000   -1.000 lightdock_10.pdb      0 -819.616
   40     19          (9.294, 19.447, 8.741, 0.036, -0.192, 0.744, 0.639)      0      0 -1229.90385     3   5.000   -1.000 lightdock_19.pdb      0 -819.672
   80      4       (1.356, -5.501, -12.629, -0.107, -0.389, 0.338, 0.850)      0      0 -1230.61960     0   5.000   -1.000  lightdock_4.pdb      0 -819.753
   40     22          (9.266, 19.033, 8.708, 0.036, -0.192, 0.744, 0.639)      0      0 -1229.08945     1   5.000   -1.000 lightdock_22.pdb      0 -819.889
   72      7         (1.303, 0.916, 23.805, 0.168, 0.376, -0.260, -0.873)      0      0 -1226.68661     7   4.760   -1.000  lightdock_7.pdb      0 -820.046
   90     16      (2.752, -8.586, -13.089, -0.750, 0.471, -0.441, -0.143)      0      0 -1230.13093     0   5.000   -1.000 lightdock_16.pdb      0 -820.076
  218     17     (-1.588, -17.453, -1.647, -0.641, -0.170, 0.647, -0.376)      0      0 -1229.45804     1   5.000   -1.000 lightdock_17.pdb      0 -820.237
   90      0      (2.959, -8.100, -13.192, -0.750, 0.471, -0.441, -0.143)      0      0 -1233.17475     4   5.000   -1.000  lightdock_0.pdb      0 -820.302
  114     23       (10.787, -12.161, -5.019, 0.066, -0.579, 0.544, 0.604)      0      0 -1230.69959     0   5.000   -1.000 lightdock_23.pdb      0 -820.466
  110      9         (-1.476, 6.279, 15.772, -0.256, 0.871, 0.342, 0.242)      0      0 -1235.11864     1   5.000   -1.000  lightdock_9.pdb      0 -820.548
  147     13        (12.760, -2.559, 13.808, -0.608, 0.559, 0.454, 0.333)      0      0 -1229.57656     2   5.000   -1.000 lightdock_13.pdb      0 -820.666
    9      9     (-11.430, -8.083, -11.322, -0.654, 0.205, 0.604, -0.406)      0      0 -1231.17313     0   5.000   -1.000  lightdock_9.pdb      0 -820.782
    9     22     (-11.757, -8.010, -11.005, -0.654, 0.205, 0.604, -0.406)      0      0 -1232.60216     1   5.000   -1.000 lightdock_22.pdb      0 -820.810
   31     18         (-2.055, 1.104, 16.844, 0.053, 0.229, -0.972, 0.012)      0      0 -1231.31338     0   5.000   -1.000 lightdock_18.pdb      0 -820.876
    9      0     (-11.484, -8.080, -11.226, -0.654, 0.205, 0.604, -0.406)      0      0 -1233.11931     4   3.240   -1.000  lightdock_0.pdb      0 -820.879
    9     14     (-11.699, -8.030, -11.074, -0.654, 0.205, 0.604, -0.406)      0      0 -1232.77571     3   5.000   -1.000 lightdock_14.pdb      0 -820.961
   90     15      (2.723, -8.630, -13.072, -0.750, 0.471, -0.441, -0.143)      0      0 -1231.27362     2   5.000   -1.000 lightdock_15.pdb      0 -821.022
  218     10     (-1.559, -17.491, -1.605, -0.641, -0.170, 0.647, -0.376)      0      0 -1229.47658     2   5.000   -1.000 lightdock_10.pdb      0 -821.186
  130      1         (19.196, -6.104, 5.832, -0.815, 0.531, 0.143, 0.182)      0      0 -1233.85281     1   5.000   -1.000  lightdock_1.pdb      0 -821.368
    1     24         (8.468, 5.512, -13.932, 0.839, -0.241, 0.319, 0.369)      0      0 -1233.63080     4   5.000   -1.000 lightdock_24.pdb      0 -821.621
    9      7     (-11.516, -8.065, -11.241, -0.654, 0.205, 0.604, -0.406)      0      0 -1232.68788     2   5.000   -1.000  lightdock_7.pdb      0 -821.752
  148     18      (19.012, -6.945, 4.672, -0.201, -0.325, -0.194, -0.904)      0      0 -1227.78191     2   5.000   -1.000 lightdock_18.pdb      0 -821.757
  218      7     (-1.388, -17.114, -1.628, -0.641, -0.170, 0.647, -0.376)      0      0 -1231.53793     5   5.000   -1.000  lightdock_7.pdb      0 -821.799
   90     23      (2.807, -8.424, -13.113, -0.750, 0.471, -0.441, -0.143)      0      0 -1233.33593     5   5.000   -1.000 lightdock_23.pdb      0 -821.804
   90      2      (2.944, -8.293, -13.200, -0.750, 0.471, -0.441, -0.143)      0      0 -1233.09678     3   5.000   -1.000  lightdock_2.pdb      0 -822.013
  114     22       (11.149, -12.277, -5.302, 0.066, -0.579, 0.544, 0.604)      0      0 -1233.10703     1   5.000   -1.000 lightdock_22.pdb      0 -822.253
  218     12     (-1.579, -17.582, -1.578, -0.641, -0.170, 0.647, -0.376)      0      0 -1231.33054     4   4.040   -1.000 lightdock_12.pdb      0 -822.279
  110     13         (-1.360, 6.580, 15.795, -0.256, 0.871, 0.342, 0.242)      0      0 -1233.49271     0   5.000   -1.000 lightdock_13.pdb      0 -822.326
  130      8         (19.336, -6.430, 5.949, -0.815, 0.531, 0.143, 0.182)      0      0 -1233.53814     0   5.000   -1.000  lightdock_8.pdb      0 -822.359
    9      6     (-11.252, -8.092, -11.642, -0.654, 0.205, 0.604, -0.406)      0      0 -1233.64498     5   5.000   -1.000  lightdock_6.pdb      0 -822.761
  207      8         (19.554, 4.956, 0.332, 0.326, -0.208, 0.817, -0.429)      0      0 -1234.27443     0   5.000   -1.000  lightdock_8.pdb      0 -822.775
  207     22         (19.731, 4.742, 0.423, 0.326, -0.208, 0.817, -0.429)      0      0 -1235.31893     1   5.000   -1.000 lightdock_22.pdb      0 -822.833
  189      8      (-2.673, 15.422, 12.334, -0.175, 0.468, -0.674, -0.544)      0      0 -1236.75897     1   4.920   -1.000  lightdock_8.pdb      0 -822.984
    9     21     (-11.208, -7.896, -12.018, -0.654, 0.205, 0.604, -0.406)      0      0 -1235.17841     7   3.480   -1.000 lightdock_21.pdb      0 -823.115
   87     23       (9.634, -13.209, -10.237, 0.721, -0.619, 0.305, 0.063)      0      0 -1234.71484     0   5.000   -1.000 lightdock_23.pdb      0 -823.134
   80     14       (0.941, -6.695, -11.771, -0.106, -0.388, 0.340, 0.850)      0      0 -1237.93111     3   5.000   -1.000 lightdock_14.pdb      0 -823.250
   87      3      (10.140, -12.575, -9.885, 0.804, -0.542, 0.245, -0.006)      0      0 -1236.57880     3   5.000   -1.000  lightdock_3.pdb      0 -823.402
  208     10      (7.254, -18.969, 10.557, 0.627, -0.540, -0.012, -0.561)      0      0 -1238.61553     1   5.000   -1.000 lightdock_10.pdb      0 -823.452
  207     12         (19.401, 5.137, 0.258, 0.326, -0.208, 0.817, -0.429)      0      0 -1235.32798     2   5.000   -1.000 lightdock_12.pdb      0 -823.651
    9     17     (-11.258, -8.118, -11.482, -0.654, 0.205, 0.604, -0.406)      0      0 -1234.46323     6   4.920   -1.000 lightdock_17.pdb      0 -823.665
   81      2       (18.002, -2.197, -5.023, 0.217, -0.091, 0.807, -0.541)      0      0 -1235.55744     0   5.000   -1.000  lightdock_2.pdb      0 -823.705
  189      5      (-2.551, 15.521, 12.303, -0.175, 0.468, -0.674, -0.544)      0      0 -1235.88866     0   5.000   -1.000  lightdock_5.pdb      0 -823.917
  147     22        (12.842, -2.535, 13.858, -0.608, 0.559, 0.454, 0.333)      0      0 -1242.03885     4   5.000   -1.000 lightdock_22.pdb      0 -823.986
  110     15         (-1.410, 6.522, 15.795, -0.256, 0.871, 0.342, 0.242)      0      0 -1235.87899     2   5.000   -1.000 lightdock_15.pdb      0 -824.036
   95     20    (-7.798, -0.782, -13.804, -0.085, -0.222, -0.150, -0.960)      0      0 -1236.05447     0   5.000   -1.000 lightdock_20.pdb      0 -824.036
  189     10      (-2.545, 15.575, 12.358, -0.175, 0.468, -0.674, -0.544)      0      0 -1237.11242     3   5.000   -1.000 lightdock_10.pdb      0 -824.163
  189     22      (-2.547, 15.524, 12.302, -0.175, 0.468, -0.674, -0.544)      0      0 -1236.84699     2   5.000   -1.000 lightdock_22.pdb      0 -824.367
   80     16       (0.967, -6.592, -11.769, -0.106, -0.388, 0.340, 0.850)      0      0 -1236.39753     1   5.000   -1.000 lightdock_16.pdb      0 -824.386
  207      2         (19.413, 5.097, 0.305, 0.326, -0.208, 0.817, -0.429)      0      0 -1236.50552     3   5.000   -1.000  lightdock_2.pdb      0 -824.921
  208     21      (7.204, -18.524, 10.342, 0.627, -0.540, -0.012, -0.561)      0      0 -1239.10297     2   5.000   -1.000 lightdock_21.pdb      0 -824.940
   87     13       (9.980, -13.057, -10.136, 0.724, -0.616, 0.304, 0.061)      0      0 -1237.38377     2   5.000   -1.000 lightdock_13.pdb      0 -825.056
  208      9      (7.282, -19.218, 10.678, 0.627, -0.540, -0.012, -0.561)      0      0 -1237.64208     0   5.000   -1.000  lightdock_9.pdb      0 -825.092
  149     12       (4.744, -4.510, -18.804, -0.241, 0.197, 0.895, -0.319)      0      0 -1240.53964     1   5.000   -1.000 lightdock_12.pdb      0 -825.094
  130      6         (19.249, -6.229, 5.878, -0.815, 0.531, 0.143, 0.182)      0      0 -1237.63758     3   5.000   -1.000  lightdock_6.pdb      0 -825.216
  149      3       (4.684, -4.193, -18.542, -0.241, 0.197, 0.895, -0.319)      0      0 -1237.92324     0   5.000   -1.000  lightdock_3.pdb      0 -825.282
   80     23       (0.998, -6.612, -11.772, -0.106, -0.388, 0.339, 0.850)      0      0 -1236.81351     2   5.000   -1.000 lightdock_23.pdb      0 -825.294
  189     12      (-2.843, 15.285, 12.377, -0.175, 0.468, -0.674, -0.544)      0      0 -1238.42639     6   4.760   -1.000 lightdock_12.pdb      0 -825.302
   38      0         (6.342, 23.000, -4.885, -0.653, 0.388, 0.281, 0.587)      0      0 -1242.10943     4   5.000   -1.000  lightdock_0.pdb      0 -825.337
  130      2         (19.370, -6.509, 5.977, -0.815, 0.531, 0.143, 0.182)      0      0 -1235.96153     2   5.000   -1.000  lightdock_2.pdb      0 -825.340
  138      1       (-3.939, 4.874, -15.698, 0.344, 0.443, -0.749, -0.352)      0      0 -1238.14535     0   5.000   -1.000  lightdock_1.pdb      0 -825.430
  189     11      (-2.837, 15.290, 12.376, -0.175, 0.468, -0.674, -0.544)      0      0 -1238.07768     5   5.000   -1.000 lightdock_11.pdb      0 -825.557
  137      2       (-17.548, 12.172, 7.862, 0.190, -0.121, -0.947, 0.230)      0      0 -1238.56450     0   5.000   -1.000  lightdock_2.pdb      0 -825.710
   38      4         (6.132, 23.260, -5.301, -0.653, 0.388, 0.281, 0.587)      0      0 -1241.35992     2   3.800   -1.000  lightdock_4.pdb      0 -825.721
  124      3         (-1.865, 15.960, 9.721, 0.734, 0.032, 0.014, -0.678)      0      0 -1238.66618     0   5.000   -1.000  lightdock_3.pdb      0 -825.777
  189      2      (-2.299, 15.724, 12.240, -0.175, 0.468, -0.674, -0.544)      0      0 -1237.32474     4   5.000   -1.000  lightdock_2.pdb      0 -825.895
   38     18         (6.318, 23.038, -4.938, -0.653, 0.388, 0.281, 0.587)      0      0 -1240.24378     0   5.000   -1.000 lightdock_18.pdb      0 -825.896
   38      1         (6.463, 22.627, -5.098, -0.653, 0.388, 0.281, 0.587)      0      0 -1241.18901     1   5.000   -1.000  lightdock_1.pdb      0 -825.912
  218     13     (-1.505, -17.511, -1.537, -0.641, -0.170, 0.647, -0.376)      0      0 -1235.04195     6   4.600   -1.000 lightdock_13.pdb      0 -825.954
  185      6         (3.271, 10.986, 16.455, 0.242, 0.851, -0.370, 0.284)      0      0 -1241.95707     1   5.000   -1.000  lightdock_6.pdb      0 -825.988
  167     15      (13.693, -5.132, 17.048, -0.310, -0.345, -0.262, 0.847)      0      0 -1250.73541     3   5.000   -1.000 lightdock_15.pdb      0 -826.182
   38     21         (6.263, 23.207, -5.646, -0.653, 0.388, 0.281, 0.587)      0      0 -1246.78840     7   3.880   -1.000 lightdock_21.pdb      0 -826.361
  208     16      (7.233, -18.788, 10.469, 0.627, -0.540, -0.012, -0.561)      0      0 -1239.67262     3   5.000   -1.000 lightdock_16.pdb      0 -826.415
   38      9         (6.374, 22.994, -4.792, -0.653, 0.388, 0.281, 0.587)      0      0 -1242.01422     3   5.000   -1.000  lightdock_9.pdb      0 -826.502
  185     10        (-1.154, 3.814, 23.164, -0.433, -0.424, 0.117, 0.787)      0      0 -1240.85808     2   5.000   -1.000 lightdock_10.pdb      0 -826.640
  167     11      (10.901, -2.609, 15.039, -0.268, -0.384, -0.263, 0.843)      0      0 -1240.12208     0   5.000   -1.000 lightdock_11.pdb      0 -826.748
  206      8      (16.090, -8.494, -2.887, 0.061, -0.528, -0.133, -0.837)      0      0 -1252.96256     0   5.000   -1.000  lightdock_8.pdb      0 -826.788
  138     13       (-5.270, -2.072, -14.522, -0.539, 0.722, 0.427, 0.079)      0      0 -1240.18848     0   5.000   -1.000 lightdock_13.pdb      0 -826.792
  141     20        (7.306, -14.031, 0.398, -0.330, -0.127, 0.716, 0.602)      0      0 -1240.22884     0   5.000   -1.000 lightdock_20.pdb      0 -826.819
  185     20        (-1.263, 4.095, 23.070, -0.433, -0.424, 0.117, 0.787)      0      0 -1240.50005     0   5.000   -1.000 lightdock_20.pdb      0 -827.000
  149     11       (4.695, -4.236, -18.578, -0.241, 0.197, 0.895, -0.319)      0      0 -1240.88832     3   5.000   -1.000 lightdock_11.pdb      0 -827.046
  208     20      (7.241, -19.338, 10.525, 0.627, -0.540, -0.012, -0.561)      0      0 -1240.65044     5   5.000   -1.000 lightdock_20.pdb      0 -827.170
  185     15        (-1.422, 4.505, 22.934, -0.433, -0.424, 0.117, 0.787)      0      0 -1240.72011     1   5.000   -1.000 lightdock_15.pdb      0 -827.227
  185     13         (3.315, 10.977, 16.177, 0.242, 0.851, -0.370, 0.284)      0      0 -1240.96747     0   5.000   -1.000 lightdock_13.pdb      0 -827.312
  108     10        (0.561, -22.026, 1.059, 0.498, -0.582, 0.294, -0.572)      0      0 -1240.98648     0   5.000   -1.000 lightdock_10.pdb      0 -827.324
  208     14      (7.269, -19.028, 10.619, 0.627, -0.540, -0.012, -0.561)      0      0 -1239.92595     4   5.000   -1.000 lightdock_14.pdb      0 -827.441
  137     21       (-17.658, 12.121, 7.892, 0.190, -0.121, -0.947, 0.230)      0      0 -1241.19232     1   5.000   -1.000 lightdock_21.pdb      0 -827.505
  138     21       (-3.662, 5.071, -15.863, 0.344, 0.444, -0.749, -0.352)      0      0 -1243.12971     1   5.000   -1.000 lightdock_21.pdb      0 -827.534
  149      6       (4.605, -4.131, -18.480, -0.241, 0.197, 0.895, -0.319)      0      0 -1240.66742     2   5.000   -1.000  lightdock_6.pdb      0 -827.599
  166      8       (-8.234, -1.850, -11.298, 0.648, 0.462, -0.605, 0.020)      0      0 -1241.52636     0   5.000   -1.000  lightdock_8.pdb      0 -827.684
  128      5      (-7.504, 18.023, -9.328, -0.053, -0.009, 0.396, -0.916)      0      0 -1241.64476     0   5.000   -1.000  lightdock_5.pdb      0 -827.763
  137      4       (-17.274, 12.301, 7.784, 0.190, -0.121, -0.947, 0.230)      0      0 -1241.70353     2   5.000   -1.000  lightdock_4.pdb      0 -827.786
   38     10         (6.168, 23.278, -5.269, -0.653, 0.388, 0.281, 0.587)      0      0 -1246.72124     6   2.280   -1.000 lightdock_10.pdb      0 -827.942
   80      7       (1.095, -6.181, -12.018, -0.106, -0.388, 0.339, 0.850)      0      0 -1238.51173     4   5.000   -1.000  lightdock_7.pdb      0 -828.106
   38      6         (6.294, 23.085, -4.953, -0.653, 0.388, 0.281, 0.587)      0      0 -1243.75588     5   5.000   -1.000  lightdock_6.pdb      0 -828.140
  137      5       (-17.374, 12.253, 7.814, 0.190, -0.121, -0.947, 0.230)      0      0 -1241.95044     3   5.000   -1.000  lightdock_5.pdb      0 -828.150
   85      2       (-17.778, 2.363, 5.393, -0.364, -0.127, -0.920, 0.067)      0      0 -1244.45678     1   5.000   -1.000  lightdock_2.pdb      0 -828.161
  106     11      (11.510, -17.821, -0.697, -0.816, -0.209, 0.035, 0.538)      0      0 -1243.57560     1   5.000   -1.000 lightdock_11.pdb      0 -828.568
  138     11       (-5.240, -2.061, -14.508, -0.539, 0.722, 0.427, 0.079)      0      0 -1242.21308     1   5.000   -1.000 lightdock_11.pdb      0 -828.632
   80     19       (0.962, -6.293, -11.478, -0.105, -0.387, 0.341, 0.850)      0      0 -1239.14130     5   5.000   -1.000 lightdock_19.pdb      0 -828.658
   85     20       (-17.991, 2.053, 5.141, -0.364, -0.127, -0.920, 0.067)      0      0 -1243.02898     0   5.000   -1.000 lightdock_20.pdb      0 -828.684
  106     20      (11.547, -17.921, -0.803, -0.816, -0.209, 0.035, 0.538)      0      0 -1243.07597     0   5.000   -1.000 lightdock_20.pdb      0 -828.717
  162      3        (8.614, 12.011, 12.435, 0.359, -0.300, -0.840, 0.273)      0      0 -1243.22093     0   5.000   -1.000  lightdock_3.pdb      0 -828.814
   80      0       (1.153, -6.131, -12.174, -0.107, -0.389, 0.338, 0.850)      0      0 -1240.07496     6   4.920   -1.000  lightdock_0.pdb      0 -828.979
  127      4       (-12.453, 20.850, 1.405, -0.723, -0.259, 0.563, 0.305)      0      0 -1243.68651     0   5.000   -1.000  lightdock_4.pdb      0 -829.124
  109     24         (-0.594, 8.866, 15.001, 0.121, 0.920, -0.347, 0.134)      0      0 -1257.63967     0   5.000   -1.000 lightdock_24.pdb      0 -829.133
  138      9       (-4.343, 12.024, -15.098, -0.571, 0.408, 0.683, 0.203)      0      0 -1243.70994     0   5.000   -1.000  lightdock_9.pdb      0 -829.140
  206     20      (16.104, -8.467, -3.252, 0.061, -0.519, -0.200, -0.829)      0      0 -1257.33518     2   5.000   -1.000 lightdock_20.pdb      0 -829.605
   85     16       (-18.207, 1.718, 4.884, -0.364, -0.127, -0.920, 0.067)      0      0 -1244.83298     2   5.000   -1.000 lightdock_16.pdb      0 -829.694
  206      1      (15.970, -8.396, -3.219, 0.061, -0.523, -0.167, -0.833)      0      0 -1256.64618     1   5.000   -1.000  lightdock_1.pdb      0 -829.783
   96     14       (-19.351, -8.457, 2.718, -0.034, -0.926, 0.137, 0.349)      0      0 -1244.95120     0   5.000   -1.000 lightdock_14.pdb      0 -829.967
   63     22       (-2.708, 19.649, -10.594, 0.440, 0.174, -0.240, 0.848)      0      0 -1245.05876     0   5.000   -1.000 lightdock_22.pdb      0 -830.039
  127     10       (-12.475, 20.779, 1.555, -0.723, -0.259, 0.563, 0.305)      0      0 -1245.28376     1   5.000   -1.000 lightdock_10.pdb      0 -830.257
  131      3      (0.467, 12.514, -16.994, 0.522, -0.310, -0.739, -0.292)      0      0 -1245.41564     0   5.000   -1.000  lightdock_3.pdb      0 -830.277
  131      8      (-5.243, 10.766, -21.452, 0.589, -0.049, -0.806, 0.004)      0      0 -1245.53130     0   5.000   -1.000  lightdock_8.pdb      0 -830.354
   85      9       (-17.965, 2.095, 5.172, -0.364, -0.127, -0.920, 0.067)      0      0 -1245.50361     3   5.000   -1.000  lightdock_9.pdb      0 -830.420
  128     14      (-7.561, 17.937, -9.343, -0.053, -0.009, 0.396, -0.917)      0      0 -1244.23059     1   5.000   -1.000 lightdock_14.pdb      0 -830.453
  162      0        (8.599, 12.062, 12.551, 0.359, -0.300, -0.840, 0.273)      0      0 -1244.70341     1   5.000   -1.000  lightdock_0.pdb      0 -830.463
  156     13       (16.636, -3.596, 1.968, -0.619, 0.663, -0.106, -0.407)      0      0 -1245.82954     0   5.000   -1.000 lightdock_13.pdb      0 -830.510
  162     17        (8.603, 12.052, 12.530, 0.359, -0.300, -0.840, 0.273)      0      0 -1245.17132     2   5.000   -1.000 lightdock_17.pdb      0 -830.531
  127     13       (-12.437, 20.902, 1.294, -0.723, -0.259, 0.563, 0.305)      0      0 -1245.71657     2   5.000   -1.000 lightdock_13.pdb      0 -830.558
   37     21        (-22.872, 9.076, 6.663, -0.924, 0.260, 0.079, -0.270)      0      0 -1245.87360     0   5.000   -1.000 lightdock_21.pdb      0 -830.579
  106     16      (11.620, -18.126, -1.022, -0.816, -0.209, 0.035, 0.538)      0      0 -1244.50934     2   5.000   -1.000 lightdock_16.pdb      0 -830.645
  206      4      (16.004, -8.407, -3.195, 0.061, -0.523, -0.167, -0.833)      0      0 -1257.74437     3   5.000   -1.000  lightdock_4.pdb      0 -830.689
   85     15       (-17.930, 2.145, 5.213, -0.364, -0.127, -0.920, 0.067)      0      0 -1247.37823     5   5.000   -1.000 lightdock_15.pdb      0 -830.739
  156      9       (16.300, -3.880, 2.144, -0.619, 0.663, -0.106, -0.407)      0      0 -1246.82063     1   5.000   -1.000  lightdock_9.pdb      0 -830.806
  166     24       (-8.293, -1.699, -11.321, 0.648, 0.462, -0.605, 0.020)      0      0 -1244.66805     1   5.000   -1.000 lightdock_24.pdb      0 -830.834
  127      8       (-12.425, 20.940, 1.214, -0.723, -0.259, 0.563, 0.305)      0      0 -1245.89341     3   5.000   -1.000  lightdock_8.pdb      0 -830.852
  167     17      (13.609, -5.017, 17.004, -0.305, -0.350, -0.262, 0.846)      0      0 -1246.87770     1   5.000   -1.000 lightdock_17.pdb      0 -830.917
  134      9       (-9.769, 15.745, -12.186, 0.273, 0.322, 0.875, -0.238)      0      0 -1246.49472     0   5.000   -1.000  lightdock_9.pdb      0 -830.958
  128     23      (-4.366, 19.310, -18.485, -0.444, -0.244, 0.862, 0.020)      0      0 -1247.91067     2   5.000   -1.000 lightdock_23.pdb      0 -830.968
   85     18       (-18.150, 1.770, 4.968, -0.364, -0.127, -0.920, 0.067)      0      0 -1247.01554     4   5.000   -1.000 lightdock_18.pdb      0 -830.999
   63      0       (-2.665, 19.291, -10.861, 0.440, 0.174, -0.240, 0.848)      0      0 -1248.91588     1   5.000   -1.000  lightdock_0.pdb      0 -831.010
   28     12         (16.257, 2.192, 13.388, 0.411, 0.890, -0.127, 0.151)      0      0 -1246.76766     0   5.000   -1.000 lightdock_12.pdb      0 -831.178
  128      9      (-4.038, 19.242, -18.265, -0.444, -0.244, 0.862, 0.020)      0      0 -1246.78503     0   5.000   -1.000  lightdock_9.pdb      0 -831.190
   37      3        (-22.668, 9.072, 7.091, -0.924, 0.260, 0.079, -0.270)      0      0 -1246.51743     1   5.000   -1.000  lightdock_3.pdb      0 -831.212
   37      8        (-22.939, 9.084, 6.434, -0.924, 0.260, 0.079, -0.269)      0      0 -1247.75824     2   5.000   -1.000  lightdock_8.pdb      0 -831.228
   96      4       (-19.572, -8.234, 2.581, -0.034, -0.926, 0.137, 0.349)      0      0 -1246.77531     1   5.000   -1.000  lightdock_4.pdb      0 -831.271
    8     14      (-3.274, 8.429, -11.757, 0.170, -0.771, -0.549, -0.275)      0      0 -1247.02018     0   5.000   -1.000 lightdock_14.pdb      0 -831.347
  166      9       (-8.082, -2.242, -11.237, 0.648, 0.462, -0.605, 0.020)      0      0 -1244.88024     2   5.000   -1.000  lightdock_9.pdb      0 -831.383
  174     24      (-2.161, -10.087, -10.945, 0.398, -0.040, 0.508, 0.763)      0      0 -1247.16818     0   5.000   -1.000 lightdock_24.pdb      0 -831.445
   28     20         (16.284, 1.904, 13.223, 0.411, 0.890, -0.127, 0.151)      0      0 -1247.66236     1   5.000   -1.000 lightdock_20.pdb      0 -831.473
   21     21       (-11.395, 13.845, 11.770, 0.689, -0.589, 0.356, 0.227)      0      0 -1248.79156     1   5.000   -1.000 lightdock_21.pdb      0 -831.531
   37     20        (-22.933, 9.081, 6.345, -0.924, 0.260, 0.079, -0.269)      0      0 -1248.10144     3   5.000   -1.000 lightdock_20.pdb      0 -831.541
  128     24      (-3.925, 19.218, -18.190, -0.444, -0.244, 0.862, 0.020)      0      0 -1248.13077     3   5.000   -1.000 lightdock_24.pdb      0 -831.546
   37     19        (-22.912, 9.072, 6.728, -0.924, 0.260, 0.079, -0.269)      0      0 -1248.43465     5   3.720   -1.000 lightdock_19.pdb      0 -831.559
  134      6       (-9.483, 15.887, -12.108, 0.273, 0.322, 0.875, -0.238)      0      0 -1249.28764     2   5.000   -1.000  lightdock_6.pdb      0 -831.587
  106      2      (11.545, -17.916, -0.798, -0.816, -0.209, 0.035, 0.538)      0      0 -1245.80850     3   5.000   -1.000  lightdock_2.pdb      0 -831.605
   21     22       (-11.240, 14.049, 11.549, 0.689, -0.589, 0.356, 0.227)      0      0 -1247.44989     0   5.000   -1.000 lightdock_22.pdb      0 -831.633
   68      9      (1.995, -20.511, -3.015, -0.368, -0.623, 0.046, -0.689)      0      0 -1250.04641     2   5.000   -1.000  lightdock_9.pdb      0 -831.678
  128      8      (-3.697, 19.171, -18.037, -0.444, -0.244, 0.862, 0.020)      0      0 -1247.56237     1   5.000   -1.000  lightdock_8.pdb      0 -831.701
   81     24       (18.008, -2.259, -5.007, 0.217, -0.091, 0.807, -0.541)      0      0 -1243.35469     1   5.000   -1.000 lightdock_24.pdb      0 -831.715
  124     22       (-9.753, 17.962, 14.394, -0.971, 0.119, -0.148, 0.143)      0      0 -1249.26200     1   5.000   -1.000 lightdock_22.pdb      0 -831.747
  156      2       (16.455, -3.746, 2.059, -0.619, 0.663, -0.106, -0.407)      0      0 -1247.60014     2   5.000   -1.000  lightdock_2.pdb      0 -832.169
   68     15      (2.216, -20.729, -2.696, -0.368, -0.623, 0.046, -0.689)      0      0 -1249.77640     1   5.000   -1.000 lightdock_15.pdb      0 -832.294
  140     10        (-6.707, 21.143, -4.714, 0.513, -0.729, 0.433, 0.134)      0      0 -1248.47347     0   5.000   -1.000 lightdock_10.pdb      0 -832.316
  126      9        (-2.952, 17.058, 7.643, 0.117, -0.332, -0.825, 0.442)      0      0 -1250.08624     1   5.000   -1.000  lightdock_9.pdb      0 -832.450
  124     16       (-9.469, 18.236, 14.576, -0.971, 0.119, -0.148, 0.143)      0      0 -1248.68088     0   5.000   -1.000 lightdock_16.pdb      0 -832.453
   96     12       (-19.136, -8.674, 2.852, -0.034, -0.926, 0.137, 0.349)      0      0 -1251.27786     2   5.000   -1.000 lightdock_12.pdb      0 -832.702
   56     20         (7.931, 9.504, 11.038, 0.689, -0.426, 0.181, -0.557)      0      0 -1249.16324     0   5.000   -1.000 lightdock_20.pdb      0 -832.775
  163      9        (1.089, 10.243, -18.113, 0.380, 0.307, 0.102, -0.867)      0      0 -1249.16660     0   5.000   -1.000  lightdock_9.pdb      0 -832.778
  126      6        (-3.044, 17.004, 8.077, 0.117, -0.332, -0.825, 0.442)      0      0 -1249.19936     0   5.000   -1.000  lightdock_6.pdb      0 -832.800
  114     11         (9.890, -14.319, -3.421, 0.105, 0.609, 0.741, 0.262)      0      0 -1249.36497     1   5.000   -1.000 lightdock_11.pdb      0 -832.845
  114     17         (9.865, -14.436, -3.190, 0.105, 0.609, 0.741, 0.262)      0      0 -1249.32309     0   5.000   -1.000 lightdock_17.pdb      0 -832.882
   78      0      (11.504, -0.444, -9.806, -0.381, -0.539, 0.295, -0.691)      0      0 -1249.41716     0   5.000   -1.000  lightdock_0.pdb      0 -832.943
   37      7        (-22.860, 9.076, 6.787, -0.924, 0.260, 0.079, -0.270)      0      0 -1248.20406     4   5.000   -1.000  lightdock_7.pdb      0 -832.981
  128      3      (-4.247, 19.288, -18.430, -0.444, -0.244, 0.862, 0.020)      0      0 -1248.90244     4   5.000   -1.000  lightdock_3.pdb      0 -833.010
   35     20       (-9.735, -16.106, 0.814, -0.555, 0.090, 0.791, -0.240)      0      0 -1249.58038     0   5.000   -1.000 lightdock_20.pdb      0 -833.054
   68      1      (1.994, -20.512, -3.016, -0.368, -0.623, 0.046, -0.689)      0      0 -1249.64854     0   5.000   -1.000  lightdock_1.pdb      0 -833.071
  101      5         (9.553, 19.700, 0.688, -0.225, 0.758, -0.198, 0.579)      0      0 -1252.40658     1   5.000   -1.000  lightdock_5.pdb      0 -833.090
  134      7       (-9.818, 15.721, -12.199, 0.273, 0.322, 0.875, -0.238)      0      0 -1248.41762     1   5.000   -1.000  lightdock_7.pdb      0 -833.224
   93     16          (1.167, 1.903, 21.311, 0.518, -0.173, 0.532, 0.647)      0      0 -1249.97456     0   5.000   -1.000 lightdock_16.pdb      0 -833.316
  167     19      (13.982, -5.352, 17.273, -0.350, -0.305, -0.259, 0.847)      0      0 -1253.46698     5   5.000   -1.000 lightdock_19.pdb      0 -833.317
   35     11       (-9.817, -16.158, 0.704, -0.555, 0.090, 0.791, -0.240)      0      0 -1251.29257     1   5.000   -1.000 lightdock_11.pdb      0 -833.381
  108      7      (2.297, -15.958, -0.084, 0.524, -0.222, -0.603, -0.559)      0      0 -1251.13343     1   5.000   -1.000  lightdock_7.pdb      0 -833.504
  134     15       (-9.653, 15.816, -12.206, 0.273, 0.322, 0.875, -0.238)      0      0 -1249.45343     4   5.000   -1.000 lightdock_15.pdb      0 -833.664
  108     18       (2.248, -15.966, 0.040, 0.524, -0.222, -0.603, -0.559)      0      0 -1250.51547     0   5.000   -1.000 lightdock_18.pdb      0 -833.677
  182     24        (16.793, 3.295, 13.150, 0.529, -0.577, -0.564, 0.262)      0      0 -1250.67572     0   5.000   -1.000 lightdock_24.pdb      0 -833.680
  134     24      (-10.075, 15.556, -12.135, 0.273, 0.322, 0.875, -0.238)      0      0 -1249.81087     5   4.520   -1.000 lightdock_24.pdb      0 -833.691
  101     20         (9.465, 19.548, 0.570, -0.225, 0.758, -0.198, 0.579)      0      0 -1252.58775     3   5.000   -1.000 lightdock_20.pdb      0 -833.739
  134     10       (-9.729, 15.760, -12.198, 0.273, 0.322, 0.875, -0.238)      0      0 -1249.35212     3   5.000   -1.000 lightdock_10.pdb      0 -833.819
   78     21      (11.863, -0.279, -9.986, -0.381, -0.539, 0.295, -0.691)      0      0 -1255.23089     1   5.000   -1.000 lightdock_21.pdb      0 -833.871
   74     19      (-13.179, 15.336, -9.711, 0.677, -0.731, -0.024, 0.077)      0      0 -1250.87321     0   5.000   -1.000 lightdock_19.pdb      0 -833.909
  128      4      (-4.264, 24.183, -12.589, 0.124, 0.425, -0.893, -0.081)      0      0 -1268.61800     7   3.880   -1.000  lightdock_4.pdb      0 -833.975
   68      3      (1.804, -20.223, -3.310, -0.368, -0.623, 0.046, -0.689)      0      0 -1251.39054     3   5.000   -1.000  lightdock_3.pdb      0 -833.992
  126     20        (-3.029, 17.013, 8.005, 0.117, -0.332, -0.825, 0.442)      0      0 -1251.13385     2   5.000   -1.000 lightdock_20.pdb      0 -834.039
   28     19         (16.254, 2.223, 13.405, 0.411, 0.890, -0.127, 0.151)      0      0 -1250.15891     2   5.000   -1.000 lightdock_19.pdb      0 -834.156
  215      7        (22.586, 14.080, 8.721, -0.571, 0.000, -0.814, 0.108)      0      0 -1254.74198     0   5.000   -1.000  lightdock_7.pdb      0 -834.171
  167     13      (13.047, -4.533, 16.628, -0.319, -0.336, -0.261, 0.847)      0      0 -1248.79439     2   4.760   -1.000 lightdock_13.pdb      0 -834.365
  182      2        (16.525, 3.441, 13.453, 0.529, -0.577, -0.564, 0.262)      0      0 -1252.81329     2   5.000   -1.000  lightdock_2.pdb      0 -834.475
  101      1         (9.605, 19.824, 0.774, -0.225, 0.758, -0.198, 0.579)      0      0 -1253.01245     4   5.000   -1.000  lightdock_1.pdb      0 -834.550
   37     14        (-22.871, 9.075, 6.770, -0.924, 0.260, 0.079, -0.270)      0      0 -1250.07588     7   4.040   -1.000 lightdock_14.pdb      0 -834.553
  108      2       (2.179, -15.977, 0.215, 0.524, -0.222, -0.603, -0.559)      0      0 -1251.99542     2   5.000   -1.000  lightdock_2.pdb      0 -834.570
  101     18         (9.631, 19.490, 0.627, -0.225, 0.758, -0.198, 0.579)      0      0 -1251.92715     0   5.000   -1.000 lightdock_18.pdb      0 -834.609
  134     20       (-9.654, 15.798, -12.472, 0.273, 0.322, 0.875, -0.238)      0      0 -1251.38152     6   4.680   -1.000 lightdock_20.pdb      0 -834.646
  126     18        (-1.917, 13.709, 13.475, 0.876, -0.345, 0.275, 0.197)      0      0 -1255.01219     2   5.000   -1.000 lightdock_18.pdb      0 -834.652
  160      1       (-9.937, -2.499, 12.952, 0.668, -0.533, -0.305, 0.420)      0      0 -1252.05261     0   5.000   -1.000  lightdock_1.pdb      0 -834.702
   37     23        (-22.782, 9.014, 6.343, -0.924, 0.260, 0.079, -0.269)      0      0 -1249.96814     6   4.920   -1.000 lightdock_23.pdb      0 -834.707
  126     10        (-2.199, 13.921, 13.210, 0.876, -0.345, 0.275, 0.197)      0      0 -1252.21536     0   5.000   -1.000 lightdock_10.pdb      0 -834.742
   68     23      (2.334, -20.779, -2.537, -0.368, -0.623, 0.046, -0.689)      0      0 -1252.16468     4   5.000   -1.000 lightdock_23.pdb      0 -834.868
  215     24        (22.548, 14.657, 8.812, -0.571, 0.000, -0.814, 0.108)      0      0 -1256.20591     2   5.000   -1.000 lightdock_24.pdb      0 -834.960
  217     19       (-6.169, 18.630, 2.966, -0.370, 0.536, -0.749, -0.121)      0      0 -1252.47042     0   5.000   -1.000 lightdock_19.pdb      0 -834.980
   44      3           (23.749, 9.049, 1.066, 0.383, 0.200, 0.888, 0.157)      0      0 -1252.48851     0   5.000   -1.000  lightdock_3.pdb      0 -834.992
  167      5      (13.925, -5.271, 17.216, -0.315, -0.340, -0.262, 0.847)      0      0 -1253.61556     6   4.920   -1.000  lightdock_5.pdb      0 -835.000
  108     17      (2.403, -15.942, -0.354, 0.524, -0.222, -0.603, -0.559)      0      0 -1252.73009     3   5.000   -1.000 lightdock_17.pdb      0 -835.040
   74     14      (-13.172, 15.335, -9.720, 0.677, -0.731, -0.024, 0.077)      0      0 -1252.02981     1   5.000   -1.000 lightdock_14.pdb      0 -835.042
   57     10        (5.247, 21.064, -8.922, 0.090, 0.098, -0.969, -0.210)      0      0 -1252.73370     0   5.000   -1.000 lightdock_10.pdb      0 -835.156
  101      7         (9.921, 19.365, 0.714, -0.225, 0.758, -0.198, 0.579)      0      0 -1252.58608     2   5.000   -1.000  lightdock_7.pdb      0 -835.247
   78      1      (11.822, -0.214, -9.922, -0.381, -0.539, 0.295, -0.691)      0      0 -1256.56425     2   5.000   -1.000  lightdock_1.pdb      0 -835.266
    8     13      (-3.483, 8.371, -11.739, 0.170, -0.771, -0.549, -0.275)      0      0 -1250.96376     1   5.000   -1.000 lightdock_13.pdb      0 -835.273
   74      9      (-13.296, 15.364, -9.562, 0.677, -0.731, -0.024, 0.077)      0      0 -1253.96765     2   5.000   -1.000  lightdock_9.pdb      0 -835.350
   17     21          (19.856, 7.576, 13.880, 0.514, 0.007, 0.837, 0.187)      0      0 -1253.38524     0   5.000   -1.000 lightdock_21.pdb      0 -835.590
  182     16        (16.845, 3.266, 13.091, 0.529, -0.577, -0.564, 0.262)      0      0 -1252.49738     1   5.000   -1.000 lightdock_16.pdb      0 -835.596
    5      8        (16.387, 13.440, -4.023, -0.097, 0.368, 0.347, 0.857)      0      0 -1256.29592     1   5.000   -1.000  lightdock_8.pdb      0 -835.653
   63     17       (-2.685, 19.454, -10.769, 0.440, 0.174, -0.240, 0.848)      0      0 -1252.96625     4   5.000   -1.000 lightdock_17.pdb      0 -835.752
  182     17        (16.847, 3.262, 13.086, 0.529, -0.577, -0.564, 0.262)      0      0 -1253.00793     3   5.000   -1.000 lightdock_17.pdb      0 -835.784
   63     15       (-2.707, 19.561, -10.677, 0.440, 0.174, -0.240, 0.848)      0      0 -1251.67881     3   5.000   -1.000 lightdock_15.pdb      0 -835.962
   63      2       (-2.711, 19.670, -10.579, 0.440, 0.174, -0.240, 0.848)      0      0 -1251.23524     2   5.000   -1.000  lightdock_2.pdb      0 -835.975
   44      1           (23.746, 9.051, 1.062, 0.383, 0.200, 0.888, 0.157)      0      0 -1253.43231     1   5.000   -1.000  lightdock_1.pdb      0 -835.994
  197     11        (23.585, 8.698, -1.211, -0.690, 0.672, 0.226, -0.143)      0      0 -1254.03210     0   5.000   -1.000 lightdock_11.pdb      0 -836.021
   17     23          (19.865, 7.417, 13.893, 0.514, 0.007, 0.837, 0.187)      0      0 -1254.50792     1   5.000   -1.000 lightdock_23.pdb      0 -836.061
  134      8        (-9.082, 8.819, -16.303, 0.380, 0.257, 0.791, -0.405)      0      0 -1258.48513     1   5.000   -1.000  lightdock_8.pdb      0 -836.113
  134     13        (-8.998, 8.915, -15.872, 0.380, 0.257, 0.791, -0.405)      0      0 -1254.21952     0   5.000   -1.000 lightdock_13.pdb      0 -836.146
  160     18      (-10.088, -2.698, 13.161, 0.668, -0.533, -0.305, 0.420)      0      0 -1254.97375     1   5.000   -1.000 lightdock_18.pdb      0 -836.224
  215     13        (22.593, 13.987, 8.717, -0.571, 0.000, -0.814, 0.108)      0      0 -1255.31688     1   5.000   -1.000 lightdock_13.pdb      0 -836.448
  126      1        (-2.329, 14.095, 13.212, 0.876, -0.345, 0.275, 0.197)      0      0 -1255.79753     4   5.000   -1.000  lightdock_1.pdb      0 -836.607
  126      0        (-2.320, 13.959, 13.012, 0.876, -0.345, 0.275, 0.197)      0      0 -1254.37172     1   5.000   -1.000  lightdock_0.pdb      0 -836.675
  113     11        (-0.791, 1.219, 16.163, 0.069, -0.075, -0.551, 0.828)      0      0 -1255.06718     0   5.000   -1.000 lightdock_11.pdb      0 -836.711
    5      4        (16.267, 13.111, -4.076, -0.097, 0.368, 0.347, 0.857)      0      0 -1255.07704     0   5.000   -1.000  lightdock_4.pdb      0 -836.718
  128      7      (-4.890, 23.726, -13.052, 0.123, 0.424, -0.893, -0.083)      0      0 -1255.22630     0   5.000   -1.000  lightdock_7.pdb      0 -836.746
  128      2      (-5.091, 23.610, -13.295, 0.123, 0.424, -0.893, -0.083)      0      0 -1257.00012     3   5.000   -1.000  lightdock_2.pdb      0 -836.750
  176     24      (-19.475, -0.877, 11.013, 0.929, -0.116, -0.102, 0.336)      0      0 -1257.84216     1   5.000   -1.000 lightdock_24.pdb      0 -836.775
   17     12          (19.856, 7.567, 13.882, 0.514, 0.007, 0.837, 0.187)      0      0 -1254.57879     2   5.000   -1.000 lightdock_12.pdb      0 -836.786
   81      8      (18.683, 1.652, -10.893, -0.133, 0.580, -0.172, -0.785)      0      0 -1255.47411     0   5.000   -1.000  lightdock_8.pdb      0 -836.983
  113     22        (-0.765, 1.212, 16.271, 0.069, -0.075, -0.551, 0.828)      0      0 -1257.99994     1   5.000   -1.000 lightdock_22.pdb      0 -837.014
  176     23      (-19.145, -0.898, 11.126, 0.929, -0.116, -0.102, 0.336)      0      0 -1255.74531     0   5.000   -1.000 lightdock_23.pdb      0 -837.164
   81     10      (18.712, 1.733, -10.942, -0.133, 0.580, -0.172, -0.785)      0      0 -1256.46173     2   5.000   -1.000 lightdock_10.pdb      0 -837.334
   17     11          (19.840, 7.269, 13.949, 0.514, 0.007, 0.837, 0.187)      0      0 -1255.58858     3   5.000   -1.000 lightdock_11.pdb      0 -837.402
  217     21       (-6.270, 18.824, 2.629, -0.370, 0.536, -0.749, -0.121)      0      0 -1256.65980     1   5.000   -1.000 lightdock_21.pdb      0 -837.406
  167     23      (13.604, -5.001, 16.985, -0.293, -0.360, -0.262, 0.846)      0      0 -1252.73404     4   5.000   -1.000 lightdock_23.pdb      0 -837.429
  171      6         (0.331, 6.236, -22.524, 0.141, 0.573, -0.738, 0.328)      0      0 -1256.28389     0   5.000   -1.000  lightdock_6.pdb      0 -837.523
   15      7        (2.948, -1.836, 22.349, -0.689, -0.087, 0.717, 0.063)      0      0 -1256.40961     0   5.000   -1.000  lightdock_7.pdb      0 -837.534
   74     24      (-13.047, 15.305, -9.880, 0.677, -0.731, -0.024, 0.077)      0      0 -1256.51391     3   5.000   -1.000 lightdock_24.pdb      0 -837.557
  167     24      (14.198, -5.739, 17.414, -0.352, -0.303, -0.259, 0.847)      0      0 -1254.07773     6   4.920   -1.000 lightdock_24.pdb      0 -837.560
  128     20      (-4.780, 23.803, -12.650, 0.123, 0.425, -0.893, -0.082)      0      0 -1261.08298     5   4.920   -1.000 lightdock_20.pdb      0 -837.616
  171      3         (0.497, 6.071, -22.840, 0.141, 0.573, -0.738, 0.328)      0      0 -1258.08953     3   5.000   -1.000  lightdock_3.pdb      0 -837.618
  215     15        (22.599, 13.887, 8.683, -0.571, 0.000, -0.814, 0.108)      0      0 -1258.82707     3   5.000   -1.000 lightdock_15.pdb      0 -837.673
  128     22      (-4.923, 23.684, -13.052, 0.123, 0.424, -0.893, -0.083)      0      0 -1256.45732     2   5.000   -1.000 lightdock_22.pdb      0 -837.687
  188      9       (-15.240, -2.153, -5.149, 0.570, -0.179, 0.784, 0.166)      0      0 -1256.57154     0   5.000   -1.000  lightdock_9.pdb      0 -837.714
  101     17         (9.646, 19.427, 0.604, -0.225, 0.758, -0.198, 0.579)      0      0 -1253.90605     5   5.000   -1.000 lightdock_17.pdb      0 -837.725
  128     10      (-4.669, 23.862, -12.930, 0.123, 0.425, -0.893, -0.082)      0      0 -1261.70041     6   4.440   -1.000 lightdock_10.pdb      0 -837.738
  105     17     (-0.621, -8.261, -15.381, -0.418, 0.666, -0.564, -0.253)      0      0 -1256.61366     0   5.000   -1.000 lightdock_17.pdb      0 -837.742
   81     15      (18.659, 1.595, -10.864, -0.133, 0.580, -0.172, -0.785)      0      0 -1256.13264     1   5.000   -1.000 lightdock_15.pdb      0 -837.755
   81      4      (18.564, 1.331, -10.699, -0.133, 0.580, -0.172, -0.785)      0      0 -1258.77337     3   5.000   -1.000  lightdock_4.pdb      0 -837.904
  146     10       (19.009, -3.935, -5.019, 0.731, 0.361, -0.522, -0.252)      0      0 -1258.02590     0   5.000   -1.000 lightdock_10.pdb      0 -838.012
  182      7        (16.557, 3.437, 13.429, 0.529, -0.577, -0.564, 0.262)      0      0 -1254.03141     4   5.000   -1.000  lightdock_7.pdb      0 -838.064
  128     18      (-4.897, 23.722, -13.061, 0.123, 0.424, -0.893, -0.083)      0      0 -1256.18744     1   5.000   -1.000 lightdock_18.pdb      0 -838.065
  146      9       (18.777, -4.264, -5.308, 0.731, 0.361, -0.522, -0.252)      0      0 -1258.71127     1   5.000   -1.000  lightdock_9.pdb      0 -838.104
   15      2        (2.838, -1.903, 22.415, -0.689, -0.087, 0.717, 0.063)      0      0 -1258.52618     2   5.000   -1.000  lightdock_2.pdb      0 -838.305
   15     19        (2.737, -1.972, 22.466, -0.689, -0.087, 0.717, 0.063)      0      0 -1258.60097     4   5.000   -1.000 lightdock_19.pdb      0 -838.374
   53     19       (18.250, 19.247, -8.064, 0.100, 0.032, -0.965, -0.241)      0      0 -1260.39972     1   5.000   -1.000 lightdock_19.pdb      0 -838.392
  109     14     (-10.001, 16.975, 13.673, -0.541, -0.181, 0.511, -0.643)      0      0 -1257.61242     0   5.000   -1.000 lightdock_14.pdb      0 -838.408
   15     13        (3.279, -1.671, 22.101, -0.689, -0.087, 0.717, 0.063)      0      0 -1258.16223     1   5.000   -1.000 lightdock_13.pdb      0 -838.430
  171     21         (0.368, 5.870, -22.969, 0.141, 0.573, -0.738, 0.328)      0      0 -1258.32843     4   5.000   -1.000 lightdock_21.pdb      0 -838.497
   15     14        (2.995, -1.654, 22.537, -0.689, -0.087, 0.717, 0.063)      0      0 -1258.58722     3   3.400   -1.000 lightdock_14.pdb      0 -838.528
   17     19          (19.861, 7.663, 13.860, 0.514, 0.007, 0.837, 0.187)      0      0 -1257.17972     4   5.000   -1.000 lightdock_19.pdb      0 -838.538
   53      8       (17.818, 19.227, -7.826, 0.100, 0.032, -0.965, -0.241)      0      0 -1257.87637     0   5.000   -1.000  lightdock_8.pdb      0 -838.584
  126      8        (-2.263, 13.941, 13.106, 0.876, -0.345, 0.275, 0.197)      0      0 -1255.38565     3   5.000   -1.000  lightdock_8.pdb      0 -838.584
  160      5      (-17.698, -2.970, 9.829, -0.081, -0.472, 0.322, -0.817)      0      0 -1260.01311     1   5.000   -1.000  lightdock_5.pdb      0 -838.599
  146     19       (19.112, -3.787, -4.888, 0.731, 0.361, -0.522, -0.252)      0      0 -1260.02596     2   5.000   -1.000 lightdock_19.pdb      0 -838.641
  204     19       (5.470, 9.577, -16.035, -0.711, -0.183, 0.085, -0.674)      0      0 -1259.43497     2   5.000   -1.000 lightdock_19.pdb      0 -838.756
   91     14       (-14.166, -10.620, 2.082, -0.367, 0.184, 0.200, 0.890)      0      0 -1258.13914     0   5.000   -1.000 lightdock_14.pdb      0 -838.759
  204     21       (5.372, 9.529, -16.000, -0.711, -0.183, 0.085, -0.674)      0      0 -1258.19256     0   5.000   -1.000 lightdock_21.pdb      0 -838.795
  204      5       (5.487, 9.588, -16.042, -0.711, -0.183, 0.085, -0.674)      0      0 -1259.53631     3   5.000   -1.000  lightdock_5.pdb      0 -838.920
  105     14     (-0.423, -8.255, -15.235, -0.418, 0.666, -0.564, -0.253)      0      0 -1258.95731     2   5.000   -1.000 lightdock_14.pdb      0 -838.921
  171     16         (0.331, 6.237, -22.523, 0.141, 0.573, -0.738, 0.328)      0      0 -1257.64305     1   5.000   -1.000 lightdock_16.pdb      0 -838.944
  171      9         (0.337, 5.822, -22.999, 0.141, 0.573, -0.738, 0.328)      0      0 -1258.03655     2   5.000   -1.000  lightdock_9.pdb      0 -839.043
  204     18       (5.409, 9.546, -16.013, -0.711, -0.183, 0.085, -0.674)      0      0 -1259.28330     1   5.000   -1.000 lightdock_18.pdb      0 -839.072
   68      5      (5.255, -18.309, 6.577, -0.926, -0.166, -0.220, -0.258)      0      0 -1258.69337     0   5.000   -1.000  lightdock_5.pdb      0 -839.129
   91     19       (-14.154, -10.926, 2.024, -0.367, 0.184, 0.200, 0.890)      0      0 -1260.91108     1   5.000   -1.000 lightdock_19.pdb      0 -839.159
   28      7         (17.842, 8.359, 4.306, 0.483, 0.684, -0.544, -0.059)      0      0 -1258.87265     0   5.000   -1.000  lightdock_7.pdb      0 -839.248
   41     21          (19.947, 2.713, 5.365, 0.354, 0.340, -0.050, 0.870)      0      0 -1262.60144     1   5.000   -1.000 lightdock_21.pdb      0 -839.322
  160      4      (-17.771, -3.131, 9.619, -0.081, -0.472, 0.322, -0.817)      0      0 -1259.20730     0   5.000   -1.000  lightdock_4.pdb      0 -839.472
  113      3        (-0.878, 1.260, 15.755, 0.069, -0.075, -0.551, 0.828)      0      0 -1258.05645     2   5.000   -1.000  lightdock_3.pdb      0 -839.656
   26     17         (9.767, -18.427, 5.051, -0.712, 0.289, 0.593, 0.241)      0      0 -1263.33778     1   5.000   -1.000 lightdock_17.pdb      0 -839.679
   15      8        (3.043, -1.754, 22.327, -0.689, -0.087, 0.717, 0.063)      0      0 -1258.66985     5   5.000   -1.000  lightdock_8.pdb      0 -839.685
   26     19         (9.352, -18.292, 4.848, -0.712, 0.289, 0.593, 0.241)      0      0 -1259.58146     0   5.000   -1.000 lightdock_19.pdb      0 -839.721
  105     15     (-0.819, -8.266, -15.527, -0.418, 0.666, -0.564, -0.253)      0      0 -1258.70339     1   5.000   -1.000 lightdock_15.pdb      0 -839.762
  146     17       (19.109, -3.812, -4.897, 0.731, 0.361, -0.522, -0.252)      0      0 -1260.69826     3   5.000   -1.000 lightdock_17.pdb      0 -839.845
   61      3      (-12.111, -1.582, -13.539, -0.320, 0.304, 0.236, 0.865)      0      0 -1261.02354     1   5.000   -1.000  lightdock_3.pdb      0 -839.892
   34     18      (-3.346, -17.531, 0.240, -0.700, 0.333, -0.579, -0.254)      0      0 -1259.94022     0   5.000   -1.000 lightdock_18.pdb      0 -839.960
   37     13       (-15.502, 8.690, 10.697, -0.355, 0.027, 0.756, -0.549)      0      0 -1259.95806     0   5.000   -1.000 lightdock_13.pdb      0 -839.972
  123     23         (7.721, -1.984, 16.717, 0.089, 0.167, -0.273, 0.943)      0      0 -1260.08555     0   5.000   -1.000 lightdock_23.pdb      0 -840.057
   61      1      (-12.154, -1.223, -13.276, -0.320, 0.304, 0.236, 0.865)      0      0 -1260.18253     0   5.000   -1.000  lightdock_1.pdb      0 -840.122
  204      4       (5.000, 9.345, -15.864, -0.711, -0.183, 0.085, -0.674)      0      0 -1259.88355     4   5.000   -1.000  lightdock_4.pdb      0 -840.160
   78     16      (11.359, -0.510, -9.733, -0.381, -0.539, 0.295, -0.691)      0      0 -1258.28640     3   5.000   -1.000 lightdock_16.pdb      0 -840.197
  128      6      (-4.793, 23.887, -13.126, 0.123, 0.424, -0.893, -0.083)      0      0 -1258.78075     4   5.000   -1.000  lightdock_6.pdb      0 -840.258
   31     15        (-4.529, 7.213, 18.656, -0.763, -0.490, 0.079, 0.414)      0      0 -1260.55785     0   5.000   -1.000 lightdock_15.pdb      0 -840.369
   41     12          (19.870, 2.735, 5.448, 0.354, 0.340, -0.050, 0.870)      0      0 -1263.32057     2   5.000   -1.000 lightdock_12.pdb      0 -840.446
  121      6      (1.193, -15.440, 19.245, 0.390, -0.615, -0.193, -0.658)      0      0 -1263.54494     1   4.760   -1.000  lightdock_6.pdb      0 -840.458
   50     17        (-16.270, 14.663, -3.061, 0.299, 0.081, 0.719, 0.622)      0      0 -1260.73700     0   5.000   -1.000 lightdock_17.pdb      0 -840.475
  113     18        (-0.889, 1.244, 15.764, 0.069, -0.075, -0.551, 0.828)      0      0 -1258.61721     3   5.000   -1.000 lightdock_18.pdb      0 -840.505
   42     19       (-9.086, -7.472, 19.835, 0.354, -0.456, 0.787, -0.217)      0      0 -1272.04211     1   5.000   -1.000 lightdock_19.pdb      0 -840.582
  174     19    (-10.603, -10.429, -8.334, 0.635, -0.330, -0.099, -0.692)      0      0 -1260.89393     0   5.000   -1.000 lightdock_19.pdb      0 -840.596
   72      5        (5.878, -3.441, 23.598, 0.214, 0.381, -0.204, -0.876)      0      0 -1262.06207     1   5.000   -1.000  lightdock_5.pdb      0 -840.614
  128      0        (-4.085, 14.859, -10.917, 0.743, 0.628, 0.067, 0.222)      0      0 -1261.11278     0   5.000   -1.000  lightdock_0.pdb      0 -840.742
   61     22      (-12.119, -1.422, -13.397, -0.320, 0.304, 0.236, 0.865)      0      0 -1261.38865     2   5.000   -1.000 lightdock_22.pdb      0 -840.768
  152     13      (16.640, 13.182, -3.766, -0.371, 0.628, -0.580, -0.363)      0      0 -1262.22807     1   5.000   -1.000 lightdock_13.pdb      0 -840.838
   31      5        (-4.579, 7.517, 18.360, -0.763, -0.490, 0.079, 0.414)      0      0 -1262.45943     1   5.000   -1.000  lightdock_5.pdb      0 -840.976
  121     22      (1.445, -15.606, 19.585, 0.390, -0.615, -0.193, -0.658)      0      0 -1261.97369     0   5.000   -1.000 lightdock_22.pdb      0 -840.981
  204     20       (4.742, 9.175, -15.761, -0.711, -0.183, 0.085, -0.674)      0      0 -1261.42282     5   5.000   -1.000 lightdock_20.pdb      0 -841.038
  160      3      (-17.801, -3.195, 9.536, -0.081, -0.472, 0.322, -0.817)      0      0 -1260.53323     2   5.000   -1.000  lightdock_3.pdb      0 -841.054
  162     16         (9.491, 7.700, 8.386, -0.709, 0.220, -0.392, -0.544)      0      0 -1261.61011     0   5.000   -1.000 lightdock_16.pdb      0 -841.073
  186     18       (6.431, -7.293, 23.858, -0.389, -0.308, -0.038, 0.867)      0      0 -1263.17424     1   5.000   -1.000 lightdock_18.pdb      0 -841.084
   50     21        (-16.565, 14.953, -2.844, 0.299, 0.081, 0.719, 0.622)      0      0 -1262.43508     1   5.000   -1.000 lightdock_21.pdb      0 -841.090
   72     11        (5.990, -3.430, 23.550, 0.214, 0.381, -0.204, -0.876)      0      0 -1262.02312     0   5.000   -1.000 lightdock_11.pdb      0 -841.134
   41      8          (20.150, 2.648, 5.162, 0.354, 0.340, -0.050, 0.870)      0      0 -1261.73942     0   5.000   -1.000  lightdock_8.pdb      0 -841.160
   72     20        (5.732, -3.456, 23.661, 0.214, 0.381, -0.204, -0.876)      0      0 -1262.08893     2   5.000   -1.000 lightdock_20.pdb      0 -841.162
  186     11       (6.911, -7.402, 23.903, -0.389, -0.308, -0.038, 0.867)      0      0 -1261.78863     0   5.000   -1.000 lightdock_11.pdb      0 -841.192
  128     16        (-4.053, 14.463, -10.679, 0.743, 0.628, 0.067, 0.222)      0      0 -1262.97206     1   5.000   -1.000 lightdock_16.pdb      0 -841.211
   42     22       (-8.738, -7.311, 19.371, 0.354, -0.456, 0.787, -0.217)      0      0 -1272.82231     2   4.520   -1.000 lightdock_22.pdb      0 -841.224
   14     14          (8.396, 21.682, 1.924, 0.553, 0.411, -0.569, 0.448)      0      0 -1262.51805     0   5.000   -1.000 lightdock_14.pdb      0 -841.274
   22      2       (11.602, -14.452, -5.714, 0.400, -0.560, 0.258, 0.678)      0      0 -1268.03620     4   5.000   -1.000  lightdock_2.pdb      0 -841.377
  152      9      (16.512, 13.227, -3.876, -0.371, 0.628, -0.580, -0.363)      0      0 -1262.20826     0   5.000   -1.000  lightdock_9.pdb      0 -841.464
   61     21      (-12.158, -1.190, -13.252, -0.320, 0.304, 0.236, 0.865)      0      0 -1261.47078     3   5.000   -1.000 lightdock_21.pdb      0 -841.491
  105      1     (-0.363, -8.254, -15.191, -0.418, 0.666, -0.564, -0.253)      0      0 -1262.82233     3   5.000   -1.000  lightdock_1.pdb      0 -841.499
  123      4         (7.789, -2.134, 16.695, 0.089, 0.167, -0.273, 0.943)      0      0 -1262.29590     1   5.000   -1.000  lightdock_4.pdb      0 -841.503
   44     13        (16.735, 10.765, -0.915, 0.370, -0.558, 0.737, 0.100)      0      0 -1262.37306     0   5.000   -1.000 lightdock_13.pdb      0 -841.582
  204     14       (5.138, 9.413, -15.914, -0.711, -0.183, 0.085, -0.674)      0      0 -1261.85387     6   4.600   -1.000 lightdock_14.pdb      0 -841.606
  124      1       (-8.659, 23.604, 9.644, -0.852, 0.341, -0.397, -0.036)      0      0 -1262.44390     0   5.000   -1.000  lightdock_1.pdb      0 -841.629
   15     17        (3.147, -1.569, 22.434, -0.689, -0.087, 0.717, 0.063)      0      0 -1260.81877     6   4.840   -1.000 lightdock_17.pdb      0 -841.689
   58      4      (-0.635, -3.129, -16.483, -0.513, -0.475, 0.067, 0.712)      0      0 -1262.63864     0   5.000   -1.000  lightdock_4.pdb      0 -841.759
    3      7       (14.100, -9.249, -6.396, -0.872, -0.234, 0.319, 0.289)      0      0 -1262.66780     0   5.000   -1.000  lightdock_7.pdb      0 -841.779
  124      0       (-8.813, 23.592, 9.608, -0.852, 0.341, -0.397, -0.036)      0      0 -1263.07276     1   5.000   -1.000  lightdock_0.pdb      0 -841.780
   14     19          (8.698, 21.741, 1.565, 0.553, 0.411, -0.569, 0.448)      0      0 -1264.02118     1   5.000   -1.000 lightdock_19.pdb      0 -841.900
  124     24       (-8.485, 23.583, 9.726, -0.852, 0.341, -0.397, -0.036)      0      0 -1263.83636     4   5.000   -1.000 lightdock_24.pdb      0 -841.958
   22      9       (11.401, -14.229, -6.263, 0.400, -0.560, 0.258, 0.678)      0      0 -1266.15756     1   5.000   -1.000  lightdock_9.pdb      0 -841.986
   42     20       (-9.220, -7.557, 20.029, 0.354, -0.456, 0.787, -0.217)      0      0 -1273.82834     3   5.000   -1.000 lightdock_20.pdb      0 -842.093
   73     16      (-4.606, -6.017, 22.814, -0.034, -0.702, 0.068, -0.708)      0      0 -1263.14621     0   5.000   -1.000 lightdock_16.pdb      0 -842.097
   61      7      (-12.185, -0.958, -13.081, -0.320, 0.304, 0.236, 0.865)      0      0 -1264.25365     5   5.000   -1.000  lightdock_7.pdb      0 -842.108
   21      3       (-14.055, 16.931, 11.019, 0.509, 0.351, -0.256, 0.743)      0      0 -1263.18039     0   5.000   -1.000  lightdock_3.pdb      0 -842.120
   67     19       (9.365, 13.609, -16.168, -0.624, 0.642, -0.005, 0.446)      0      0 -1263.18858     0   5.000   -1.000 lightdock_19.pdb      0 -842.125
   58     13      (-0.655, -3.009, -16.590, -0.513, -0.475, 0.067, 0.712)      0      0 -1264.39305     1   5.000   -1.000 lightdock_13.pdb      0 -842.142
   19     14        (4.013, 20.604, -9.329, -0.850, -0.510, 0.047, 0.124)      0      0 -1263.21692     0   5.000   -1.000 lightdock_14.pdb      0 -842.145
   31      6        (-4.264, 7.392, 18.404, -0.763, -0.490, 0.079, 0.414)      0      0 -1262.51894     2   5.000   -1.000  lightdock_6.pdb      0 -842.173
   67      3       (9.337, 13.600, -16.194, -0.624, 0.642, -0.005, 0.446)      0      0 -1264.36720     3   5.000   -1.000  lightdock_3.pdb      0 -842.228
   22     13       (11.586, -14.436, -5.656, 0.400, -0.560, 0.258, 0.678)      0      0 -1266.43847     2   5.000   -1.000 lightdock_13.pdb      0 -842.230
  189     16          (6.695, 14.651, 4.049, 0.604, -0.121, 0.786, 0.045)      0      0 -1268.81113     2   5.000   -1.000 lightdock_16.pdb      0 -842.301
   61     12       (-3.340, 4.125, -16.405, -0.350, -0.837, 0.376, 0.189)      0      0 -1263.45627     0   5.000   -1.000 lightdock_12.pdb      0 -842.304
  124     12       (-8.325, 23.639, 9.712, -0.852, 0.341, -0.397, -0.036)      0      0 -1263.34942     2   5.000   -1.000 lightdock_12.pdb      0 -842.363
   62      7      (4.400, -6.243, -11.400, -0.173, -0.394, 0.840, -0.331)      0      0 -1263.55876     0   5.000   -1.000  lightdock_7.pdb      0 -842.373
  121     16      (1.375, -15.552, 19.483, 0.390, -0.615, -0.193, -0.658)      0      0 -1264.67605     2   5.000   -1.000 lightdock_16.pdb      0 -842.421
   44     21        (16.818, 11.055, -0.990, 0.370, -0.558, 0.737, 0.100)      0      0 -1263.92409     1   5.000   -1.000 lightdock_21.pdb      0 -842.429
   67     18       (9.069, 13.512, -16.443, -0.624, 0.642, -0.005, 0.446)      0      0 -1264.23152     2   5.000   -1.000 lightdock_18.pdb      0 -842.471
   67      2       (9.347, 13.604, -16.185, -0.624, 0.642, -0.005, 0.446)      0      0 -1263.96486     1   5.000   -1.000  lightdock_2.pdb      0 -842.479
  156      4       (22.744, -9.426, 1.293, -0.381, -0.364, -0.754, 0.391)      0      0 -1263.74358     0   5.000   -1.000  lightdock_4.pdb      0 -842.496
  124     11       (-9.160, 23.667, 9.406, -0.852, 0.341, -0.397, -0.036)      0      0 -1265.51421     6   3.160   -1.000 lightdock_11.pdb      0 -842.499
  124      6       (-8.268, 23.635, 9.736, -0.852, 0.341, -0.397, -0.036)      0      0 -1263.73017     3   5.000   -1.000  lightdock_6.pdb      0 -842.511
  152     16      (16.241, 13.309, -4.162, -0.371, 0.628, -0.580, -0.363)      0      0 -1264.72364     3   5.000   -1.000 lightdock_16.pdb      0 -842.563
   50     20        (-16.227, 14.621, -3.092, 0.299, 0.081, 0.719, 0.622)      0      0 -1262.92935     2   5.000   -1.000 lightdock_20.pdb      0 -842.643
  169     22      (-13.562, -20.687, 7.256, -0.483, 0.412, 0.256, -0.729)      0      0 -1264.05398     0   5.000   -1.000 lightdock_22.pdb      0 -842.703
  169      2      (-13.767, -21.101, 7.083, -0.483, 0.412, 0.256, -0.729)      0      0 -1266.30769     1   5.000   -1.000  lightdock_2.pdb      0 -842.707
   56     23       (3.646, 12.757, 11.343, 0.132, -0.944, -0.180, -0.241)      0      0 -1264.07086     0   5.000   -1.000 lightdock_23.pdb      0 -842.714
  189      3          (6.769, 14.685, 4.009, 0.604, -0.121, 0.786, 0.045)      0      0 -1267.64409     1   5.000   -1.000  lightdock_3.pdb      0 -842.753
   61      4      (-12.098, -1.735, -13.664, -0.320, 0.304, 0.236, 0.865)      0      0 -1264.03497     4   5.000   -1.000  lightdock_4.pdb      0 -842.756
   42      3       (-9.212, -7.587, 20.123, 0.354, -0.456, 0.787, -0.217)      0      0 -1277.95994     6   4.600   -1.000  lightdock_3.pdb      0 -842.791
  179      8       (11.815, 4.748, -16.444, -0.058, -0.317, 0.209, 0.923)      0      0 -1267.14588     2   5.000   -1.000  lightdock_8.pdb      0 -842.792
  121      4      (1.275, -15.424, 19.299, 0.390, -0.615, -0.193, -0.658)      0      0 -1265.34981     4   5.000   -1.000  lightdock_4.pdb      0 -842.795
   22     10       (11.517, -14.359, -5.913, 0.400, -0.560, 0.258, 0.678)      0      0 -1265.75578     0   5.000   -1.000 lightdock_10.pdb      0 -842.809
  215      8        (22.560, 14.467, 8.755, -0.571, 0.000, -0.814, 0.108)      0      0 -1261.32354     5   5.000   -1.000  lightdock_8.pdb      0 -842.818
   77     14        (-6.362, 0.261, 21.013, -0.920, -0.312, 0.019, 0.236)      0      0 -1269.77121     0   5.000   -1.000 lightdock_14.pdb      0 -842.879
   70      8      (14.777, -14.540, 4.666, -0.133, -0.257, 0.779, -0.557)      0      0 -1265.33959     1   5.000   -1.000  lightdock_8.pdb      0 -842.913
   61     20       (-3.316, 4.085, -16.413, -0.350, -0.837, 0.376, 0.189)      0      0 -1264.29906     1   5.000   -1.000 lightdock_20.pdb      0 -842.934
  109      8         (-0.747, 9.184, 15.285, 0.103, 0.926, -0.349, 0.105)      0      0 -1275.76849     1   5.000   -1.000  lightdock_8.pdb      0 -842.939
   67     14       (9.180, 13.541, -16.329, -0.624, 0.642, -0.005, 0.446)      0      0 -1264.80444     4   5.000   -1.000 lightdock_14.pdb      0 -842.967
  152      7      (16.174, 13.344, -4.165, -0.371, 0.628, -0.580, -0.363)      0      0 -1264.10461     2   5.000   -1.000  lightdock_7.pdb      0 -843.008
  186     12       (7.311, -7.493, 23.939, -0.389, -0.308, -0.038, 0.867)      0      0 -1264.67300     2   5.000   -1.000 lightdock_12.pdb      0 -843.069
  146     20       (18.836, -4.168, -5.230, 0.731, 0.361, -0.522, -0.252)      0      0 -1262.55275     4   5.000   -1.000 lightdock_20.pdb      0 -843.078
  186     19       (6.686, -7.240, 23.927, -0.389, -0.308, -0.038, 0.867)      0      0 -1264.70440     3   5.000   -1.000 lightdock_19.pdb      0 -843.086
   70     22      (14.604, -14.737, 4.717, -0.133, -0.257, 0.779, -0.557)      0      0 -1264.75893     0   5.000   -1.000 lightdock_22.pdb      0 -843.173
   59      3        (15.744, 8.417, 13.996, 0.603, -0.140, 0.752, -0.226)      0      0 -1264.77054     0   5.000   -1.000  lightdock_3.pdb      0 -843.180
    3     18       (13.957, -9.411, -6.261, -0.872, -0.234, 0.319, 0.289)      0      0 -1266.72272     2   5.000   -1.000 lightdock_18.pdb      0 -843.188
  121     24      (1.256, -15.483, 19.324, 0.390, -0.615, -0.193, -0.658)      0      0 -1266.92391     5   4.760   -1.000 lightdock_24.pdb      0 -843.260
   44     11        (16.720, 10.674, -0.894, 0.370, -0.558, 0.737, 0.100)      0      0 -1264.61533     2   5.000   -1.000 lightdock_11.pdb      0 -843.277
    9      4       (-11.743, -3.662, -7.625, 0.359, 0.632, 0.622, -0.291)      0      0 -1264.96692     0   5.000   -1.000  lightdock_4.pdb      0 -843.311
  215     23        (14.319, 11.518, 4.870, -0.203, -0.830, 0.467, 0.229)      0      0 -1265.04644     0   5.000   -1.000 lightdock_23.pdb      0 -843.357
  179      4       (11.888, 4.699, -16.534, -0.058, -0.317, 0.209, 0.923)      0      0 -1265.52523     0   5.000   -1.000  lightdock_4.pdb      0 -843.359
  215      9        (14.102, 11.370, 4.971, -0.203, -0.830, 0.467, 0.229)      0      0 -1267.34064     3   5.000   -1.000  lightdock_9.pdb      0 -843.359
  179     24       (12.114, 4.562, -16.804, -0.058, -0.317, 0.209, 0.923)      0      0 -1266.43089     1   5.000   -1.000 lightdock_24.pdb      0 -843.395
   63     24     (-9.519, 11.823, -17.997, -0.382, -0.434, 0.792, -0.195)      0      0 -1265.21789     0   5.000   -1.000 lightdock_24.pdb      0 -843.479
  215      0        (22.570, 14.324, 8.762, -0.571, 0.000, -0.814, 0.108)      0      0 -1261.04743     4   5.000   -1.000  lightdock_0.pdb      0 -843.485
  124     20       (-8.947, 23.568, 9.592, -0.852, 0.341, -0.397, -0.036)      0      0 -1264.84688     5   5.000   -1.000 lightdock_20.pdb      0 -843.503
  179      2       (12.053, 4.514, -16.773, -0.058, -0.317, 0.209, 0.923)      0      0 -1267.35905     4   5.000   -1.000  lightdock_2.pdb      0 -843.520
   11     18         (18.049, -7.514, 3.582, 0.449, -0.722, 0.122, 0.512)      0      0 -1265.46267     0   5.000   -1.000 lightdock_18.pdb      0 -843.642
  207      7        (16.419, 7.555, 2.371, 0.781, -0.585, -0.181, -0.123)      0      0 -1265.49874     0   5.000   -1.000  lightdock_7.pdb      0 -843.666
  104     16      (2.171, -19.282, 9.533, -0.736, -0.546, -0.169, -0.363)      0      0 -1265.51222     0   5.000   -1.000 lightdock_16.pdb      0 -843.675
   50      8        (-16.257, 14.650, -3.070, 0.299, 0.081, 0.719, 0.622)      0      0 -1263.77139     3   5.000   -1.000  lightdock_8.pdb      0 -843.693
  179     20       (11.734, 4.805, -16.343, -0.058, -0.317, 0.209, 0.923)      0      0 -1267.19508     3   5.000   -1.000 lightdock_20.pdb      0 -843.734
  191      0     (-0.733, -9.214, 25.384, -0.687, -0.012, -0.351, -0.636)      0      0 -1265.73508     0   5.000   -1.000  lightdock_0.pdb      0 -843.823
   14      6          (8.365, 21.677, 1.958, 0.553, 0.411, -0.569, 0.448)      0      0 -1265.17019     2   5.000   -1.000  lightdock_6.pdb      0 -843.853
   42      4       (-9.071, -7.456, 19.791, 0.354, -0.456, 0.787, -0.217)      0      0 -1270.57243     0   5.000   -1.000  lightdock_4.pdb      0 -843.907
  184     15       (-5.740, -12.908, 17.286, -0.540, 0.141, 0.570, 0.602)      0      0 -1266.72304     1   5.000   -1.000 lightdock_15.pdb      0 -843.914
  184      8       (-5.711, -13.071, 17.357, -0.540, 0.141, 0.570, 0.602)      0      0 -1265.89114     0   5.000   -1.000  lightdock_8.pdb      0 -843.927
   14      5          (8.471, 21.583, 2.100, 0.553, 0.411, -0.569, 0.448)      0      0 -1265.27416     3   5.000   -1.000  lightdock_5.pdb      0 -843.984
  189     17          (7.047, 14.812, 3.863, 0.604, -0.121, 0.786, 0.045)      0      0 -1267.63465     0   5.000   -1.000 lightdock_17.pdb      0 -844.000
    9      8       (-8.400, -5.069, -9.319, -0.757, -0.645, 0.022, 0.102)      0      0 -1266.00281     0   5.000   -1.000  lightdock_8.pdb      0 -844.002
  215      3        (14.691, 11.771, 4.698, -0.203, -0.830, 0.467, 0.229)      0      0 -1266.32771     1   5.000   -1.000  lightdock_3.pdb      0 -844.003
   70      9      (14.894, -14.409, 4.634, -0.133, -0.257, 0.779, -0.557)      0      0 -1266.74149     4   5.000   -1.000  lightdock_9.pdb      0 -844.036
   67     11       (9.691, 13.728, -15.884, -0.624, 0.642, -0.005, 0.446)      0      0 -1265.02214     5   5.000   -1.000 lightdock_11.pdb      0 -844.051
   11     23         (18.040, -7.055, 3.656, 0.449, -0.722, 0.122, 0.512)      0      0 -1270.05298     1   5.000   -1.000 lightdock_23.pdb      0 -844.163
   36      2    (-15.910, -14.958, -7.587, -0.007, -0.985, -0.100, 0.144)      0      0 -1266.24615     0   5.000   -1.000  lightdock_2.pdb      0 -844.164
   21      0       (-13.991, 16.921, 10.671, 0.510, 0.351, -0.256, 0.743)      0      0 -1265.18651     1   5.000   -1.000  lightdock_0.pdb      0 -844.202
    9     13       (-8.327, -5.049, -9.358, -0.757, -0.645, 0.022, 0.102)      0      0 -1267.51341     1   5.000   -1.000 lightdock_13.pdb      0 -844.203
  191      5     (-0.857, -9.331, 25.177, -0.687, -0.012, -0.351, -0.636)      0      0 -1266.93211     1   5.000   -1.000  lightdock_5.pdb      0 -844.243
  121     13      (1.373, -15.568, 19.555, 0.390, -0.615, -0.193, -0.658)      0      0 -1266.96296     6   1.320   -1.000 lightdock_13.pdb      0 -844.250
    4     19       (3.246, 24.884, 8.092, -0.149, -0.715, -0.628, -0.268)      0      0 -1266.39757     0   5.000   -1.000 lightdock_19.pdb      0 -844.265
   89      0        (15.443, 6.660, 17.166, -0.720, 0.035, -0.693, 0.012)      0      0 -1266.43889     0   5.000   -1.000  lightdock_0.pdb      0 -844.293
   48     18     (14.362, 18.629, -12.942, 0.160, -0.279, -0.891, -0.321)      0      0 -1268.78010     4   5.000   -1.000 lightdock_18.pdb      0 -844.322
  121     17      (1.462, -15.617, 19.608, 0.390, -0.615, -0.193, -0.658)      0      0 -1265.01454     3   5.000   -1.000 lightdock_17.pdb      0 -844.367
   48     20     (14.579, 18.448, -13.231, 0.160, -0.279, -0.891, -0.321)      0      0 -1266.58985     0   5.000   -1.000 lightdock_20.pdb      0 -844.393
  149      1     (-2.717, -8.590, -11.516, -0.662, -0.566, 0.301, -0.387)      0      0 -1266.60364     0   5.000   -1.000  lightdock_1.pdb      0 -844.402
  215     18        (14.299, 11.504, 4.880, -0.203, -0.830, 0.467, 0.229)      0      0 -1266.38808     2   5.000   -1.000 lightdock_18.pdb      0 -844.405
  108     22        (5.796, -16.792, -1.797, 0.073, -0.373, 0.572, 0.727)      0      0 -1266.61876     0   5.000   -1.000 lightdock_22.pdb      0 -844.413
   89      1        (15.495, 6.609, 17.464, -0.720, 0.035, -0.693, 0.012)      0      0 -1268.88608     3   5.000   -1.000  lightdock_1.pdb      0 -844.462
   70     11      (14.449, -14.914, 4.762, -0.133, -0.257, 0.779, -0.557)      0      0 -1265.65755     2   5.000   -1.000 lightdock_11.pdb      0 -844.521
    4     15       (3.350, 24.825, 7.946, -0.149, -0.715, -0.628, -0.268)      0      0 -1267.18517     1   5.000   -1.000 lightdock_15.pdb      0 -844.653
  104     14      (2.060, -19.417, 9.491, -0.736, -0.546, -0.169, -0.363)      0      0 -1266.27414     1   5.000   -1.000 lightdock_14.pdb      0 -844.705
  191      6     (-0.867, -9.354, 25.154, -0.687, -0.012, -0.351, -0.636)      0      0 -1267.11906     2   5.000   -1.000  lightdock_6.pdb      0 -844.729
   22     24       (11.471, -14.312, -6.150, 0.400, -0.560, 0.258, 0.678)      0      0 -1267.88388     3   5.000   -1.000 lightdock_24.pdb      0 -844.737
    3      8       (14.176, -9.157, -6.448, -0.872, -0.234, 0.319, 0.289)      0      0 -1266.64543     1   5.000   -1.000  lightdock_8.pdb      0 -844.743
   48      8     (14.638, 18.190, -13.626, 0.160, -0.279, -0.891, -0.321)      0      0 -1266.97448     1   5.000   -1.000  lightdock_8.pdb      0 -844.750
   44     22        (16.598, 10.525, -0.836, 0.370, -0.558, 0.737, 0.100)      0      0 -1265.20648     3   5.000   -1.000 lightdock_22.pdb      0 -844.779
   70     19      (14.560, -14.790, 4.735, -0.133, -0.257, 0.779, -0.557)      0      0 -1266.76586     5   5.000   -1.000 lightdock_19.pdb      0 -844.836
  148      0        (19.131, -14.766, 1.397, 0.259, 0.159, 0.680, -0.667)      0      0 -1267.31945     0   5.000   -1.000  lightdock_0.pdb      0 -844.880
  124      7       (-8.218, 23.773, 9.589, -0.852, 0.341, -0.397, -0.036)      0      0 -1266.68323     7   3.320   -1.000  lightdock_7.pdb      0 -844.947
   14      9          (8.393, 21.681, 1.927, 0.553, 0.411, -0.569, 0.448)      0      0 -1265.93446     4   5.000   -1.000  lightdock_9.pdb      0 -844.958
   48      6     (14.564, 18.512, -13.133, 0.160, -0.279, -0.891, -0.321)      0      0 -1267.55856     2   5.000   -1.000  lightdock_6.pdb      0 -844.969
   77     21       (1.725, -0.532, 20.154, -0.329, -0.542, -0.262, 0.728)      0      0 -1267.45885     0   5.000   -1.000 lightdock_21.pdb      0 -844.972
   70     17      (14.518, -14.838, 4.746, -0.133, -0.257, 0.779, -0.557)      0      0 -1266.65502     3   5.000   -1.000 lightdock_17.pdb      0 -845.135
   89     15        (15.308, 6.538, 17.586, -0.720, 0.035, -0.693, 0.012)      0      0 -1268.71399     2   5.000   -1.000 lightdock_15.pdb      0 -845.183
    3     22       (14.220, -9.109, -6.494, -0.872, -0.234, 0.319, 0.289)      0      0 -1267.08548     3   5.000   -1.000 lightdock_22.pdb      0 -845.258
  162     24         (9.574, 7.483, 8.372, -0.709, 0.220, -0.392, -0.544)      0      0 -1265.05273     1   5.000   -1.000 lightdock_24.pdb      0 -845.317
   73      2         (-0.849, -9.621, 24.880, 0.840, 0.421, 0.341, 0.033)      0      0 -1269.48069     1   5.000   -1.000  lightdock_2.pdb      0 -845.320
    4      4         (4.467, 21.223, 6.501, -0.218, 0.425, 0.721, -0.501)      0      0 -1268.02935     0   5.000   -1.000  lightdock_4.pdb      0 -845.353
  156     19       (22.612, -9.456, 1.428, -0.381, -0.364, -0.754, 0.391)      0      0 -1265.76483     1   5.000   -1.000 lightdock_19.pdb      0 -845.392
  191     13     (-0.722, -9.202, 25.404, -0.687, -0.012, -0.351, -0.636)      0      0 -1267.34254     3   5.000   -1.000 lightdock_13.pdb      0 -845.411
  148     17        (19.216, -14.718, 1.475, 0.259, 0.159, 0.680, -0.667)      0      0 -1269.39102     1   5.000   -1.000 lightdock_17.pdb      0 -845.533
   36     23    (-15.949, -15.218, -7.755, -0.007, -0.985, -0.100, 0.144)      0      0 -1267.94681     2   5.000   -1.000 lightdock_23.pdb      0 -845.548
   41     15          (20.202, 2.632, 5.110, 0.354, 0.340, -0.050, 0.870)      0      0 -1265.64954     3   5.000   -1.000 lightdock_15.pdb      0 -845.587
   36     20    (-15.892, -15.321, -7.868, -0.007, -0.985, -0.100, 0.144)      0      0 -1267.83501     1   5.000   -1.000 lightdock_20.pdb      0 -845.601
   73     12         (-1.107, -9.806, 24.854, 0.840, 0.421, 0.341, 0.033)      0      0 -1268.43710     0   5.000   -1.000 lightdock_12.pdb      0 -845.625
  121     23      (1.568, -15.669, 19.714, 0.390, -0.615, -0.193, -0.658)      0      0 -1267.57243     7   0.680   -1.000 lightdock_23.pdb      0 -845.636
   48     14     (14.613, 18.299, -13.460, 0.160, -0.279, -0.891, -0.321)      0      0 -1268.19452     3   5.000   -1.000 lightdock_14.pdb      0 -845.702
   77      0        (-6.365, 0.260, 21.007, -0.920, -0.312, 0.019, 0.236)      0      0 -1271.46706     1   5.000   -1.000  lightdock_0.pdb      0 -845.708
  191      2     (-0.614, -9.106, 25.583, -0.687, -0.012, -0.351, -0.636)      0      0 -1268.41116     5   2.600   -1.000  lightdock_2.pdb      0 -845.712
  204     10      (14.193, 5.771, -14.790, -0.940, -0.046, 0.223, -0.254)      0      0 -1268.63832     0   5.000   -1.000 lightdock_10.pdb      0 -845.759
   14     10          (8.345, 21.654, 2.025, 0.553, 0.411, -0.569, 0.448)      0      0 -1266.75177     5   5.000   -1.000 lightdock_10.pdb      0 -845.825
    1     20          (6.483, 8.279, -17.782, 0.327, 0.677, 0.403, 0.522)      0      0 -1268.74935     0   5.000   -1.000 lightdock_20.pdb      0 -845.833
   77     13       (1.824, -0.736, 20.336, -0.329, -0.542, -0.262, 0.728)      0      0 -1270.24618     2   5.000   -1.000 lightdock_13.pdb      0 -845.850
  204     23      (13.966, 5.877, -14.921, -0.940, -0.046, 0.223, -0.254)      0      0 -1270.40448     1   5.000   -1.000 lightdock_23.pdb      0 -845.876
   41     10          (20.204, 2.630, 5.112, 0.354, 0.340, -0.050, 0.870)      0      0 -1265.76728     4   5.000   -1.000 lightdock_10.pdb      0 -845.915
   77      1        (-6.366, 0.260, 21.006, -0.921, -0.309, 0.018, 0.237)      0      0 -1274.21379     2   5.000   -1.000  lightdock_1.pdb      0 -845.922
  191      4     (-0.875, -9.298, 25.213, -0.687, -0.012, -0.351, -0.636)      0      0 -1271.41984     7   3.640   -1.000  lightdock_4.pdb      0 -846.038
  179     11       (11.792, 4.759, -16.418, -0.058, -0.317, 0.209, 0.923)      0      0 -1268.02280     5   5.000   -1.000 lightdock_11.pdb      0 -846.077
  121     10      (1.554, -15.654, 19.721, 0.390, -0.615, -0.193, -0.658)      0      0 -1269.03403     9   3.400   -1.000 lightdock_10.pdb      0 -846.243
  191     21     (-0.538, -9.207, 25.579, -0.687, -0.012, -0.351, -0.636)      0      0 -1269.78013     6   4.440   -1.000 lightdock_21.pdb      0 -846.258
  191      8     (-0.674, -9.153, 25.486, -0.687, -0.012, -0.351, -0.636)      0      0 -1268.23828     4   5.000   -1.000  lightdock_8.pdb      0 -846.261
  132     13          (16.076, -4.930, 6.850, 0.377, 0.186, 0.844, 0.333)      0      0 -1269.46722     0   5.000   -1.000 lightdock_13.pdb      0 -846.311
   77      4        (-6.455, 0.144, 21.245, -0.921, -0.309, 0.018, 0.237)      0      0 -1274.33736     3   5.000   -1.000  lightdock_4.pdb      0 -846.321
   59      4        (15.727, 8.493, 13.939, 0.603, -0.140, 0.752, -0.226)      0      0 -1267.58853     1   5.000   -1.000  lightdock_4.pdb      0 -846.396
   89     19        (15.385, 6.716, 16.838, -0.720, 0.035, -0.693, 0.012)      0      0 -1267.92044     1   5.000   -1.000 lightdock_19.pdb      0 -846.407
  202     18       (-1.474, 1.703, -16.882, 0.481, 0.691, -0.537, -0.050)      0      0 -1269.67318     0   5.000   -1.000 lightdock_18.pdb      0 -846.448
    8     22    (-5.949, 14.122, -12.231, -0.290, -0.681, -0.552, -0.383)      0      0 -1273.42615     1   5.000   -1.000 lightdock_22.pdb      0 -846.481
  176     19        (-14.581, 5.555, 8.614, 0.460, -0.464, 0.452, -0.607)      0      0 -1269.76753     0   5.000   -1.000 lightdock_19.pdb      0 -846.512
  202     21         (12.920, 0.071, -14.789, 0.034, 0.537, 0.618, 0.574)      0      0 -1287.31183     2   5.000   -1.000 lightdock_21.pdb      0 -846.599
  216      8        (-4.113, 24.979, -6.797, 0.460, -0.673, 0.570, 0.102)      0      0 -1272.40780     1   4.360   -1.000  lightdock_8.pdb      0 -846.700
  176     13        (-14.546, 5.618, 8.584, 0.460, -0.464, 0.452, -0.607)      0      0 -1271.49498     1   5.000   -1.000 lightdock_13.pdb      0 -846.833
  199      6         (8.855, 7.207, 17.980, -0.136, 0.921, 0.356, -0.075)      0      0 -1270.30533     0   5.000   -1.000  lightdock_6.pdb      0 -846.870
  216     10        (-3.948, 25.374, -6.945, 0.460, -0.673, 0.570, 0.102)      0      0 -1270.96409     0   5.000   -1.000 lightdock_10.pdb      0 -846.916
  199      9         (9.175, 7.370, 17.951, -0.136, 0.921, 0.356, -0.075)      0      0 -1273.83233     1   5.000   -1.000  lightdock_9.pdb      0 -846.961
   55     19       (-16.140, -7.384, 4.321, 0.601, -0.372, 0.347, -0.617)      0      0 -1274.45297     1   5.000   -1.000 lightdock_19.pdb      0 -846.999
   31     20       (1.596, 15.824, 16.334, -0.968, -0.025, -0.247, 0.045)      0      0 -1270.49875     0   5.000   -1.000 lightdock_20.pdb      0 -846.999
   77     15       (1.606, -0.284, 19.932, -0.329, -0.542, -0.262, 0.728)      0      0 -1269.17852     1   5.000   -1.000 lightdock_15.pdb      0 -847.054
  215     19        (14.514, 11.650, 4.780, -0.203, -0.830, 0.467, 0.229)      0      0 -1268.81452     4   5.000   -1.000 lightdock_19.pdb      0 -847.065
  121     12      (1.202, -15.479, 19.362, 0.390, -0.615, -0.193, -0.658)      0      0 -1268.73008     8   2.200   -1.000 lightdock_12.pdb      0 -847.148
  140     12       (-5.607, 17.584, -9.246, 0.242, 0.370, -0.573, -0.690)      0      0 -1270.78288     0   5.000   -1.000 lightdock_12.pdb      0 -847.189
   91      1      (-8.374, -10.428, -8.082, 0.800, -0.273, 0.233, -0.481)      0      0 -1270.83108     0   5.000   -1.000  lightdock_1.pdb      0 -847.221
  176      2        (-14.557, 5.599, 8.592, 0.460, -0.464, 0.452, -0.607)      0      0 -1271.68780     2   5.000   -1.000  lightdock_2.pdb      0 -847.254
  110      0        (6.662, 4.113, 21.238, -0.631, 0.199, -0.595, -0.457)      0      0 -1270.89385     0   5.000   -1.000  lightdock_0.pdb      0 -847.263
  110      1        (6.801, 4.315, 21.403, -0.631, 0.199, -0.595, -0.457)      0      0 -1273.66768     1   5.000   -1.000  lightdock_1.pdb      0 -847.324
   73     19        (-1.390, -10.010, 24.826, 0.840, 0.421, 0.341, 0.033)      0      0 -1270.61175     2   5.000   -1.000 lightdock_19.pdb      0 -847.335
  148      6        (18.949, -14.888, 1.227, 0.259, 0.159, 0.680, -0.667)      0      0 -1270.58824     3   5.000   -1.000  lightdock_6.pdb      0 -847.396
   19     10        (3.978, 20.566, -9.382, -0.850, -0.510, 0.047, 0.124)      0      0 -1268.33052     1   5.000   -1.000 lightdock_10.pdb      0 -847.443
    1     23          (6.369, 8.184, -17.510, 0.327, 0.677, 0.403, 0.522)      0      0 -1271.53779     2   5.000   -1.000 lightdock_23.pdb      0 -847.488
  109      0          (-5.664, 2.808, 17.737, 0.958, 0.236, 0.103, 0.123)      0      0 -1271.23867     0   5.000   -1.000  lightdock_0.pdb      0 -847.492
   95     14     (-1.289, -7.737, -15.358, -0.042, 0.692, -0.463, -0.552)      0      0 -1272.60711     1   5.000   -1.000 lightdock_14.pdb      0 -847.555
  148      7        (18.889, -14.905, 1.172, 0.259, 0.159, 0.680, -0.667)      0      0 -1270.10953     2   5.000   -1.000  lightdock_7.pdb      0 -847.559
   34      3        (-1.170, -17.073, -3.525, 0.754, 0.599, 0.206, 0.171)      0      0 -1271.36979     0   5.000   -1.000  lightdock_3.pdb      0 -847.579
   84      2       (13.970, -11.794, 11.408, 0.549, 0.106, -0.829, 0.009)      0      0 -1272.03963     0   5.000   -1.000  lightdock_2.pdb      0 -847.683
   77     16        (-6.292, 0.214, 21.353, -0.920, -0.310, 0.018, 0.237)      0      0 -1275.10927     5   5.000   -1.000 lightdock_16.pdb      0 -847.738
  176     18        (-14.461, 5.712, 8.570, 0.460, -0.464, 0.452, -0.607)      0      0 -1272.60811     4   5.000   -1.000 lightdock_18.pdb      0 -847.819
  147     16         (19.180, -2.647, 9.413, 0.092, 0.314, -0.535, 0.779)      0      0 -1271.77310     0   5.000   -1.000 lightdock_16.pdb      0 -847.849
  147      4         (19.262, -2.371, 9.588, 0.092, 0.314, -0.535, 0.779)      0      0 -1274.83562     1   5.000   -1.000  lightdock_4.pdb      0 -847.860
   62     12      (7.438, -5.558, -17.677, -0.775, -0.229, -0.391, 0.441)      0      0 -1274.78284     2   5.000   -1.000 lightdock_12.pdb      0 -847.949
  129      1        (-14.185, 21.245, 6.180, 0.870, -0.364, 0.189, 0.271)      0      0 -1271.98655     0   5.000   -1.000  lightdock_1.pdb      0 -847.991
    1      6          (6.540, 8.327, -17.918, 0.327, 0.677, 0.403, 0.522)      0      0 -1271.07664     1   5.000   -1.000  lightdock_6.pdb      0 -848.016
   77      9        (-6.074, 0.327, 21.447, -0.920, -0.314, 0.019, 0.236)      0      0 -1274.40657     4   5.000   -1.000  lightdock_9.pdb      0 -848.077
  108     11        (5.812, -16.812, -1.831, 0.073, -0.373, 0.572, 0.727)      0      0 -1270.75908     1   5.000   -1.000 lightdock_11.pdb      0 -848.104
   67      7       (17.731, 16.479, -13.850, -0.344, 0.213, 0.816, 0.413)      0      0 -1275.37975     2   5.000   -1.000  lightdock_7.pdb      0 -848.110
  185     12          (3.010, 6.268, 18.319, 0.455, -0.370, 0.471, 0.659)      0      0 -1279.62021     1   5.000   -1.000 lightdock_12.pdb      0 -848.146
  139     16      (16.040, 12.301, 12.507, -0.401, -0.383, 0.784, -0.280)      0      0 -1272.38315     0   5.000   -1.000 lightdock_16.pdb      0 -848.239
   62     15      (7.442, -5.988, -17.473, -0.775, -0.229, -0.391, 0.441)      0      0 -1272.60339     0   5.000   -1.000 lightdock_15.pdb      0 -848.346
   95      2     (-1.368, -7.943, -15.084, -0.042, 0.692, -0.463, -0.552)      0      0 -1272.52687     0   5.000   -1.000  lightdock_2.pdb      0 -848.351
  166     23    (-17.900, -0.672, -12.295, -0.283, 0.401, -0.698, -0.522)      0      0 -1272.55615     0   5.000   -1.000 lightdock_23.pdb      0 -848.371
  198     16        (3.321, 8.307, 17.139, -0.476, 0.599, -0.182, -0.618)      0      0 -1272.61805     0   5.000   -1.000 lightdock_16.pdb      0 -848.411
   37      4       (-13.812, 13.930, 2.950, 0.091, -0.192, 0.436, -0.874)      0      0 -1272.83168     0   5.000   -1.000  lightdock_4.pdb      0 -848.554
  210     17     (-15.037, 10.757, -18.409, 0.473, -0.874, 0.108, -0.020)      0      0 -1272.87077     0   5.000   -1.000 lightdock_17.pdb      0 -848.581
   84     18       (14.308, -12.086, 11.345, 0.549, 0.106, -0.829, 0.009)      0      0 -1274.45749     1   5.000   -1.000 lightdock_18.pdb      0 -848.646
   69     22        (11.569, 26.582, -0.941, -0.732, 0.226, 0.290, 0.573)      0      0 -1276.98964     2   5.000   -1.000 lightdock_22.pdb      0 -848.685
   31      3       (1.623, 15.673, 16.670, -0.968, -0.025, -0.247, 0.045)      0      0 -1272.30759     1   5.000   -1.000  lightdock_3.pdb      0 -848.701
  202      1         (12.973, 0.087, -14.866, 0.034, 0.537, 0.618, 0.574)      0      0 -1286.53796     1   5.000   -1.000  lightdock_1.pdb      0 -848.738
  108     21        (7.388, -23.166, -7.224, 0.233, 0.201, -0.360, 0.881)      0      0 -1273.19918     0   5.000   -1.000 lightdock_21.pdb      0 -848.799
   85     24       (-16.305, -5.077, 4.174, 0.489, -0.558, -0.635, 0.214)      0      0 -1273.26941     0   5.000   -1.000 lightdock_24.pdb      0 -848.846
    3     19      (19.583, -10.055, -2.339, -0.033, 0.511, -0.080, 0.855)      0      0 -1275.62227     2   5.000   -1.000 lightdock_19.pdb      0 -848.846
  129     10        (-13.787, 21.241, 6.183, 0.870, -0.364, 0.189, 0.271)      0      0 -1275.52806     1   5.000   -1.000 lightdock_10.pdb      0 -848.893
  113     16        (-0.800, 1.224, 16.119, 0.069, -0.075, -0.551, 0.828)      0      0 -1266.19868     4   5.000   -1.000 lightdock_16.pdb      0 -848.909
   56      5         (8.123, 7.047, 15.725, 0.085, -0.222, 0.165, -0.957)      0      0 -1273.38427     0   5.000   -1.000  lightdock_5.pdb      0 -848.923
  216     22        (-4.028, 25.465, -6.932, 0.460, -0.673, 0.570, 0.102)      0      0 -1273.26585     3   5.000   -1.000 lightdock_22.pdb      0 -849.032
  176     14        (-14.769, 5.218, 8.780, 0.460, -0.464, 0.452, -0.607)      0      0 -1272.43627     3   5.000   -1.000 lightdock_14.pdb      0 -849.057
  129     14        (-13.785, 21.215, 6.141, 0.870, -0.364, 0.189, 0.271)      0      0 -1275.76519     2   5.000   -1.000 lightdock_14.pdb      0 -849.077
   67     17       (17.751, 16.567, -13.805, -0.344, 0.213, 0.816, 0.413)      0      0 -1275.11155     1   5.000   -1.000 lightdock_17.pdb      0 -849.092
  216      6        (-3.898, 25.345, -6.959, 0.460, -0.673, 0.570, 0.102)      0      0 -1272.47226     2   5.000   -1.000  lightdock_6.pdb      0 -849.127
   21      4       (-17.337, 9.740, 4.321, -0.584, -0.470, -0.627, 0.214)      0      0 -1273.70843     0   5.000   -1.000  lightdock_4.pdb      0 -849.138
   55     24       (-15.875, -7.220, 4.321, 0.601, -0.372, 0.347, -0.617)      0      0 -1273.90672     0   5.000   -1.000 lightdock_24.pdb      0 -849.166
  198     22        (3.546, 8.661, 17.081, -0.476, 0.599, -0.182, -0.618)      0      0 -1274.85337     1   5.000   -1.000 lightdock_22.pdb      0 -849.174
   67     22       (17.661, 16.159, -14.012, -0.344, 0.213, 0.816, 0.413)      0      0 -1273.79308     0   5.000   -1.000 lightdock_22.pdb      0 -849.195
    3     21       (19.660, -9.957, -2.694, -0.033, 0.511, -0.080, 0.855)      0      0 -1273.81941     0   5.000   -1.000 lightdock_21.pdb      0 -849.213
  136      5       (-17.833, 0.858, -1.512, 0.170, -0.404, 0.441, -0.783)      0      0 -1274.77198     1   5.000   -1.000  lightdock_5.pdb      0 -849.219
   78     11       (14.571, -0.347, -18.683, -0.108, 0.730, 0.043, 0.673)      0      0 -1276.68834     1   5.000   -1.000 lightdock_11.pdb      0 -849.239
    8      2        (-6.030, 14.540, -12.195, 0.682, 0.434, 0.428, 0.403)      0      0 -1274.96563     1   5.000   -1.000  lightdock_2.pdb      0 -849.244
  202      2       (-1.542, 1.933, -16.930, 0.481, 0.691, -0.537, -0.050)      0      0 -1273.18129     1   5.000   -1.000  lightdock_2.pdb      0 -849.303
  185     14          (3.040, 6.165, 17.340, 0.455, -0.370, 0.471, 0.659)      0      0 -1280.68743     2   5.000   -1.000 lightdock_14.pdb      0 -849.303
   69      2        (11.435, 26.590, -0.974, -0.732, 0.226, 0.290, 0.573)      0      0 -1274.99846     1   5.000   -1.000  lightdock_2.pdb      0 -849.318
    8      7        (-5.921, 14.529, -12.154, 0.682, 0.434, 0.428, 0.403)      0      0 -1276.52845     2   5.000   -1.000  lightdock_7.pdb      0 -849.354
  144     17      (-15.749, -9.117, 6.164, -0.117, -0.312, 0.331, -0.883)      0      0 -1274.06285     0   5.000   -1.000 lightdock_17.pdb      0 -849.375
  206      9     (15.555, -10.746, -13.840, 0.033, -0.388, 0.424, -0.818)      0      0 -1275.71963     1   5.000   -1.000  lightdock_9.pdb      0 -849.411
   84     11       (13.804, -12.180, 11.296, 0.549, 0.106, -0.829, 0.009)      0      0 -1274.80050     2   5.000   -1.000 lightdock_11.pdb      0 -849.428
   95     10     (-1.427, -8.099, -14.878, -0.042, 0.692, -0.463, -0.552)      0      0 -1273.46872     2   5.000   -1.000 lightdock_10.pdb      0 -849.442
  184     17         (0.258, -16.503, 18.317, 0.416, 0.041, 0.111, 0.902)      0      0 -1274.18954     0   5.000   -1.000 lightdock_17.pdb      0 -849.460
   69     16        (11.752, 26.656, -0.601, -0.732, 0.226, 0.290, 0.573)      0      0 -1274.21853     0   5.000   -1.000 lightdock_16.pdb      0 -849.479
  206     15     (15.532, -10.574, -13.600, 0.033, -0.388, 0.424, -0.818)      0      0 -1274.29880     0   5.000   -1.000 lightdock_15.pdb      0 -849.533
  216     12        (-3.722, 25.254, -7.010, 0.460, -0.673, 0.570, 0.102)      0      0 -1273.30176     4   5.000   -1.000 lightdock_12.pdb      0 -849.549
   73     13         (-1.235, -9.899, 24.841, 0.840, 0.421, 0.341, 0.033)      0      0 -1271.86721     3   5.000   -1.000 lightdock_13.pdb      0 -849.616
  136      9       (-17.903, 0.947, -1.473, 0.170, -0.404, 0.441, -0.783)      0      0 -1274.59003     0   5.000   -1.000  lightdock_9.pdb      0 -849.727
  210     22     (-15.344, 10.653, -18.713, 0.473, -0.874, 0.108, -0.020)      0      0 -1274.49367     1   5.000   -1.000 lightdock_22.pdb      0 -849.772
  176      7        (-14.706, 5.310, 8.747, 0.460, -0.464, 0.452, -0.607)      0      0 -1273.61782     5   5.000   -1.000  lightdock_7.pdb      0 -849.775
   21      7       (-17.420, 9.841, 3.865, -0.584, -0.470, -0.627, 0.214)      0      0 -1274.67623     1   5.000   -1.000  lightdock_7.pdb      0 -849.778
  149     23     (10.278, -9.582, -14.272, -0.103, -0.554, 0.240, -0.790)      0      0 -1274.71628     0   5.000   -1.000 lightdock_23.pdb      0 -849.811
    3      3       (19.773, -9.837, -2.925, -0.033, 0.511, -0.080, 0.855)      0      0 -1274.85919     1   5.000   -1.000  lightdock_3.pdb      0 -849.834
   34     15        (-1.148, -16.710, -3.333, 0.754, 0.599, 0.206, 0.171)      0      0 -1273.43889     1   5.000   -1.000 lightdock_15.pdb      0 -849.840
   42     12       (-9.225, -7.413, 19.694, 0.354, -0.456, 0.787, -0.217)      0      0 -1274.87701     4   5.000   -1.000 lightdock_12.pdb      0 -849.851
   73     15       (-2.735, -5.944, 20.445, 0.112, -0.565, 0.764, -0.291)      0      0 -1277.08873     1   5.000   -1.000 lightdock_15.pdb      0 -849.884
   73     22       (-2.772, -6.317, 20.774, 0.112, -0.565, 0.764, -0.291)      0      0 -1276.34468     0   5.000   -1.000 lightdock_22.pdb      0 -849.965
   78     13       (14.283, -0.344, -18.545, -0.108, 0.730, 0.043, 0.673)      0      0 -1274.96869     0   5.000   -1.000 lightdock_13.pdb      0 -849.979
   49      0        (22.285, -12.209, -9.658, 0.161, 0.554, 0.817, 0.002)      0      0 -1277.83352     1   5.000   -1.000  lightdock_0.pdb      0 -850.016
   42      1       (-9.047, -7.432, 19.721, 0.354, -0.456, 0.787, -0.217)      0      0 -1276.86711     5   5.000   -1.000  lightdock_1.pdb      0 -850.054
   62     24      (7.444, -6.331, -17.328, -0.775, -0.229, -0.391, 0.441)      0      0 -1274.39315     1   5.000   -1.000 lightdock_24.pdb      0 -850.117
  166     10    (-17.804, -0.838, -12.126, -0.283, 0.401, -0.698, -0.522)      0      0 -1273.78283     1   5.000   -1.000 lightdock_10.pdb      0 -850.197
  216     15        (-3.996, 25.390, -6.929, 0.460, -0.673, 0.570, 0.102)      0      0 -1275.43003     6   4.760   -1.000 lightdock_15.pdb      0 -850.219
  194     18     (-14.227, 16.989, 13.876, -0.973, 0.130, -0.185, -0.052)      0      0 -1277.12402     0   5.000   -1.000 lightdock_18.pdb      0 -850.245
   62     14      (7.443, -5.774, -17.518, -0.775, -0.229, -0.391, 0.441)      0      0 -1275.29229     3   5.000   -1.000 lightdock_14.pdb      0 -850.250
   84      3       (13.761, -11.607, 11.447, 0.549, 0.106, -0.829, 0.009)      0      0 -1275.62480     4   5.000   -1.000  lightdock_3.pdb      0 -850.273
  142     10       (2.558, -21.925, -0.922, 0.164, -0.787, 0.568, -0.176)      0      0 -1275.43793     0   5.000   -1.000 lightdock_10.pdb      0 -850.292
  202     15       (-1.415, 1.501, -16.839, 0.481, 0.691, -0.537, -0.050)      0      0 -1274.75075     2   5.000   -1.000 lightdock_15.pdb      0 -850.306
   49     12        (21.888, -12.200, -9.653, 0.161, 0.554, 0.817, 0.002)      0      0 -1275.59816     0   5.000   -1.000 lightdock_12.pdb      0 -850.348
  216      1        (-3.799, 25.347, -6.999, 0.460, -0.673, 0.570, 0.102)      0      0 -1274.01170     5   5.000   -1.000  lightdock_1.pdb      0 -850.384
  171     17         (-6.011, 7.373, -16.247, 0.107, 0.282, 0.316, 0.899)      0      0 -1275.64308     0   5.000   -1.000 lightdock_17.pdb      0 -850.429
  178      1       (-11.128, 21.215, -7.374, 0.331, 0.442, -0.195, 0.811)      0      0 -1277.11220     2   5.000   -1.000  lightdock_1.pdb      0 -850.484
  129      2       (-10.445, 22.865, 11.501, 0.916, -0.267, 0.272, 0.122)      0      0 -1275.77395     0   5.000   -1.000  lightdock_2.pdb      0 -850.516
  139     12      (15.855, 12.200, 12.831, -0.401, -0.383, 0.784, -0.280)      0      0 -1274.64866     1   5.000   -1.000 lightdock_12.pdb      0 -850.516
  194     11     (-14.412, 16.776, 13.830, -0.973, 0.130, -0.185, -0.052)      0      0 -1277.21805     1   5.000   -1.000 lightdock_11.pdb      0 -850.519
   62      1      (7.435, -6.313, -17.516, -0.775, -0.229, -0.391, 0.441)      0      0 -1275.51099     4   5.000   -1.000  lightdock_1.pdb      0 -850.581
  142      6       (2.151, -22.145, -0.826, 0.164, -0.787, 0.568, -0.176)      0      0 -1276.43686     1   5.000   -1.000  lightdock_6.pdb      0 -850.584
    8     24        (-6.458, 14.605, -12.395, 0.682, 0.434, 0.428, 0.403)      0      0 -1277.04765     3   5.000   -1.000 lightdock_24.pdb      0 -850.587
   73     11       (-2.769, -6.289, 20.749, 0.112, -0.565, 0.764, -0.291)      0      0 -1278.36504     2   5.000   -1.000 lightdock_11.pdb      0 -850.609
  200     12          (5.086, -26.352, 9.324, 0.537, 0.661, 0.243, 0.465)      0      0 -1277.71893     1   5.000   -1.000 lightdock_12.pdb      0 -850.614
  200      5          (4.990, -26.210, 9.509, 0.537, 0.661, 0.243, 0.465)      0      0 -1276.31394     0   5.000   -1.000  lightdock_5.pdb      0 -850.650
  178     19       (-11.200, 20.999, -7.129, 0.331, 0.442, -0.195, 0.811)      0      0 -1276.89796     1   5.000   -1.000 lightdock_19.pdb      0 -850.699
  136     18       (-18.121, 1.227, -1.351, 0.170, -0.404, 0.441, -0.783)      0      0 -1275.50261     2   5.000   -1.000 lightdock_18.pdb      0 -850.751
  111     24      (18.106, -7.255, 15.534, 0.857, -0.144, -0.355, -0.344)      0      0 -1276.27100     0   5.000   -1.000 lightdock_24.pdb      0 -850.847
  111     16       (14.664, -5.788, 11.743, 0.708, 0.267, -0.610, -0.236)      0      0 -1276.28946     0   5.000   -1.000 lightdock_16.pdb      0 -850.860
  157      5        (-14.611, 13.867, -5.941, 0.208, 0.010, 0.930, 0.304)      0      0 -1276.32049     0   5.000   -1.000  lightdock_5.pdb      0 -850.880
   11     10         (18.050, -7.552, 3.576, 0.449, -0.722, 0.122, 0.512)      0      0 -1272.63777     2   5.000   -1.000 lightdock_10.pdb      0 -850.918
  139     11         (12.316, 18.334, 5.654, 0.077, 0.932, 0.114, -0.337)      0      0 -1276.46170     0   5.000   -1.000 lightdock_11.pdb      0 -850.974
  164      9     (-0.533, -11.351, -13.751, 0.248, 0.456, -0.146, -0.842)      0      0 -1276.50209     0   5.000   -1.000  lightdock_9.pdb      0 -851.001
   55     20       (-15.597, -7.024, 4.274, 0.601, -0.372, 0.347, -0.617)      0      0 -1275.73720     2   5.000   -1.000 lightdock_20.pdb      0 -851.079
   84      5       (14.151, -11.960, 11.371, 0.549, 0.106, -0.829, 0.009)      0      0 -1275.55176     3   5.000   -1.000  lightdock_5.pdb      0 -851.120
  140      3       (-5.610, 17.562, -9.109, 0.242, 0.370, -0.573, -0.690)      0      0 -1275.82001     1   5.000   -1.000  lightdock_3.pdb      0 -851.129
  178     10       (-11.226, 20.931, -7.001, 0.331, 0.442, -0.195, 0.811)      0      0 -1276.73640     0   5.000   -1.000 lightdock_10.pdb      0 -851.158
   84     13       (13.658, -11.698, 11.378, 0.549, 0.106, -0.829, 0.009)      0      0 -1276.84102     6   3.880   -1.000 lightdock_13.pdb      0 -851.238
  219      8       (-14.359, 2.163, 11.610, 0.492, -0.727, -0.381, 0.291)      0      0 -1276.93382     0   5.000   -1.000  lightdock_8.pdb      0 -851.289
  184      5       (-10.978, -20.406, 15.169, 0.754, 0.625, 0.019, 0.201)      0      0 -1279.34574     1   5.000   -1.000  lightdock_5.pdb      0 -851.345
  189     13        (12.089, 17.638, 7.566, 0.027, 0.040, -0.601, -0.798)      0      0 -1277.16160     0   5.000   -1.000 lightdock_13.pdb      0 -851.441
   11     15        (21.741, -2.175, 8.378, -0.227, -0.764, 0.551, 0.247)      0      0 -1286.76288     3   3.320   -1.000 lightdock_15.pdb      0 -851.445
  185      8          (3.020, 6.233, 17.986, 0.455, -0.370, 0.471, 0.659)      0      0 -1277.17557     0   5.000   -1.000  lightdock_8.pdb      0 -851.447
   69     15        (11.602, 26.625, -0.778, -0.732, 0.226, 0.290, 0.573)      0      0 -1277.05388     3   5.000   -1.000 lightdock_15.pdb      0 -851.454
   92      0       (-19.509, 8.512, 9.265, -0.396, 0.712, -0.427, -0.393)      0      0 -1277.23863     0   5.000   -1.000  lightdock_0.pdb      0 -851.473
  184      0       (-11.341, -20.395, 15.285, 0.754, 0.625, 0.019, 0.201)      0      0 -1277.25083     0   5.000   -1.000  lightdock_0.pdb      0 -851.501
  148     16       (15.487, -10.854, 3.592, 0.765, 0.153, -0.235, -0.580)      0      0 -1277.26387     0   5.000   -1.000 lightdock_16.pdb      0 -851.509
  139      4      (16.035, 12.300, 12.520, -0.401, -0.383, 0.784, -0.280)      0      0 -1275.71892     2   5.000   -1.000  lightdock_4.pdb      0 -851.530
  202      7       (-1.433, 1.564, -16.852, 0.481, 0.691, -0.537, -0.050)      0      0 -1275.86376     3   5.000   -1.000  lightdock_7.pdb      0 -851.556
   92     13       (-19.547, 8.498, 9.208, -0.396, 0.712, -0.427, -0.393)      0      0 -1277.84943     1   5.000   -1.000 lightdock_13.pdb      0 -851.560
  164     22     (-0.283, -11.311, -14.157, 0.248, 0.456, -0.146, -0.842)      0      0 -1280.17950     1   5.000   -1.000 lightdock_22.pdb      0 -851.651
  199      3         (8.857, 7.209, 17.979, -0.136, 0.921, 0.356, -0.075)      0      0 -1274.94295     2   5.000   -1.000  lightdock_3.pdb      0 -851.674
  194     23     (-14.371, 16.825, 13.840, -0.973, 0.130, -0.185, -0.052)      0      0 -1278.39199     2   5.000   -1.000 lightdock_23.pdb      0 -851.683
  200     10          (5.084, -26.256, 9.376, 0.537, 0.661, 0.243, 0.465)      0      0 -1278.52511     3   5.000   -1.000 lightdock_10.pdb      0 -851.706
   84     12       (13.845, -11.873, 11.383, 0.549, 0.106, -0.829, 0.009)      0      0 -1276.12496     5   5.000   -1.000 lightdock_12.pdb      0 -851.761
   73     14       (-2.787, -6.496, 20.943, 0.112, -0.565, 0.764, -0.291)      0      0 -1281.13976     3   5.000   -1.000 lightdock_14.pdb      0 -851.837
  186      6       (8.937, -19.532, 17.776, 0.162, -0.199, -0.072, 0.964)      0      0 -1277.75872     0   5.000   -1.000  lightdock_6.pdb      0 -851.839
   92      2       (-19.401, 8.540, 9.417, -0.396, 0.712, -0.427, -0.393)      0      0 -1278.38149     2   5.000   -1.000  lightdock_2.pdb      0 -851.883
   21     20       (-17.362, 9.769, 4.194, -0.584, -0.470, -0.627, 0.214)      0      0 -1276.51864     2   5.000   -1.000 lightdock_20.pdb      0 -851.910
  219     13       (-18.251, 3.933, 4.712, 0.640, -0.613, -0.431, -0.170)      0      0 -1277.92206     0   5.000   -1.000 lightdock_13.pdb      0 -851.948
  219     15       (-18.077, 4.227, 4.349, 0.640, -0.613, -0.431, -0.170)      0      0 -1278.83227     1   5.000   -1.000 lightdock_15.pdb      0 -851.956
    3     17       (19.717, -9.899, -2.782, -0.033, 0.511, -0.080, 0.855)      0      0 -1276.61929     3   5.000   -1.000 lightdock_17.pdb      0 -851.990
   11     21        (21.617, -2.049, 7.712, -0.227, -0.764, 0.551, 0.247)      0      0 -1284.22776     0   5.000   -1.000 lightdock_21.pdb      0 -852.084
  198      5        (3.270, 8.227, 17.153, -0.476, 0.599, -0.182, -0.618)      0      0 -1277.09603     2   5.000   -1.000  lightdock_5.pdb      0 -852.115
  108     24        (7.169, -23.136, -7.444, 0.233, 0.201, -0.360, 0.881)      0      0 -1277.10120     1   5.000   -1.000 lightdock_24.pdb      0 -852.148
  131      5      (6.886, 10.659, -15.432, 0.612, -0.458, -0.468, -0.444)      0      0 -1278.27182     0   5.000   -1.000  lightdock_5.pdb      0 -852.181
  110     24        (6.590, 4.021, 21.157, -0.631, 0.199, -0.595, -0.457)      0      0 -1275.80363     2   5.000   -1.000 lightdock_24.pdb      0 -852.202
  200      2          (4.870, -26.049, 9.733, 0.537, 0.661, 0.243, 0.465)      0      0 -1277.89691     2   5.000   -1.000  lightdock_2.pdb      0 -852.315
  111     10      (18.253, -7.032, 15.854, 0.857, -0.144, -0.355, -0.344)      0      0 -1279.07145     2   5.000   -1.000 lightdock_10.pdb      0 -852.335
   52     23     (13.415, -14.715, 14.195, -0.109, -0.963, 0.226, -0.099)      0      0 -1281.13678     1   5.000   -1.000 lightdock_23.pdb      0 -852.382
  132      9         (16.530, -9.458, 15.864, 0.552, 0.363, 0.412, 0.628)      0      0 -1279.07828     1   5.000   -1.000  lightdock_9.pdb      0 -852.392
  129      6        (-14.328, 21.246, 6.178, 0.870, -0.364, 0.189, 0.271)      0      0 -1277.41101     3   5.000   -1.000  lightdock_6.pdb      0 -852.470
  178     24       (-11.264, 20.826, -6.814, 0.331, 0.442, -0.195, 0.811)      0      0 -1278.49946     4   5.000   -1.000 lightdock_24.pdb      0 -852.504
  181     11        (-9.731, -15.911, 4.683, -0.180, 0.434, 0.709, 0.526)      0      0 -1278.80610     0   5.000   -1.000 lightdock_11.pdb      0 -852.537
   20     19       (24.639, 2.112, 7.671, -0.392, -0.193, -0.885, -0.163)      0      0 -1289.28269     0   5.000   -1.000 lightdock_19.pdb      0 -852.549
  131     16      (6.915, 10.542, -15.464, 0.612, -0.458, -0.468, -0.444)      0      0 -1279.46119     1   5.000   -1.000 lightdock_16.pdb      0 -852.558
   78     23       (14.278, -0.344, -18.542, -0.108, 0.730, 0.043, 0.673)      0      0 -1277.44793     2   5.000   -1.000 lightdock_23.pdb      0 -852.579
  132     20         (16.669, -9.269, 15.636, 0.552, 0.363, 0.412, 0.628)      0      0 -1278.87617     0   5.000   -1.000 lightdock_20.pdb      0 -852.584
  219     16       (-14.403, 2.050, 11.630, 0.492, -0.727, -0.381, 0.291)      0      0 -1279.05392     1   5.000   -1.000 lightdock_16.pdb      0 -852.620
   80     11     (-3.638, -14.529, -11.833, -0.248, -0.468, 0.209, 0.822)      0      0 -1280.36999     1   5.000   -1.000 lightdock_11.pdb      0 -852.624
   92      9       (-19.465, 8.548, 9.346, -0.396, 0.712, -0.427, -0.393)      0      0 -1279.15215     3   4.440   -1.000  lightdock_9.pdb      0 -852.632
   29      0       (8.580, -10.408, -12.890, -0.085, 0.796, 0.151, 0.580)      0      0 -1280.61042     1   5.000   -1.000  lightdock_0.pdb      0 -852.682
  202     20         (12.763, 0.074, -14.577, 0.034, 0.537, 0.618, 0.574)      0      0 -1286.29577     0   5.000   -1.000 lightdock_20.pdb      0 -852.686
  178     17       (-11.289, 20.759, -6.677, 0.331, 0.442, -0.195, 0.811)      0      0 -1278.38650     3   5.000   -1.000 lightdock_17.pdb      0 -852.712
   78      7       (14.109, -0.310, -18.404, -0.108, 0.730, 0.043, 0.673)      0      0 -1277.72646     3   5.000   -1.000  lightdock_7.pdb      0 -852.726
  160     13      (-20.421, -5.481, 15.655, -0.590, -0.759, 0.004, 0.276)      0      0 -1280.56586     1   5.000   -1.000 lightdock_13.pdb      0 -852.756
  111      1      (18.067, -7.315, 15.449, 0.857, -0.144, -0.355, -0.344)      0      0 -1278.39469     1   5.000   -1.000  lightdock_1.pdb      0 -852.807
  199     19         (8.845, 7.291, 17.767, -0.136, 0.921, 0.356, -0.075)      0      0 -1276.52310     3   5.000   -1.000 lightdock_19.pdb      0 -852.812
  111     12       (14.453, -6.047, 11.607, 0.708, 0.267, -0.610, -0.236)      0      0 -1279.43511     1   5.000   -1.000 lightdock_12.pdb      0 -852.863
  178     11       (-11.294, 20.744, -6.673, 0.331, 0.442, -0.195, 0.811)      0      0 -1278.82667     5   5.000   -1.000 lightdock_11.pdb      0 -852.900
  217     10       (-3.490, 20.406, 9.016, -0.399, 0.377, -0.722, -0.421)      0      0 -1279.46413     0   5.000   -1.000 lightdock_10.pdb      0 -852.976
   76     14     (-2.226, 12.540, -19.644, -0.499, -0.246, -0.156, 0.816)      0      0 -1279.49200     0   5.000   -1.000 lightdock_14.pdb      0 -852.995
   11     22        (21.530, -2.135, 7.852, -0.227, -0.764, 0.551, 0.247)      0      0 -1284.47357     1   2.680   -1.000 lightdock_22.pdb      0 -853.002
   81      1       (23.550, -0.922, -12.585, -0.122, 0.510, 0.695, 0.491)      0      0 -1282.87793     1   5.000   -1.000  lightdock_1.pdb      0 -853.018
  109      2         (-0.755, 9.253, 15.135, 0.086, 0.930, -0.350, 0.076)      0      0 -1283.48627     3   5.000   -1.000  lightdock_2.pdb      0 -853.046
   52      4     (13.674, -14.951, 13.788, -0.109, -0.963, 0.226, -0.099)      0      0 -1281.56659     2   5.000   -1.000  lightdock_4.pdb      0 -853.067
  109     15         (-0.761, 9.256, 15.181, 0.086, 0.930, -0.350, 0.076)      0      0 -1281.57574     2   5.000   -1.000 lightdock_15.pdb      0 -853.071
  194     14     (-14.065, 17.175, 13.917, -0.973, 0.130, -0.185, -0.052)      0      0 -1279.85152     3   5.000   -1.000 lightdock_14.pdb      0 -853.090
    6     22      (-15.775, -5.978, -0.821, -0.119, 0.228, -0.771, 0.582)      0      0 -1279.80424     0   5.000   -1.000 lightdock_22.pdb      0 -853.203
  160     17      (-20.091, -5.682, 15.906, -0.590, -0.759, 0.004, 0.276)      0      0 -1279.82798     0   5.000   -1.000 lightdock_17.pdb      0 -853.218
   55     16       (-15.823, -7.092, 4.144, 0.601, -0.372, 0.347, -0.617)      0      0 -1277.08657     3   5.000   -1.000 lightdock_16.pdb      0 -853.242
   80     21     (-3.572, -14.629, -12.107, -0.248, -0.468, 0.209, 0.822)      0      0 -1279.86598     0   5.000   -1.000 lightdock_21.pdb      0 -853.244
   92      6       (-19.626, 8.390, 9.029, -0.396, 0.712, -0.427, -0.393)      0      0 -1279.56050     5   4.680   -1.000  lightdock_6.pdb      0 -853.266
   11     14        (21.621, -2.013, 7.594, -0.227, -0.764, 0.551, 0.247)      0      0 -1284.56906     2   5.000   -1.000 lightdock_14.pdb      0 -853.286
  146     14        (24.429, 7.130, -9.167, -0.465, 0.347, -0.499, 0.644)      0      0 -1280.92533     1   5.000   -1.000 lightdock_14.pdb      0 -853.344
   11     11        (21.310, -2.356, 8.221, -0.227, -0.764, 0.551, 0.247)      0      0 -1287.97000     5   4.920   -1.000 lightdock_11.pdb      0 -853.361
   52      3     (13.513, -14.803, 14.026, -0.109, -0.963, 0.226, -0.099)      0      0 -1280.08951     0   5.000   -1.000  lightdock_3.pdb      0 -853.391
   11      4        (21.331, -2.339, 8.201, -0.227, -0.764, 0.551, 0.247)      0      0 -1287.84065     4   5.000   -1.000  lightdock_4.pdb      0 -853.424
   92      5       (-19.302, 8.586, 9.574, -0.396, 0.712, -0.427, -0.393)      0      0 -1279.21294     4   3.960   -1.000  lightdock_5.pdb      0 -853.451
  166     15    (-15.266, -0.277, -18.702, -0.383, 0.372, -0.779, -0.329)      0      0 -1280.27952     0   5.000   -1.000 lightdock_15.pdb      0 -853.466
  202     16         (12.570, 0.321, -14.376, 0.034, 0.537, 0.618, 0.574)      0      0 -1290.29738     3   5.000   -1.000 lightdock_16.pdb      0 -853.473
   81      7       (23.276, -0.941, -12.278, -0.122, 0.510, 0.695, 0.491)      0      0 -1281.58996     0   3.720   -1.000  lightdock_7.pdb      0 -853.514
   76      2     (-1.918, 12.667, -19.298, -0.499, -0.246, -0.156, 0.816)      0      0 -1280.76704     1   5.000   -1.000  lightdock_2.pdb      0 -853.530
   26     22         (11.164, -13.510, 4.649, 0.623, 0.161, 0.086, 0.761)      0      0 -1280.31153     0   5.000   -1.000 lightdock_22.pdb      0 -853.541
   92     15       (-19.322, 8.590, 9.551, -0.396, 0.712, -0.427, -0.393)      0      0 -1279.65971     6   4.440   -1.000 lightdock_15.pdb      0 -853.564
   78      9       (14.697, -0.399, -18.838, -0.108, 0.730, 0.043, 0.673)      0      0 -1278.91871     4   5.000   -1.000  lightdock_9.pdb      0 -853.596
   49     24        (21.760, -12.196, -9.652, 0.161, 0.554, 0.817, 0.002)      0      0 -1278.18238     2   5.000   -1.000 lightdock_24.pdb      0 -853.623
   29     17       (8.361, -10.395, -12.745, -0.085, 0.796, 0.151, 0.580)      0      0 -1280.54871     0   5.000   -1.000 lightdock_17.pdb      0 -853.699
   37     12       (-13.816, 13.767, 2.822, 0.091, -0.192, 0.436, -0.874)      0      0 -1278.33712     1   5.000   -1.000 lightdock_12.pdb      0 -853.735
    8     21        (2.215, 18.153, -21.957, -0.524, 0.734, 0.113, 0.417)      0      0 -1280.68547     0   5.000   -1.000 lightdock_21.pdb      0 -853.790
  146     16        (24.319, 7.338, -8.783, -0.465, 0.347, -0.499, 0.644)      0      0 -1280.82301     0   5.000   -1.000 lightdock_16.pdb      0 -853.882
  100     22         (18.040, 9.406, 9.320, 0.236, -0.563, 0.475, -0.633)      0      0 -1281.86352     1   5.000   -1.000 lightdock_22.pdb      0 -853.894
  100     12         (18.211, 9.481, 8.944, 0.236, -0.563, 0.475, -0.633)      0      0 -1280.91843     0   5.000   -1.000 lightdock_12.pdb      0 -853.923
  132     16          (18.836, 0.252, 8.381, 0.005, 0.983, -0.138, 0.119)      0      0 -1281.15861     0   5.000   -1.000 lightdock_16.pdb      0 -854.046
   51     18        (-1.233, -19.822, 17.315, 0.806, 0.531, 0.230, 0.124)      0      0 -1283.70289     1   5.000   -1.000 lightdock_18.pdb      0 -854.085
   70     16          (8.470, -18.412, 0.698, 0.553, 0.447, 0.239, 0.661)      0      0 -1284.22155     1   5.000   -1.000 lightdock_16.pdb      0 -854.087
  131      1      (6.809, 10.979, -15.343, 0.612, -0.458, -0.468, -0.444)      0      0 -1279.75321     2   5.000   -1.000  lightdock_1.pdb      0 -854.109
  132     18          (19.234, 0.296, 8.097, 0.005, 0.983, -0.138, 0.119)      0      0 -1281.65440     1   5.000   -1.000 lightdock_18.pdb      0 -854.146
  139     21         (12.246, 18.394, 5.509, 0.077, 0.932, 0.114, -0.337)      0      0 -1279.99662     1   5.000   -1.000 lightdock_21.pdb      0 -854.201
   26      5        (7.494, -15.363, 4.155, -0.286, 0.026, 0.652, -0.702)      0      0 -1281.48045     0   5.000   -1.000  lightdock_5.pdb      0 -854.320
   92     16       (-19.307, 8.618, 9.594, -0.396, 0.712, -0.427, -0.393)      0      0 -1280.10340     7   2.280   -1.000 lightdock_16.pdb      0 -854.334
   81      5       (23.569, -1.014, -11.926, -0.122, 0.510, 0.695, 0.491)      0      0 -1284.55066     3   1.080   -1.000  lightdock_5.pdb      0 -854.347
  184     10       (-11.526, -20.390, 15.345, 0.754, 0.625, 0.019, 0.201)      0      0 -1279.81489     2   5.000   -1.000 lightdock_10.pdb      0 -854.357
  132     11          (19.148, 0.281, 8.146, 0.005, 0.983, -0.138, 0.119)      0      0 -1281.87835     2   5.000   -1.000 lightdock_11.pdb      0 -854.436
  100      1         (18.391, 9.591, 8.527, 0.236, -0.563, 0.475, -0.633)      0      0 -1282.39220     2   5.000   -1.000  lightdock_1.pdb      0 -854.441
  219     20       (-18.229, 4.028, 4.661, 0.640, -0.613, -0.431, -0.170)      0      0 -1280.48333     2   5.000   -1.000 lightdock_20.pdb      0 -854.442
   76      3     (-2.241, 12.534, -19.661, -0.499, -0.246, -0.156, 0.816)      0      0 -1281.49821     2   5.000   -1.000  lightdock_3.pdb      0 -854.451
  141      5      (6.736, -8.273, -3.195, -0.117, -0.749, -0.484, -0.437)      0      0 -1281.68717     0   5.000   -1.000  lightdock_5.pdb      0 -854.458
   23     22      (-4.748, 22.423, 15.147, -0.526, 0.393, -0.568, -0.497)      0      0 -1282.22409     0   5.000   -1.000 lightdock_22.pdb      0 -854.507
   70     14          (8.140, -18.090, 0.856, 0.553, 0.447, 0.239, 0.661)      0      0 -1281.76277     0   5.000   -1.000 lightdock_14.pdb      0 -854.509
  193     24      (16.999, 2.169, -14.195, -0.914, -0.242, -0.201, 0.256)      0      0 -1281.78368     0   5.000   -1.000 lightdock_24.pdb      0 -854.522
  141     13      (13.651, -16.890, -0.791, -0.310, -0.414, 0.602, 0.609)      0      0 -1281.79241     0   5.000   -1.000 lightdock_13.pdb      0 -854.528
  139     20         (12.405, 18.262, 5.834, 0.077, 0.932, 0.114, -0.337)      0      0 -1281.62966     2   5.000   -1.000 lightdock_20.pdb      0 -854.577
    8     12        (2.361, 18.092, -21.878, -0.524, 0.734, 0.113, 0.417)      0      0 -1283.26412     1   5.000   -1.000 lightdock_12.pdb      0 -854.587
   57      1      (-4.670, 22.663, -9.895, -0.626, -0.593, -0.459, 0.215)      0      0 -1282.82626     1   5.000   -1.000  lightdock_1.pdb      0 -854.611
   51     10        (-1.141, -19.572, 16.927, 0.806, 0.531, 0.230, 0.124)      0      0 -1281.91666     0   5.000   -1.000 lightdock_10.pdb      0 -854.611
   61     13     (-9.185, -4.622, -17.270, -0.767, 0.008, -0.510, -0.389)      0      0 -1286.71970     2   5.000   -1.000 lightdock_13.pdb      0 -854.619
  119     24        (7.125, 18.502, -9.959, 0.775, 0.539, -0.021, -0.331)      0      0 -1281.96540     0   5.000   -1.000 lightdock_24.pdb      0 -854.637
  132     24          (18.583, 0.219, 8.557, 0.005, 0.983, -0.138, 0.119)      0      0 -1282.58688     3   5.000   -1.000 lightdock_24.pdb      0 -854.641
  146      7        (24.271, 7.428, -8.616, -0.465, 0.347, -0.499, 0.644)      0      0 -1282.22056     2   5.000   -1.000  lightdock_7.pdb      0 -854.686
   61     15     (-9.265, -4.538, -17.366, -0.767, 0.008, -0.510, -0.389)      0      0 -1285.97772     1   5.000   -1.000 lightdock_15.pdb      0 -854.686
   76     12     (-1.858, 12.688, -19.236, -0.499, -0.246, -0.156, 0.816)      0      0 -1282.15102     3   5.000   -1.000 lightdock_12.pdb      0 -854.709
  166      5    (-15.400, -0.004, -18.546, -0.383, 0.372, -0.779, -0.329)      0      0 -1283.22328     1   5.000   -1.000  lightdock_5.pdb      0 -854.725
   81     11       (23.225, -0.978, -11.976, -0.122, 0.510, 0.695, 0.491)      0      0 -1284.73296     4   4.280   -1.000 lightdock_11.pdb      0 -854.860
  136     23         (-24.732, 1.382, -0.405, 0.132, 0.015, 0.067, 0.989)      0      0 -1282.39111     0   5.000   -1.000 lightdock_23.pdb      0 -854.926
   15     20       (-7.054, -11.776, 21.867, 0.030, -0.595, 0.111, 0.795)      0      0 -1282.40471     0   5.000   -1.000 lightdock_20.pdb      0 -854.936
   81     13       (23.336, -0.941, -12.289, -0.122, 0.510, 0.695, 0.491)      0      0 -1285.13396     5   3.320   -1.000 lightdock_13.pdb      0 -854.944
   61     14     (-9.240, -4.398, -17.361, -0.767, 0.007, -0.511, -0.389)      0      0 -1291.69209     4   5.000   -1.000 lightdock_14.pdb      0 -854.992
   57     12      (-4.623, 22.639, -9.911, -0.626, -0.593, -0.459, 0.215)      0      0 -1282.55099     0   5.000   -1.000 lightdock_12.pdb      0 -855.034
  114     19       (14.872, -16.866, 4.440, 0.700, 0.496, -0.285, -0.427)      0      0 -1282.61941     0   5.000   -1.000 lightdock_19.pdb      0 -855.080
   33     15        (10.957, 18.476, 2.059, -0.276, 0.558, 0.767, -0.157)      0      0 -1284.91501     1   5.000   -1.000 lightdock_15.pdb      0 -855.113
  133     11     (-14.185, 11.627, 10.763, -0.353, -0.347, -0.022, 0.869)      0      0 -1286.13009     0   5.000   -1.000 lightdock_11.pdb      0 -855.167
  113     23        (-8.101, -1.782, 20.396, 0.009, 0.140, -0.981, 0.136)      0      0 -1287.43067     1   5.000   -1.000 lightdock_23.pdb      0 -855.169
   81     17       (23.279, -0.942, -12.272, -0.122, 0.510, 0.695, 0.491)      0      0 -1284.26465     2   5.000   -1.000 lightdock_17.pdb      0 -855.187
   34      4       (-6.474, -20.078, 0.766, -0.736, 0.514, -0.435, 0.072)      0      0 -1282.83653     0   5.000   -1.000  lightdock_4.pdb      0 -855.224
   61     24     (-9.426, -4.347, -16.937, -0.767, 0.008, -0.510, -0.389)      0      0 -1285.72373     0   5.000   -1.000 lightdock_24.pdb      0 -855.283
   11     19        (21.380, -2.185, 7.769, -0.227, -0.764, 0.551, 0.247)      0      0 -1290.43209     6   0.440   -1.000 lightdock_19.pdb      0 -855.333
  119     14        (6.989, 18.684, -9.783, 0.775, 0.539, -0.021, -0.331)      0      0 -1284.62154     1   5.000   -1.000 lightdock_14.pdb      0 -855.336
  143     11       (15.952, -9.575, -5.001, 0.193, -0.365, 0.910, -0.024)      0      0 -1283.82151     1   5.000   -1.000 lightdock_11.pdb      0 -855.406
  132     14          (18.727, 0.285, 8.463, 0.005, 0.983, -0.138, 0.119)      0      0 -1282.90721     4   5.000   -1.000 lightdock_14.pdb      0 -855.417
  143     15       (15.818, -9.827, -4.710, 0.193, -0.365, 0.910, -0.024)      0      0 -1283.30125     0   5.000   -1.000 lightdock_15.pdb      0 -855.527
   23      6      (-4.745, 22.814, 14.917, -0.526, 0.393, -0.568, -0.497)      0      0 -1283.95093     3   5.000   -1.000  lightdock_6.pdb      0 -855.532
   23     10      (-4.486, 22.203, 14.993, -0.526, 0.393, -0.568, -0.497)      0      0 -1283.86090     2   5.000   -1.000 lightdock_10.pdb      0 -855.545
   19      5       (0.242, 15.460, -16.189, -0.393, -0.401, 0.827, 0.022)      0      0 -1284.74118     1   5.000   -1.000  lightdock_5.pdb      0 -855.552
  194      5     (-12.304, 21.880, 12.215, -0.765, 0.450, -0.435, -0.153)      0      0 -1283.34393     0   5.000   -1.000  lightdock_5.pdb      0 -855.563
   33     14        (14.380, 19.188, 1.685, -0.420, 0.005, 0.541, -0.728)      0      0 -1283.37295     0   5.000   -1.000 lightdock_14.pdb      0 -855.582
   52     20     (13.124, -14.376, 13.849, -0.109, -0.963, 0.226, -0.099)      0      0 -1285.13227     4   5.000   -1.000 lightdock_20.pdb      0 -855.601
  100     18         (18.103, 9.423, 9.192, 0.236, -0.563, 0.475, -0.633)      0      0 -1283.03634     3   5.000   -1.000 lightdock_18.pdb      0 -855.639
   92      8       (-19.352, 8.542, 9.477, -0.396, 0.712, -0.427, -0.393)      0      0 -1281.03341     8   3.560   -1.000  lightdock_8.pdb      0 -855.697
    6     23      (-15.846, -6.064, -0.727, -0.119, 0.228, -0.771, 0.582)      0      0 -1283.98773     1   5.000   -1.000 lightdock_23.pdb      0 -855.834
  100     15         (18.134, 9.437, 9.121, 0.236, -0.563, 0.475, -0.633)      0      0 -1283.53027     4   5.000   -1.000 lightdock_15.pdb      0 -855.885
  116      0         (-23.162, 7.339, 1.356, 0.080, -0.821, 0.420, 0.379)      0      0 -1287.26960     2   5.000   -1.000  lightdock_0.pdb      0 -856.054
   94      4       (-13.723, -6.628, -2.009, 0.226, -0.206, 0.302, 0.903)      0      0 -1284.10859     0   5.000   -1.000  lightdock_4.pdb      0 -856.072
   23      1      (-4.561, 22.281, 15.028, -0.526, 0.393, -0.568, -0.497)      0      0 -1283.53382     1   5.000   -1.000  lightdock_1.pdb      0 -856.094
  143     16       (16.065, -9.365, -5.259, 0.193, -0.365, 0.910, -0.024)      0      0 -1285.73068     5   4.200   -1.000 lightdock_16.pdb      0 -856.100
  203     19           (9.305, 16.724, 5.656, 0.638, 0.552, 0.441, 0.305)      0      0 -1284.20219     0   5.000   -1.000 lightdock_19.pdb      0 -856.135
   19     16       (0.235, 15.643, -15.989, -0.393, -0.401, 0.827, 0.022)      0      0 -1284.26437     0   5.000   -1.000 lightdock_16.pdb      0 -856.176
   69     24        (13.224, 21.701, 2.766, -0.667, 0.204, -0.599, 0.394)      0      0 -1284.27023     0   5.000   -1.000 lightdock_24.pdb      0 -856.180
  160      8      (-20.195, -5.619, 15.827, -0.590, -0.759, 0.004, 0.276)      0      0 -1283.20872     2   5.000   -1.000  lightdock_8.pdb      0 -856.230
  194     21     (-12.519, 21.642, 12.468, -0.765, 0.450, -0.435, -0.153)      0      0 -1284.21622     1   5.000   -1.000 lightdock_21.pdb      0 -856.290
    8      5        (1.918, 18.279, -22.122, -0.524, 0.734, 0.113, 0.417)      0      0 -1284.75682     3   5.000   -1.000  lightdock_5.pdb      0 -856.297
  143     20       (16.048, -9.394, -5.211, 0.193, -0.365, 0.910, -0.024)      0      0 -1285.38816     4   5.000   -1.000 lightdock_20.pdb      0 -856.320
   25      1       (-10.430, 4.669, 13.817, 0.423, -0.206, 0.762, -0.446)      0      0 -1284.56825     0   5.000   -1.000  lightdock_1.pdb      0 -856.379
   19     21       (0.228, 15.854, -15.758, -0.393, -0.401, 0.827, 0.022)      0      0 -1285.16096     2   5.000   -1.000 lightdock_21.pdb      0 -856.395
  143     10       (15.808, -9.846, -4.688, 0.193, -0.365, 0.910, -0.024)      0      0 -1284.05653     2   5.000   -1.000 lightdock_10.pdb      0 -856.431
   15      4       (-7.007, -11.792, 21.775, 0.030, -0.595, 0.111, 0.795)      0      0 -1284.32694     1   5.000   -1.000  lightdock_4.pdb      0 -856.472
   86     21         (2.113, 25.317, -0.735, 0.503, 0.591, -0.478, 0.412)      0      0 -1291.80025    11   1.240   -1.000 lightdock_21.pdb      0 -856.488
  143      8       (16.049, -9.396, -5.236, 0.193, -0.365, 0.910, -0.024)      0      0 -1285.03518     3   5.000   -1.000  lightdock_8.pdb      0 -856.497
   32      7      (20.716, -0.257, -6.482, -0.915, -0.356, -0.136, 0.134)      0      0 -1284.75163     0   5.000   -1.000  lightdock_7.pdb      0 -856.501
  100      3         (18.297, 9.532, 8.745, 0.236, -0.563, 0.475, -0.633)      0      0 -1283.77322     5   5.000   -1.000  lightdock_3.pdb      0 -856.534
  205      8        (-20.467, 16.210, 2.427, 0.311, 0.017, -0.726, 0.613)      0      0 -1285.68138     0   5.000   -1.000  lightdock_8.pdb      0 -856.559
   33     18        (10.830, 18.454, 1.949, -0.276, 0.558, 0.767, -0.157)      0      0 -1284.84968     0   5.000   -1.000 lightdock_18.pdb      0 -856.566
  152     11         (22.181, 11.193, 5.133, -0.324, 0.231, 0.050, 0.916)      0      0 -1284.89066     0   5.000   -1.000 lightdock_11.pdb      0 -856.594
   50     10       (-12.618, 23.776, -4.219, 0.577, -0.003, 0.137, 0.805)      0      0 -1284.89495     0   5.000   -1.000 lightdock_10.pdb      0 -856.597
  215     21        (18.754, 11.546, 9.422, -0.532, 0.003, -0.837, 0.127)      0      0 -1311.71348     3   5.000   -1.000 lightdock_21.pdb      0 -856.605
  116     24         (-23.160, 7.128, 1.514, 0.080, -0.821, 0.420, 0.379)      0      0 -1287.03097     1   5.000   -1.000 lightdock_24.pdb      0 -856.614
  133      8     (-13.898, 11.645, 10.863, -0.353, -0.347, -0.022, 0.869)      0      0 -1287.46986     2   5.000   -1.000  lightdock_8.pdb      0 -856.647
  164     14    (-5.267, -13.536, -19.535, -0.140, -0.785, 0.388, -0.462)      0      0 -1285.02162     0   5.000   -1.000 lightdock_14.pdb      0 -856.681
  166     21    (-15.127, -0.592, -18.859, -0.383, 0.372, -0.778, -0.329)      0      0 -1285.66622     4   5.000   -1.000 lightdock_21.pdb      0 -856.691
  109      7        (-7.095, 5.339, 10.685, 0.566, 0.434, -0.527, -0.462)      0      0 -1285.18009     0   5.000   -1.000  lightdock_7.pdb      0 -856.787
  116      7         (-23.142, 7.073, 1.528, 0.080, -0.821, 0.420, 0.379)      0      0 -1285.34369     0   5.000   -1.000  lightdock_7.pdb      0 -856.896
  133     24     (-13.952, 11.642, 10.846, -0.353, -0.347, -0.022, 0.869)      0      0 -1287.16846     1   5.000   -1.000 lightdock_24.pdb      0 -856.968
   25     11       (-10.261, 4.456, 14.041, 0.423, -0.206, 0.762, -0.446)      0      0 -1286.22824     1   5.000   -1.000 lightdock_11.pdb      0 -856.994
   82     11       (-8.101, -20.626, 8.978, -0.069, 0.603, 0.306, -0.734)      0      0 -1285.62674     0   5.000   -1.000 lightdock_11.pdb      0 -857.062
  181     16        (-9.549, -15.811, 4.722, -0.180, 0.434, 0.709, 0.526)      0      0 -1282.24307     1   5.000   -1.000 lightdock_16.pdb      0 -857.139
   81      0       (23.267, -0.949, -12.225, -0.123, 0.509, 0.696, 0.492)      0      0 -1293.65473    10   1.400   -1.000  lightdock_0.pdb      0 -857.215
   81      6       (23.167, -0.911, -12.443, -0.122, 0.510, 0.695, 0.491)      0      0 -1285.32960     6   1.640   -1.000  lightdock_6.pdb      0 -857.238
  205      5        (-20.293, 16.224, 2.240, 0.311, 0.017, -0.726, 0.613)      0      0 -1286.12250     1   5.000   -1.000  lightdock_5.pdb      0 -857.251
    8      3        (2.157, 18.177, -21.991, -0.524, 0.734, 0.113, 0.417)      0      0 -1283.72523     2   5.000   -1.000  lightdock_3.pdb      0 -857.333
  205     24        (-20.282, 16.226, 2.227, 0.311, 0.017, -0.726, 0.613)      0      0 -1287.01652     2   5.000   -1.000 lightdock_24.pdb      0 -857.339
  167      8        (8.037, -3.361, 18.362, -0.253, 0.834, 0.311, -0.379)      0      0 -1286.07656     0   5.000   -1.000  lightdock_8.pdb      0 -857.384
   81     22       (23.374, -0.949, -12.281, -0.122, 0.510, 0.695, 0.491)      0      0 -1285.88084     7   4.840   -1.000 lightdock_22.pdb      0 -857.387
  106     13      (14.027, -10.527, -1.283, -0.650, -0.492, 0.545, 0.197)      0      0 -1286.08191     0   5.000   -1.000 lightdock_13.pdb      0 -857.388
   19      3       (0.238, 15.582, -16.055, -0.393, -0.401, 0.827, 0.022)      0      0 -1285.33235     3   5.000   -1.000  lightdock_3.pdb      0 -857.413
  106      6      (13.888, -10.538, -1.327, -0.650, -0.492, 0.545, 0.197)      0      0 -1288.31652     2   5.000   -1.000  lightdock_6.pdb      0 -857.475
  203      3        (10.675, 23.582, 4.186, -0.768, 0.373, -0.071, 0.515)      0      0 -1286.21442     0   5.000   -1.000  lightdock_3.pdb      0 -857.476
   86     17         (2.705, 25.299, -0.895, 0.502, 0.590, -0.479, 0.413)      0      0 -1288.51437     1   4.920   -1.000 lightdock_17.pdb      0 -857.513
  143     18       (15.891, -9.690, -4.875, 0.193, -0.365, 0.910, -0.024)      0      0 -1286.10998     6   4.680   -1.000 lightdock_18.pdb      0 -857.527
  132      5          (18.960, 0.248, 8.277, 0.005, 0.983, -0.138, 0.119)      0      0 -1284.07173     5   5.000   -1.000  lightdock_5.pdb      0 -857.529
   94     13       (-13.730, -6.625, -2.011, 0.226, -0.206, 0.302, 0.903)      0      0 -1285.67066     1   5.000   -1.000 lightdock_13.pdb      0 -857.555
  164      2    (-5.450, -13.853, -19.729, -0.140, -0.785, 0.388, -0.462)      0      0 -1286.76767     1   5.000   -1.000  lightdock_2.pdb      0 -857.597
  166     11    (-15.240, -0.333, -18.731, -0.383, 0.372, -0.779, -0.329)      0      0 -1284.44799     2   5.000   -1.000 lightdock_11.pdb      0 -857.603
   86     12         (1.752, 25.171, -0.879, 0.503, 0.590, -0.479, 0.413)      0      0 -1291.12399     9   1.560   -1.000 lightdock_12.pdb      0 -857.646
   52     19     (13.366, -14.635, 13.886, -0.109, -0.963, 0.226, -0.099)      0      0 -1283.70750     3   5.000   -1.000 lightdock_19.pdb      0 -857.684
  166      7    (-15.296, -0.223, -18.666, -0.383, 0.372, -0.779, -0.329)      0      0 -1285.52406     3   5.000   -1.000  lightdock_7.pdb      0 -857.687
  129      9       (-9.440, 21.122, -0.923, 0.231, -0.923, -0.215, 0.219)      0      0 -1286.53106     0   5.000   -1.000  lightdock_9.pdb      0 -857.687
  184     18        (-6.852, -22.672, 12.846, 0.739, 0.636, 0.028, 0.221)      0      0 -1286.54381     0   5.000   -1.000 lightdock_18.pdb      0 -857.696
   19     22       (0.230, 15.800, -15.816, -0.393, -0.401, 0.827, 0.022)      0      0 -1285.35575     4   5.000   -1.000 lightdock_22.pdb      0 -857.718
   81     14       (23.234, -0.948, -12.201, -0.122, 0.510, 0.695, 0.491)      0      0 -1286.99106     9   1.400   -1.000 lightdock_14.pdb      0 -857.738
   51      3        (-1.198, -19.724, 17.165, 0.806, 0.531, 0.230, 0.124)      0      0 -1286.47729     2   5.000   -1.000  lightdock_3.pdb      0 -857.740
  113     19        (-8.094, -1.693, 20.036, 0.009, 0.140, -0.981, 0.136)      0      0 -1286.62483     0   5.000   -1.000 lightdock_19.pdb      0 -857.750
  218     14     (-6.050, -15.340, -2.193, -0.522, -0.721, 0.363, -0.273)      0      0 -1286.65614     0   5.000   -1.000 lightdock_14.pdb      0 -857.771
   82     12       (-8.171, -20.497, 8.952, -0.069, 0.603, 0.306, -0.734)      0      0 -1287.62507     2   5.000   -1.000 lightdock_12.pdb      0 -857.891
   25      8       (-2.561, 1.285, 18.609, -0.432, 0.459, -0.511, -0.584)      0      0 -1286.91148     0   5.000   -1.000  lightdock_8.pdb      0 -857.941
   82     22       (-7.899, -20.987, 9.046, -0.069, 0.603, 0.306, -0.734)      0      0 -1286.91226     1   5.000   -1.000 lightdock_22.pdb      0 -857.980
   84     15       (15.931, -11.080, 13.955, -0.819, 0.475, 0.274, 0.171)      0      0 -1286.97584     0   5.000   -1.000 lightdock_15.pdb      0 -857.984
   86     16         (2.046, 25.007, -1.206, 0.502, 0.590, -0.479, 0.413)      0      0 -1288.89269     2   5.000   -1.000 lightdock_16.pdb      0 -857.993
  141     18       (7.765, -14.218, -12.903, 0.174, 0.260, -0.764, 0.564)      0      0 -1287.07987     0   5.000   -1.000 lightdock_18.pdb      0 -858.053
   94     18       (-13.662, -6.859, -1.806, 0.226, -0.206, 0.302, 0.903)      0      0 -1285.68459     2   5.000   -1.000 lightdock_18.pdb      0 -858.106
  205     20        (-20.555, 16.193, 2.528, 0.311, 0.017, -0.726, 0.613)      0      0 -1287.54415     3   5.000   -1.000 lightdock_20.pdb      0 -858.163
   21      8        (-15.210, 5.326, 15.468, 0.279, 0.273, -0.588, 0.709)      0      0 -1287.35256     0   5.000   -1.000  lightdock_8.pdb      0 -858.235
   81     16       (23.177, -0.939, -12.235, -0.122, 0.510, 0.695, 0.491)      0      0 -1286.24819     8   4.680   -1.000 lightdock_16.pdb      0 -858.378
   21     23        (-15.124, 5.343, 15.477, 0.279, 0.273, -0.588, 0.709)      0      0 -1288.88391     2   5.000   -1.000 lightdock_23.pdb      0 -858.398
  167     14        (8.000, -2.918, 18.515, -0.253, 0.834, 0.311, -0.379)      0      0 -1288.93867     3   5.000   -1.000 lightdock_14.pdb      0 -858.421
  106     10        (17.992, -17.509, 4.591, 0.308, 0.385, 0.853, -0.173)      0      0 -1290.30545     3   5.000   -1.000 lightdock_10.pdb      0 -858.442
   26     24     (15.951, -15.714, -1.309, -0.141, -0.443, 0.844, -0.268)      0      0 -1290.54496     0   5.000   -1.000 lightdock_24.pdb      0 -858.542
  167      0        (8.027, -3.242, 18.403, -0.253, 0.834, 0.311, -0.379)      0      0 -1288.38122     1   5.000   -1.000  lightdock_0.pdb      0 -858.545
   57     11      (-2.446, 28.895, -8.380, 0.768, -0.213, -0.466, -0.385)      0      0 -1287.85430     0   5.000   -1.000 lightdock_11.pdb      0 -858.546
  133     21     (-14.390, 11.614, 10.689, -0.353, -0.347, -0.022, 0.869)      0      0 -1289.38245     3   5.000   -1.000 lightdock_21.pdb      0 -858.553
  197     10      (20.368, 6.579, -11.987, -0.986, 0.082, -0.094, -0.110)      0      0 -1287.83211     0   5.000   -1.000 lightdock_10.pdb      0 -858.555
   55      3      (-18.565, -10.100, 4.379, 0.803, -0.171, -0.360, 0.443)      0      0 -1287.84340     0   5.000   -1.000  lightdock_3.pdb      0 -858.562
  143      4       (15.906, -9.665, -4.913, 0.193, -0.365, 0.910, -0.024)      0      0 -1286.75705     7   3.400   -1.000  lightdock_4.pdb      0 -858.563
  141      3       (7.526, -14.379, -12.580, 0.174, 0.260, -0.764, 0.564)      0      0 -1290.05591     1   5.000   -1.000  lightdock_3.pdb      0 -858.566
  144      5      (-14.711, -13.338, 8.414, 0.835, -0.122, -0.250, 0.475)      0      0 -1290.46569     2   5.000   -1.000  lightdock_5.pdb      0 -858.574
  205      1        (-20.908, 16.223, 2.876, 0.311, 0.017, -0.726, 0.613)      0      0 -1288.95701     6   4.680   -1.000  lightdock_1.pdb      0 -858.591
   41     22       (20.135, 0.629, -1.051, 0.081, -0.530, -0.208, -0.818)      0      0 -1288.05538     0   5.000   -1.000 lightdock_22.pdb      0 -858.704
   86     15         (1.938, 25.372, -0.788, 0.503, 0.590, -0.479, 0.413)      0      0 -1291.71096    10   1.000   -1.000 lightdock_15.pdb      0 -858.704
  106     21      (14.341, -10.523, -1.192, -0.650, -0.492, 0.545, 0.197)      0      0 -1287.32623     1   5.000   -1.000 lightdock_21.pdb      0 -858.737
  204      2      (16.189, 0.978, -17.120, 0.141, -0.274, -0.947, -0.090)      0      0 -1288.11615     0   5.000   -1.000  lightdock_2.pdb      0 -858.744
   39     15        (-22.965, 8.226, -1.177, 0.031, 0.097, 0.964, -0.245)      0      0 -1288.14752     0   5.000   -1.000 lightdock_15.pdb      0 -858.765
  188     19    (-15.726, -8.510, -11.696, -0.267, 0.353, -0.889, -0.118)      0      0 -1288.32458     0   5.000   -1.000 lightdock_19.pdb      0 -858.883
   82     10       (-8.195, -20.480, 8.957, -0.069, 0.603, 0.306, -0.734)      0      0 -1288.78400     3   5.000   -1.000 lightdock_10.pdb      0 -858.895
  204     22        (10.090, 7.916, -12.114, 0.275, -0.544, 0.281, 0.741)      0      0 -1288.41654     0   5.000   -1.000 lightdock_22.pdb      0 -858.944
   86     20         (1.869, 25.345, -0.774, 0.502, 0.590, -0.479, 0.413)      0      0 -1289.77893     5   1.880   -1.000 lightdock_20.pdb      0 -858.965
   84     14       (16.018, -10.973, 14.373, -0.819, 0.475, 0.274, 0.171)      0      0 -1290.34485     2   5.000   -1.000 lightdock_14.pdb      0 -858.980
   86     19         (2.416, 25.282, -0.905, 0.502, 0.590, -0.479, 0.413)      0      0 -1288.49255     0   5.000   -1.000 lightdock_19.pdb      0 -858.995
  167      9        (8.283, -3.015, 18.473, -0.253, 0.834, 0.311, -0.379)      0      0 -1288.79047     2   5.000   -1.000  lightdock_9.pdb      0 -859.013
  197     16      (20.763, 6.581, -11.903, -0.986, 0.082, -0.094, -0.110)      0      0 -1290.41609     2   5.000   -1.000 lightdock_16.pdb      0 -859.200
  217     23          (-8.001, 17.744, 3.087, 0.149, 0.223, 0.926, 0.267)      0      0 -1288.81474     0   5.000   -1.000 lightdock_23.pdb      0 -859.210
   57      9      (-2.703, 28.645, -8.629, 0.768, -0.213, -0.466, -0.385)      0      0 -1289.85178     1   5.000   -1.000  lightdock_9.pdb      0 -859.227
   11      3        (21.542, -2.151, 7.927, -0.227, -0.764, 0.551, 0.247)      0      0 -1293.53123     8   4.200   -1.000  lightdock_3.pdb      0 -859.239
   57     15      (-2.630, 28.679, -8.614, 0.768, -0.213, -0.466, -0.385)      0      0 -1290.44821     3   5.000   -1.000 lightdock_15.pdb      0 -859.297
   21     24        (-14.817, 5.401, 15.506, 0.279, 0.273, -0.588, 0.709)      0      0 -1288.26654     1   5.000   -1.000 lightdock_24.pdb      0 -859.310
   39      5        (-22.887, 7.980, -1.427, 0.031, 0.097, 0.964, -0.245)      0      0 -1288.88378     1   5.000   -1.000  lightdock_5.pdb      0 -859.351
  106     24        (17.661, -17.235, 4.985, 0.308, 0.385, 0.853, -0.173)      0      0 -1289.74428     1   5.000   -1.000 lightdock_24.pdb      0 -859.354
  137      0       (-22.885, 9.139, -0.188, 0.118, -0.053, -0.833, 0.538)      0      0 -1289.10622     0   5.000   -1.000  lightdock_0.pdb      0 -859.404
  188     18    (-15.514, -8.665, -11.822, -0.267, 0.353, -0.889, -0.118)      0      0 -1288.87231     1   5.000   -1.000 lightdock_18.pdb      0 -859.423
  137     11        (-22.944, 8.802, 0.033, 0.118, -0.053, -0.833, 0.538)      0      0 -1291.39975     1   5.000   -1.000 lightdock_11.pdb      0 -859.446
  115      2       (0.229, -21.656, 3.103, -0.522, -0.028, 0.305, -0.796)      0      0 -1289.28130     0   5.000   -1.000  lightdock_2.pdb      0 -859.521
  144      4      (-14.606, -13.247, 8.481, 0.835, -0.122, -0.250, 0.475)      0      0 -1290.35632     1   5.000   -1.000  lightdock_4.pdb      0 -859.527
   61     10     (-9.435, -4.337, -16.913, -0.767, 0.008, -0.510, -0.389)      0      0 -1289.98211     3   5.000   -1.000 lightdock_10.pdb      0 -859.528
  106      8        (17.816, -17.346, 4.533, 0.308, 0.385, 0.853, -0.173)      0      0 -1289.33186     0   5.000   -1.000  lightdock_8.pdb      0 -859.555
  102     10         (6.331, -19.048, 3.849, 0.269, 0.496, 0.438, -0.700)      0      0 -1289.49332     0   5.000   -1.000 lightdock_10.pdb      0 -859.662
   15     23       (-7.097, -11.763, 21.932, 0.030, -0.595, 0.111, 0.795)      0      0 -1287.17514     2   5.000   -1.000 lightdock_23.pdb      0 -859.684
  205     19        (-20.776, 16.187, 2.760, 0.311, 0.017, -0.726, 0.613)      0      0 -1288.82398     5   4.920   -1.000 lightdock_19.pdb      0 -859.685
   21      1        (-15.527, 5.266, 15.438, 0.279, 0.273, -0.588, 0.709)      0      0 -1290.73603     3   5.000   -1.000  lightdock_1.pdb      0 -859.714
   55      9      (-18.983, -10.169, 4.262, 0.803, -0.171, -0.360, 0.443)      0      0 -1289.82512     1   5.000   -1.000  lightdock_9.pdb      0 -859.807
  144      0      (-14.700, -13.388, 8.765, 0.835, -0.122, -0.250, 0.475)      0      0 -1289.91148     0   5.000   -1.000  lightdock_0.pdb      0 -859.848
   26      8     (15.937, -15.412, -1.081, -0.141, -0.443, 0.844, -0.268)      0      0 -1290.86883     1   5.000   -1.000  lightdock_8.pdb      0 -859.849
  197     20      (20.316, 6.579, -11.998, -0.986, 0.082, -0.094, -0.110)      0      0 -1289.85201     1   5.000   -1.000 lightdock_20.pdb      0 -859.879
  167     20        (8.046, -3.406, 18.340, -0.253, 0.834, 0.311, -0.379)      0      0 -1289.27460     5   5.000   -1.000 lightdock_20.pdb      0 -859.900
  205     23        (-20.940, 16.175, 2.937, 0.311, 0.017, -0.726, 0.613)      0      0 -1288.15644     4   5.000   -1.000 lightdock_23.pdb      0 -859.908
  166     17    (-15.278, -0.314, -18.681, -0.383, 0.372, -0.778, -0.329)      0      0 -1287.06325     5   5.000   -1.000 lightdock_17.pdb      0 -859.933
   25      6       (-10.474, 4.724, 13.759, 0.423, -0.206, 0.762, -0.446)      0      0 -1288.14797     2   5.000   -1.000  lightdock_6.pdb      0 -859.951
   86     14         (2.425, 25.287, -0.900, 0.502, 0.590, -0.479, 0.413)      0      0 -1289.33796     3   5.000   -1.000 lightdock_14.pdb      0 -859.996
   11     24        (21.660, -2.079, 7.900, -0.227, -0.764, 0.551, 0.247)      0      0 -1294.02250     9   3.720   -1.000 lightdock_24.pdb      0 -860.001
  213     21       (-24.713, -0.760, -5.438, 0.560, 0.723, -0.379, 0.143)      0      0 -1291.29926     0   5.000   -1.000 lightdock_21.pdb      0 -860.024
   21     12        (-15.487, 2.520, 8.892, 0.790, -0.083, -0.069, 0.603)      0      0 -1290.05633     0   5.000   -1.000 lightdock_12.pdb      0 -860.038
   86     22         (2.126, 25.278, -0.901, 0.502, 0.590, -0.479, 0.413)      0      0 -1290.41441     7   3.000   -1.000 lightdock_22.pdb      0 -860.062
    3     10        (8.312, -12.643, -1.208, -0.037, 0.214, 0.974, 0.055)      0      0 -1290.15397     0   5.000   -1.000 lightdock_10.pdb      0 -860.103
  167      3        (7.990, -3.343, 18.369, -0.253, 0.834, 0.311, -0.379)      0      0 -1289.16300     4   5.000   -1.000  lightdock_3.pdb      0 -860.107
   57      3      (-2.232, 29.117, -8.153, 0.768, -0.213, -0.466, -0.385)      0      0 -1289.99099     2   5.000   -1.000  lightdock_3.pdb      0 -860.125
   62     22       (17.223, -6.846, -11.609, -0.209, 0.714, 0.365, 0.560)      0      0 -1290.21554     0   5.000   -1.000 lightdock_22.pdb      0 -860.144
  119     21        (7.138, 18.483, -9.953, 0.775, 0.539, -0.021, -0.331)      0      0 -1287.18905     3   5.000   -1.000 lightdock_21.pdb      0 -860.153
   86      2         (2.236, 25.294, -0.885, 0.502, 0.590, -0.479, 0.413)      0      0 -1289.50272     4   5.000   -1.000  lightdock_2.pdb      0 -860.153
  119     20       (7.185, 18.421, -10.037, 0.775, 0.539, -0.021, -0.331)      0      0 -1286.53823     2   5.000   -1.000 lightdock_20.pdb      0 -860.193
   55      7      (-18.501, -10.078, 4.406, 0.803, -0.171, -0.360, 0.443)      0      0 -1290.33697     2   5.000   -1.000  lightdock_7.pdb      0 -860.196
   62      8       (17.124, -6.701, -11.249, -0.209, 0.714, 0.365, 0.560)      0      0 -1290.49154     1   5.000   -1.000  lightdock_8.pdb      0 -860.199
  140      8        (-1.395, 23.795, -3.435, 0.057, -0.617, 0.287, 0.731)      0      0 -1290.30161     0   5.000   -1.000  lightdock_8.pdb      0 -860.201
  118     20     (-19.040, 8.857, -12.928, -0.346, 0.022, -0.554, -0.757)      0      0 -1291.99510     2   5.000   -1.000 lightdock_20.pdb      0 -860.237
  171     14       (1.116, 13.791, -15.106, 0.514, -0.149, -0.045, 0.844)      0      0 -1290.35780     0   5.000   -1.000 lightdock_14.pdb      0 -860.239
   50      2       (-12.502, 23.787, -4.366, 0.577, -0.003, 0.137, 0.805)      0      0 -1287.47431     1   5.000   -1.000  lightdock_2.pdb      0 -860.239
  115     20       (0.218, -21.337, 3.073, -0.522, -0.028, 0.305, -0.796)      0      0 -1292.05830     1   5.000   -1.000 lightdock_20.pdb      0 -860.239
   62     21       (17.253, -6.890, -11.718, -0.209, 0.714, 0.365, 0.560)      0      0 -1290.88721     2   5.000   -1.000 lightdock_21.pdb      0 -860.298
  198     11       (-1.432, 18.516, 15.050, 0.132, -0.124, -0.894, 0.411)      0      0 -1290.49412     0   5.000   -1.000 lightdock_11.pdb      0 -860.329
   30     20      (-14.160, -20.427, 6.875, -0.205, 0.627, 0.291, -0.693)      0      0 -1290.56389     0   5.000   -1.000 lightdock_20.pdb      0 -860.376
  140     22        (-1.486, 23.983, -3.060, 0.057, -0.617, 0.287, 0.731)      0      0 -1290.54261     1   5.000   -1.000 lightdock_22.pdb      0 -860.420
   44      7        (15.942, 7.648, -1.697, -0.355, -0.690, 0.617, 0.135)      0      0 -1290.77173     0   5.000   -1.000  lightdock_7.pdb      0 -860.514
   26      7     (15.985, -15.909, -1.439, -0.141, -0.443, 0.844, -0.268)      0      0 -1292.49085     2   5.000   -1.000  lightdock_7.pdb      0 -860.521
  106      1        (17.794, -17.331, 4.611, 0.308, 0.385, 0.853, -0.173)      0      0 -1290.16568     2   5.000   -1.000  lightdock_1.pdb      0 -860.578
   79      4    (-10.293, -3.684, -14.605, -0.053, 0.309, -0.598, -0.738)      0      0 -1295.36401     0   5.000   -1.000  lightdock_4.pdb      0 -860.626
    9     11       (-10.607, 0.249, -15.060, 0.294, 0.932, 0.080, -0.198)      0      0 -1290.95603     0   5.000   -1.000 lightdock_11.pdb      0 -860.637
   45     14     (16.440, 16.061, -12.755, -0.828, -0.266, 0.241, -0.432)      0      0 -1292.04509     2   5.000   -1.000 lightdock_14.pdb      0 -860.651
   82      8       (-7.980, -20.830, 9.013, -0.069, 0.603, 0.306, -0.734)      0      0 -1288.82576     4   5.000   -1.000  lightdock_8.pdb      0 -860.664
  148      2      (13.432, -13.916, 6.036, -0.146, 0.981, -0.120, -0.040)      0      0 -1291.02512     0   5.000   -1.000  lightdock_2.pdb      0 -860.683
   84     20       (15.935, -11.076, 13.977, -0.819, 0.475, 0.274, 0.171)      0      0 -1289.46756     1   5.000   -1.000 lightdock_20.pdb      0 -860.685
  198     14       (-1.460, 18.451, 15.291, 0.132, -0.124, -0.894, 0.411)      0      0 -1291.62856     1   5.000   -1.000 lightdock_14.pdb      0 -860.723
   53     18       (19.821, 18.340, 1.252, 0.423, -0.190, -0.338, -0.819)      0      0 -1291.11093     0   5.000   -1.000 lightdock_18.pdb      0 -860.741
  164     11    (-5.515, -22.554, -12.780, -0.356, -0.588, 0.337, -0.643)      0      0 -1291.27543     0   5.000   -1.000 lightdock_11.pdb      0 -860.835
   11     13        (21.318, -2.357, 8.240, -0.227, -0.764, 0.551, 0.247)      0      0 -1289.49638     6   3.320   -1.000 lightdock_13.pdb      0 -860.837
  118     16     (-18.902, 8.765, -12.820, -0.346, 0.022, -0.554, -0.757)      0      0 -1291.28561     0   5.000   -1.000 lightdock_16.pdb      0 -860.857
    8      8        (0.096, 17.336, -11.760, 0.125, 0.487, 0.799, -0.329)      0      0 -1291.33101     0   5.000   -1.000  lightdock_8.pdb      0 -860.887
   45     24     (16.657, 15.931, -12.733, -0.828, -0.266, 0.241, -0.432)      0      0 -1292.01664     1   5.000   -1.000 lightdock_24.pdb      0 -860.889
   26      3     (15.870, -15.976, -1.572, -0.141, -0.443, 0.844, -0.268)      0      0 -1293.20873     4   5.000   -1.000  lightdock_3.pdb      0 -860.943
  106     17        (17.805, -17.339, 4.569, 0.308, 0.385, 0.853, -0.173)      0      0 -1290.84352     4   5.000   -1.000 lightdock_17.pdb      0 -860.970
  188      7     (-18.884, -4.583, -0.215, -0.692, -0.102, -0.699, 0.149)      0      0 -1291.45467     0   5.000   -1.000  lightdock_7.pdb      0 -860.970
  144     23      (-14.724, -13.426, 8.839, 0.835, -0.122, -0.250, 0.475)      0      0 -1291.48470     3   5.000   -1.000 lightdock_23.pdb      0 -861.011
   45     16     (16.287, 16.227, -12.840, -0.828, -0.266, 0.241, -0.432)      0      0 -1291.58772     0   5.000   -1.000 lightdock_16.pdb      0 -861.029
  213      3       (-25.137, -0.627, -5.691, 0.560, 0.723, -0.379, 0.143)      0      0 -1292.77317     2   5.000   -1.000  lightdock_3.pdb      0 -861.050
   55      2      (-18.376, -10.045, 4.451, 0.803, -0.171, -0.360, 0.443)      0      0 -1290.44918     3   5.000   -1.000  lightdock_2.pdb      0 -861.059
   22     16       (20.207, -6.845, -5.648, 0.343, -0.259, 0.466, -0.774)      0      0 -1293.86834     1   5.000   -1.000 lightdock_16.pdb      0 -861.103
  137      7        (-23.012, 9.102, 0.030, 0.118, -0.053, -0.833, 0.538)      0      0 -1291.94859     2   5.000   -1.000  lightdock_7.pdb      0 -861.105
  145      5     (10.592, 12.349, -13.282, -0.329, -0.723, -0.559, 0.237)      0      0 -1293.94324     1   5.000   -1.000  lightdock_5.pdb      0 -861.133
  164     21    (-5.224, -22.840, -12.737, -0.356, -0.588, 0.337, -0.643)      0      0 -1292.85361     1   5.000   -1.000 lightdock_21.pdb      0 -861.264
   57      7      (-2.421, 28.920, -8.356, 0.768, -0.213, -0.466, -0.385)      0      0 -1290.69979     4   5.000   -1.000  lightdock_7.pdb      0 -861.281
  198     24       (-1.409, 18.469, 15.213, 0.132, -0.124, -0.894, 0.411)      0      0 -1292.11636     2   5.000   -1.000 lightdock_24.pdb      0 -861.292
    9     23       (-10.959, 0.064, -14.909, 0.294, 0.932, 0.080, -0.198)      0      0 -1293.84483     1   5.000   -1.000 lightdock_23.pdb      0 -861.309
   22      7       (20.014, -6.881, -5.269, 0.343, -0.259, 0.466, -0.774)      0      0 -1291.97146     0   5.000   -1.000  lightdock_7.pdb      0 -861.314
  184      6      (-0.574, -15.477, 17.765, -0.358, 0.906, -0.163, 0.154)      0      0 -1292.02660     0   5.000   -1.000  lightdock_6.pdb      0 -861.343
   62      5       (17.057, -6.651, -11.059, -0.209, 0.714, 0.365, 0.560)      0      0 -1292.78279     3   5.000   -1.000  lightdock_5.pdb      0 -861.399
   40     13      (-1.772, 20.719, 12.514, 0.184, -0.417, -0.890, -0.018)      0      0 -1292.10273     0   5.000   -1.000 lightdock_13.pdb      0 -861.399
  118     18     (-18.588, 8.554, -12.571, -0.346, 0.022, -0.554, -0.757)      0      0 -1291.66444     1   5.000   -1.000 lightdock_18.pdb      0 -861.401
   20     23       (24.551, 2.079, 7.561, -0.378, -0.196, -0.892, -0.155)      0      0 -1320.78972     5   5.000   -1.000 lightdock_23.pdb      0 -861.452
  197      1      (20.045, 6.580, -12.049, -0.986, 0.082, -0.094, -0.110)      0      0 -1292.29139     3   5.000   -1.000  lightdock_1.pdb      0 -861.490
  145      1     (10.433, 12.309, -13.224, -0.329, -0.723, -0.559, 0.237)      0      0 -1292.28276     0   5.000   -1.000  lightdock_1.pdb      0 -861.522
  106      7        (17.640, -17.184, 4.470, 0.308, 0.385, 0.853, -0.173)      0      0 -1290.92295     5   5.000   -1.000  lightdock_7.pdb      0 -861.534
  204     11        (10.318, 7.952, -11.861, 0.275, -0.544, 0.281, 0.741)      0      0 -1291.52959     1   5.000   -1.000 lightdock_11.pdb      0 -861.549
  116     19         (-23.104, 6.843, 1.642, 0.080, -0.821, 0.420, 0.379)      0      0 -1289.66038     4   5.000   -1.000 lightdock_19.pdb      0 -861.549
  187      4        (0.099, -17.293, 17.595, -0.602, 0.790, 0.109, 0.050)      0      0 -1292.38276     0   5.000   -1.000  lightdock_4.pdb      0 -861.588
  187     16        (0.545, -17.468, 17.668, -0.602, 0.790, 0.109, 0.050)      0      0 -1292.71658     1   5.000   -1.000 lightdock_16.pdb      0 -861.600
  107     13       (-18.129, 12.711, 0.491, -0.133, 0.262, -0.369, 0.882)      0      0 -1292.43469     0   5.000   -1.000 lightdock_13.pdb      0 -861.608
  152      4         (22.160, 11.146, 5.134, -0.324, 0.231, 0.050, 0.916)      0      0 -1289.70506     1   5.000   -1.000  lightdock_4.pdb      0 -861.634
   86      3         (2.218, 25.275, -0.906, 0.502, 0.590, -0.479, 0.413)      0      0 -1290.16361     6   4.840   -1.000  lightdock_3.pdb      0 -861.642
  193      5       (22.376, 10.913, -6.794, -0.418, -0.689, 0.248, 0.538)      0      0 -1292.47101     0   5.000   -1.000  lightdock_5.pdb      0 -861.647
  164      5    (-5.495, -22.595, -12.626, -0.356, -0.588, 0.337, -0.643)      0      0 -1295.26301     5   3.880   -1.000  lightdock_5.pdb      0 -861.657
  149      7     (-0.477, -17.902, -9.676, -0.653, 0.311, -0.602, -0.337)      0      0 -1296.87228     0   5.000   -1.000  lightdock_7.pdb      0 -861.683
  213     12       (-24.632, -0.785, -5.389, 0.560, 0.723, -0.379, 0.143)      0      0 -1292.79148     3   5.000   -1.000 lightdock_12.pdb      0 -861.714
  116     23         (-23.065, 6.901, 1.538, 0.080, -0.821, 0.420, 0.379)      0      0 -1289.60296     3   5.000   -1.000 lightdock_23.pdb      0 -861.714
   86      1         (2.034, 25.086, -1.112, 0.502, 0.590, -0.479, 0.413)      0      0 -1291.05064     8   4.360   -1.000  lightdock_1.pdb      0 -861.738
  115     11      (-0.129, -21.818, 3.153, -0.522, -0.028, 0.305, -0.796)      0      0 -1292.94182     3   5.000   -1.000 lightdock_11.pdb      0 -861.786
  213     23       (-24.601, -0.795, -5.370, 0.560, 0.723, -0.379, 0.143)      0      0 -1292.58856     1   5.000   -1.000 lightdock_23.pdb      0 -861.786
  192      7       (-20.884, 13.408, -5.303, 0.712, 0.291, 0.606, -0.203)      0      0 -1295.12004     1   5.000   -1.000  lightdock_7.pdb      0 -861.836
  187      8       (-0.219, -17.170, 17.540, -0.602, 0.790, 0.109, 0.050)      0      0 -1293.15134     2   5.000   -1.000  lightdock_8.pdb      0 -861.859
  198     19       (-1.394, 18.603, 14.726, 0.132, -0.124, -0.894, 0.411)      0      0 -1293.05128     4   5.000   -1.000 lightdock_19.pdb      0 -861.916
  208      8        (14.510, -16.191, 9.338, 0.296, 0.184, 0.650, -0.676)      0      0 -1292.92875     0   5.000   -1.000  lightdock_8.pdb      0 -861.952
   26     10     (16.031, -15.506, -1.089, -0.141, -0.443, 0.844, -0.268)      0      0 -1293.17684     3   4.760   -1.000 lightdock_10.pdb      0 -861.957
    4      3        (-0.068, 27.352, 4.176, -0.196, -0.192, 0.783, 0.559)      0      0 -1292.94190     0   5.000   -1.000  lightdock_3.pdb      0 -861.961
   59     22        (16.636, 5.191, 15.157, 0.605, -0.137, 0.749, -0.234)      0      0 -1295.27417     2   5.000   -1.000 lightdock_22.pdb      0 -861.968
   77     18       (-3.393, -4.755, 18.963, -0.870, 0.332, 0.242, -0.270)      0      0 -1293.05741     0   5.000   -1.000 lightdock_18.pdb      0 -862.038
  192     14       (-20.960, 13.513, -5.352, 0.712, 0.291, 0.606, -0.203)      0      0 -1295.22895     2   5.000   -1.000 lightdock_14.pdb      0 -862.151
  187      5        (0.058, -17.515, 17.335, -0.602, 0.790, 0.109, 0.050)      0      0 -1293.77027     3   5.000   -1.000  lightdock_5.pdb      0 -862.163
  193      7       (22.119, 10.792, -6.587, -0.418, -0.689, 0.248, 0.538)      0      0 -1293.54119     1   5.000   -1.000  lightdock_7.pdb      0 -862.250
  192      4       (-20.968, 13.467, -5.345, 0.712, 0.291, 0.606, -0.203)      0      0 -1295.41503     4   5.000   -1.000  lightdock_4.pdb      0 -862.266
    1      2     (12.709, 11.464, -20.162, -0.816, 0.352, -0.202, -0.412)      0      0 -1293.58719     0   5.000   -1.000  lightdock_2.pdb      0 -862.391
  158      7        (9.534, 24.230, 9.758, -0.676, 0.219, -0.688, -0.144)      0      0 -1293.59588     0   5.000   -1.000  lightdock_7.pdb      0 -862.397
  111     18      (11.202, -11.870, 18.484, -0.541, 0.400, 0.723, -0.154)      0      0 -1293.70151     0   5.000   -1.000 lightdock_18.pdb      0 -862.468
   69      0          (5.380, 27.672, 3.971, -0.731, 0.200, 0.293, 0.583)      0      0 -1293.70336     0   5.000   -1.000  lightdock_0.pdb      0 -862.469
  183     12      (-9.264, -2.146, 22.553, -0.582, 0.213, -0.418, -0.664)      0      0 -1297.81432     2   5.000   -1.000 lightdock_12.pdb      0 -862.490
  192     17       (-20.757, 13.231, -5.221, 0.712, 0.291, 0.606, -0.203)      0      0 -1293.92993     0   5.000   -1.000 lightdock_17.pdb      0 -862.607
  158     22        (9.738, 24.071, 9.689, -0.676, 0.219, -0.688, -0.144)      0      0 -1294.48813     1   5.000   -1.000 lightdock_22.pdb      0 -862.692
  107     23       (-18.100, 12.910, 0.606, -0.133, 0.262, -0.369, 0.882)      0      0 -1294.64924     1   5.000   -1.000 lightdock_23.pdb      0 -862.742
   54      5      (21.930, 10.303, -14.789, 0.031, -0.020, -0.997, 0.074)      0      0 -1296.45508     2   5.000   -1.000  lightdock_5.pdb      0 -862.770
  164     18    (-5.497, -22.533, -12.881, -0.356, -0.588, 0.337, -0.643)      0      0 -1294.50721     3   5.000   -1.000 lightdock_18.pdb      0 -862.778
  127     20      (-4.742, 26.147, -4.908, -0.457, -0.380, 0.377, -0.710)      0      0 -1294.22862     0   5.000   -1.000 lightdock_20.pdb      0 -862.819
   51      8       (6.925, -18.606, 17.974, 0.127, -0.798, 0.142, -0.571)      0      0 -1294.23840     0   5.000   -1.000  lightdock_8.pdb      0 -862.826
  184     23      (-0.529, -15.505, 17.730, -0.358, 0.906, -0.163, 0.154)      0      0 -1293.80360     1   5.000   -1.000 lightdock_23.pdb      0 -862.836
  111      6      (11.262, -12.202, 18.839, -0.541, 0.400, 0.723, -0.154)      0      0 -1296.22530     1   5.000   -1.000  lightdock_6.pdb      0 -862.869
   71     20      (-18.574, 6.329, 7.927, -0.463, -0.542, -0.658, -0.245)      0      0 -1294.34831     0   5.000   -1.000 lightdock_20.pdb      0 -862.899
  158      4        (9.805, 24.046, 9.673, -0.676, 0.219, -0.688, -0.144)      0      0 -1295.90973     4   5.000   -1.000  lightdock_4.pdb      0 -862.909
  193     19       (22.648, 11.041, -7.012, -0.418, -0.689, 0.248, 0.538)      0      0 -1293.65589     2   5.000   -1.000 lightdock_19.pdb      0 -862.937
  198     21       (-1.431, 18.517, 15.045, 0.132, -0.124, -0.894, 0.411)      0      0 -1293.03468     3   5.000   -1.000 lightdock_21.pdb      0 -862.942
   45      5     (16.142, 16.388, -12.923, -0.828, -0.266, 0.241, -0.432)      0      0 -1293.93286     4   4.440   -1.000  lightdock_5.pdb      0 -863.004
   45     12     (16.231, 16.275, -12.859, -0.828, -0.266, 0.241, -0.432)      0      0 -1293.39941     3   5.000   -1.000 lightdock_12.pdb      0 -863.007
   54     19      (21.562, 10.537, -14.948, 0.031, -0.020, -0.997, 0.074)      0      0 -1294.52980     0   5.000   -1.000 lightdock_19.pdb      0 -863.020
  127      2      (-5.001, 26.015, -4.572, -0.457, -0.380, 0.377, -0.710)      0      0 -1294.79103     1   5.000   -1.000  lightdock_2.pdb      0 -863.032
  187     22        (0.125, -17.303, 17.599, -0.602, 0.790, 0.109, 0.050)      0      0 -1294.03062     4   5.000   -1.000 lightdock_22.pdb      0 -863.033
  115     22       (0.235, -21.844, 3.121, -0.522, -0.028, 0.305, -0.796)      0      0 -1292.73663     2   5.000   -1.000 lightdock_22.pdb      0 -863.050
  111     14      (10.495, -11.318, 20.804, -0.361, 0.863, 0.334, -0.112)      0      0 -1294.58365     0   5.000   -1.000 lightdock_14.pdb      0 -863.056
  168     14      (-16.952, -8.314, 10.651, 0.432, -0.402, 0.613, -0.525)      0      0 -1294.58569     0   5.000   -1.000 lightdock_14.pdb      0 -863.056
   26     21     (15.879, -15.588, -1.261, -0.141, -0.443, 0.844, -0.268)      0      0 -1293.81260     6   4.920   -1.000 lightdock_21.pdb      0 -863.081
  183      5      (-9.186, -2.374, 22.348, -0.582, 0.213, -0.418, -0.664)      0      0 -1296.80671     0   5.000   -1.000  lightdock_5.pdb      0 -863.093
   81     12        (18.049, -8.549, -9.247, 0.101, -0.434, 0.519, 0.730)      0      0 -1294.65730     0   5.000   -1.000 lightdock_12.pdb      0 -863.105
   29      5     (9.798, -19.762, -7.604, -0.277, -0.701, -0.333, -0.566)      0      0 -1297.60955     0   5.000   -1.000  lightdock_5.pdb      0 -863.110
   54      0      (21.585, 10.522, -14.938, 0.031, -0.020, -0.997, 0.074)      0      0 -1295.17875     1   5.000   -1.000  lightdock_0.pdb      0 -863.118
   70      5      (13.988, -19.006, -3.161, 0.049, -0.341, -0.644, 0.683)      0      0 -1296.14932     1   5.000   -1.000  lightdock_5.pdb      0 -863.132
   51     22       (6.965, -18.765, 17.709, 0.127, -0.798, 0.142, -0.571)      0      0 -1295.09598     2   5.000   -1.000 lightdock_22.pdb      0 -863.195
   79     10    (-10.087, -3.777, -14.560, -0.053, 0.309, -0.598, -0.738)      0      0 -1300.48807     2   5.000   -1.000 lightdock_10.pdb      0 -863.220
  168     10      (-16.724, -8.395, 10.555, 0.432, -0.402, 0.613, -0.525)      0      0 -1296.11112     1   5.000   -1.000 lightdock_10.pdb      0 -863.250
  195      6       (-25.019, -0.998, 6.939, 0.669, -0.371, -0.014, 0.644)      0      0 -1294.89123     0   5.000   -1.000  lightdock_6.pdb      0 -863.261
  164     23    (-5.488, -22.585, -12.768, -0.356, -0.588, 0.337, -0.643)      0      0 -1294.84427     4   5.000   -1.000 lightdock_23.pdb      0 -863.290
   70     10      (13.720, -18.847, -2.851, 0.049, -0.341, -0.644, 0.683)      0      0 -1294.97266     0   5.000   -1.000 lightdock_10.pdb      0 -863.315
  213     11       (-25.771, -0.452, -6.058, 0.560, 0.723, -0.379, 0.143)      0      0 -1295.91571     4   5.000   -1.000 lightdock_11.pdb      0 -863.335
  138      8         (0.286, 8.611, -14.838, 0.191, 0.723, -0.529, 0.401)      0      0 -1295.00581     0   5.000   -1.000  lightdock_8.pdb      0 -863.337
  164     10    (-5.615, -22.408, -12.924, -0.356, -0.588, 0.337, -0.643)      0      0 -1294.18611     2   5.000   -1.000 lightdock_10.pdb      0 -863.341
   90      7     (-3.178, -14.441, -12.343, 0.634, -0.324, 0.679, -0.181)      0      0 -1295.01915     0   5.000   -1.000  lightdock_7.pdb      0 -863.346
   81     21        (18.380, -8.400, -8.973, 0.101, -0.434, 0.519, 0.730)      0      0 -1297.51636     1   5.000   -1.000 lightdock_21.pdb      0 -863.399
   51      6       (6.880, -18.426, 18.273, 0.127, -0.798, 0.142, -0.571)      0      0 -1294.80312     1   5.000   -1.000  lightdock_6.pdb      0 -863.404
   42      2       (0.257, -15.030, 21.546, -0.183, 0.633, -0.002, 0.752)      0      0 -1295.13886     0   5.000   -1.000  lightdock_2.pdb      0 -863.426
    9     10       (-18.362, -8.731, -8.002, 0.092, 0.989, 0.087, -0.075)      0      0 -1295.20491     0   5.000   -1.000 lightdock_10.pdb      0 -863.470
  144     13      (-14.729, -13.395, 8.698, 0.835, -0.122, -0.250, 0.475)      0      0 -1293.66186     4   5.000   -1.000 lightdock_13.pdb      0 -863.475
   99     23      (-15.027, 19.727, -6.586, 0.571, 0.523, -0.583, -0.248)      0      0 -1295.21460     0   5.000   -1.000 lightdock_23.pdb      0 -863.476
    7      6       (19.001, 20.373, -8.958, 0.674, -0.526, -0.298, 0.424)      0      0 -1295.24867     0   5.000   -1.000  lightdock_6.pdb      0 -863.493
  107      8       (-18.163, 12.482, 0.359, -0.133, 0.262, -0.369, 0.882)      0      0 -1294.78725     2   5.000   -1.000  lightdock_8.pdb      0 -863.525
   79     16     (-15.648, -7.944, -7.278, -0.075, -0.577, -0.808, 0.092)      0      0 -1296.92856     2   5.000   -1.000 lightdock_16.pdb      0 -863.528
  168     11      (-17.349, -8.093, 10.479, 0.432, -0.402, 0.613, -0.525)      0      0 -1296.11124     2   5.000   -1.000 lightdock_11.pdb      0 -863.535
  202      0        (3.166, 7.286, -21.910, -0.297, 0.769, -0.228, 0.518)      0      0 -1295.31737     0   5.000   -1.000  lightdock_0.pdb      0 -863.545
  127     16      (-4.576, 26.229, -5.119, -0.457, -0.380, 0.377, -0.710)      0      0 -1295.02817     2   5.000   -1.000 lightdock_16.pdb      0 -863.565
   90     24     (-3.368, -14.643, -12.746, 0.634, -0.324, 0.679, -0.181)      0      0 -1298.84286     1   5.000   -1.000 lightdock_24.pdb      0 -863.584
  184      2      (-0.503, -15.520, 17.709, -0.358, 0.906, -0.163, 0.154)      0      0 -1295.00579     2   5.000   -1.000  lightdock_2.pdb      0 -863.593
   51     15      (3.096, -23.167, 21.849, -0.164, -0.450, -0.204, 0.854)      0      0 -1296.04371     0   5.000   -1.000 lightdock_15.pdb      0 -863.615
  105      4         (4.774, -3.034, -13.740, 0.106, 0.035, 0.421, 0.900)      0      0 -1299.74148     1   5.000   -1.000  lightdock_4.pdb      0 -863.651
   40      3      (-1.721, 20.628, 12.465, 0.184, -0.417, -0.890, -0.018)      0      0 -1295.04507     1   5.000   -1.000  lightdock_3.pdb      0 -863.659
  107      6       (-18.163, 12.481, 0.358, -0.133, 0.262, -0.369, 0.882)      0      0 -1294.90200     3   5.000   -1.000  lightdock_6.pdb      0 -863.678
  131     19     (-1.953, 12.503, -17.006, -0.303, -0.863, 0.303, -0.268)      0      0 -1295.67725     0   5.000   -1.000 lightdock_19.pdb      0 -863.697
  178      7      (-7.941, 18.045, -11.927, -0.338, 0.150, 0.216, -0.904)      0      0 -1295.56259     0   5.000   -1.000  lightdock_7.pdb      0 -863.708
  154     19      (-17.981, 1.240, -10.562, -0.049, 0.052, -0.855, 0.514)      0      0 -1296.02329     0   5.000   -1.000 lightdock_19.pdb      0 -863.733
   79     13    (-10.286, -3.632, -14.505, -0.053, 0.309, -0.598, -0.738)      0      0 -1296.71257     1   5.000   -1.000 lightdock_13.pdb      0 -863.773
  138     24       (1.435, -1.224, -24.351, 0.186, -0.864, 0.236, -0.404)      0      0 -1298.91682     1   5.000   -1.000 lightdock_24.pdb      0 -863.802
   71     19      (-18.477, 6.233, 7.574, -0.463, -0.542, -0.658, -0.245)      0      0 -1295.65789     2   5.000   -1.000 lightdock_19.pdb      0 -863.807
  158      2        (9.414, 24.325, 9.799, -0.676, 0.219, -0.688, -0.144)      0      0 -1294.98898     2   5.000   -1.000  lightdock_2.pdb      0 -863.869
  127     17      (-4.942, 26.048, -4.656, -0.457, -0.380, 0.377, -0.710)      0      0 -1296.30073     3   5.000   -1.000 lightdock_17.pdb      0 -863.877
    4      0        (-0.003, 27.454, 4.155, -0.196, -0.192, 0.783, 0.559)      0      0 -1294.65736     1   5.000   -1.000  lightdock_0.pdb      0 -863.931
  196      7        (7.931, -17.838, 14.374, 0.542, 0.108, -0.568, 0.610)      0      0 -1295.98421     0   5.000   -1.000  lightdock_7.pdb      0 -863.989
  197     22        (27.068, 4.394, -8.674, -0.962, 0.238, -0.036, 0.132)      0      0 -1296.01318     0   5.000   -1.000 lightdock_22.pdb      0 -864.009
   71     11      (-18.575, 6.330, 7.929, -0.463, -0.542, -0.658, -0.245)      0      0 -1295.46510     1   5.000   -1.000 lightdock_11.pdb      0 -864.011
    9      5       (-18.269, -8.943, -8.398, 0.092, 0.989, 0.087, -0.075)      0      0 -1296.14027     2   5.000   -1.000  lightdock_5.pdb      0 -864.024
    9     12       (-18.364, -8.727, -7.993, 0.092, 0.989, 0.087, -0.075)      0      0 -1295.97045     1   5.000   -1.000 lightdock_12.pdb      0 -864.032
    7      4       (19.219, 20.283, -9.219, 0.674, -0.526, -0.298, 0.424)      0      0 -1295.83291     1   5.000   -1.000  lightdock_4.pdb      0 -864.034
   79     17     (-15.761, -8.048, -6.954, -0.075, -0.577, -0.808, 0.092)      0      0 -1296.05260     0   5.000   -1.000 lightdock_17.pdb      0 -864.035
  161     16     (-7.179, 11.865, 14.043, -0.403, -0.353, -0.378, -0.755)      0      0 -1296.06705     0   5.000   -1.000 lightdock_16.pdb      0 -864.045
  183     21      (-8.932, -2.536, 22.041, -0.582, 0.213, -0.418, -0.664)      0      0 -1297.69743     1   5.000   -1.000 lightdock_21.pdb      0 -864.114
  154      3      (-17.967, 1.348, -10.578, -0.049, 0.052, -0.855, 0.514)      0      0 -1296.17592     1   5.000   -1.000  lightdock_3.pdb      0 -864.117
    7     12       (18.970, 20.384, -8.921, 0.674, -0.526, -0.298, 0.424)      0      0 -1296.16842     2   5.000   -1.000 lightdock_12.pdb      0 -864.133
   69     20          (5.480, 27.793, 3.737, -0.731, 0.200, 0.293, 0.583)      0      0 -1296.53172     2   5.000   -1.000 lightdock_20.pdb      0 -864.163
   12      1        (14.146, 8.943, -13.209, 0.793, -0.605, 0.010, 0.069)      0      0 -1296.25393     0   5.000   -1.000  lightdock_1.pdb      0 -864.169
  204     17     (9.743, -0.037, -16.762, -0.127, -0.126, -0.953, -0.245)      0      0 -1296.27204     0   5.000   -1.000 lightdock_17.pdb      0 -864.181
   62      9       (17.206, -6.766, -11.485, -0.209, 0.714, 0.365, 0.560)      0      0 -1294.96990     4   5.000   -1.000  lightdock_9.pdb      0 -864.213
   12      4        (14.505, 8.849, -13.255, 0.793, -0.605, 0.010, 0.069)      0      0 -1296.73359     1   5.000   -1.000  lightdock_4.pdb      0 -864.216
  158     11        (9.415, 24.314, 9.796, -0.676, 0.219, -0.688, -0.144)      0      0 -1295.39229     3   5.000   -1.000 lightdock_11.pdb      0 -864.230
   26     23     (15.954, -15.761, -1.344, -0.141, -0.443, 0.844, -0.268)      0      0 -1293.79404     5   5.000   -1.000 lightdock_23.pdb      0 -864.237
  138     20       (1.319, -0.991, -24.163, 0.186, -0.864, 0.236, -0.404)      0      0 -1296.77570     0   5.000   -1.000 lightdock_20.pdb      0 -864.247
  149     13    (-0.403, -17.666, -10.629, -0.653, 0.311, -0.602, -0.337)      0      0 -1300.30144     2   5.000   -1.000 lightdock_13.pdb      0 -864.280
  145     19     (10.350, 12.324, -13.211, -0.329, -0.723, -0.559, 0.237)      0      0 -1295.65988     2   5.000   -1.000 lightdock_19.pdb      0 -864.287
  202      8        (3.148, 7.276, -21.921, -0.297, 0.769, -0.228, 0.518)      0      0 -1295.93942     1   5.000   -1.000  lightdock_8.pdb      0 -864.302
   79     22     (-15.970, -8.250, -6.551, -0.075, -0.577, -0.808, 0.092)      0      0 -1296.27929     1   5.000   -1.000 lightdock_22.pdb      0 -864.317
   96     18        (-19.416, -9.737, 4.105, 0.335, -0.026, 0.874, 0.351)      0      0 -1296.51917     0   5.000   -1.000 lightdock_18.pdb      0 -864.346
  171     18     (2.318, 14.176, -16.865, -0.192, -0.947, -0.003, -0.258)      0      0 -1296.52845     0   5.000   -1.000 lightdock_18.pdb      0 -864.352
   28      4         (23.202, 4.254, 7.911, 0.682, 0.708, -0.134, -0.123)      0      0 -1296.55373     0   5.000   -1.000  lightdock_4.pdb      0 -864.369
    1     12     (12.711, 11.560, -20.137, -0.816, 0.352, -0.202, -0.412)      0      0 -1294.95552     1   5.000   -1.000 lightdock_12.pdb      0 -864.397
  183     11      (-8.847, -2.405, 22.055, -0.582, 0.213, -0.418, -0.664)      0      0 -1297.90020     3   5.000   -1.000 lightdock_11.pdb      0 -864.433
  196     24        (7.904, -18.202, 14.163, 0.542, 0.108, -0.568, 0.610)      0      0 -1297.70339     2   5.000   -1.000 lightdock_24.pdb      0 -864.504
  195      8       (-25.110, -0.780, 6.716, 0.669, -0.371, -0.014, 0.644)      0      0 -1297.59663     2   5.000   -1.000  lightdock_8.pdb      0 -864.511
   29      3     (9.612, -19.619, -7.400, -0.278, -0.701, -0.333, -0.566)      0      0 -1299.31923     6   1.800   -1.000  lightdock_3.pdb      0 -864.515
   17     13        (7.876, 3.191, 19.381, -0.758, -0.353, -0.183, 0.517)      0      0 -1296.77878     0   5.000   -1.000 lightdock_13.pdb      0 -864.519
   14      3       (18.186, 22.444, -6.228, 0.599, -0.322, 0.079, -0.729)      0      0 -1299.36945     3   5.000   -1.000  lightdock_3.pdb      0 -864.528
  196      9        (7.962, -17.527, 14.556, 0.542, 0.108, -0.568, 0.610)      0      0 -1296.99196     1   5.000   -1.000  lightdock_9.pdb      0 -864.534
   41     24          (21.308, 3.760, 9.053, 0.181, 0.321, -0.359, 0.857)      0      0 -1296.82799     0   5.000   -1.000 lightdock_24.pdb      0 -864.552
  168     15      (-17.064, -8.287, 10.748, 0.432, -0.402, 0.613, -0.525)      0      0 -1296.49594     3   5.000   -1.000 lightdock_15.pdb      0 -864.557
   14     22       (18.053, 22.260, -6.217, 0.599, -0.322, 0.079, -0.729)      0      0 -1298.82059     2   5.000   -1.000 lightdock_22.pdb      0 -864.619
   76      7      (7.050, 19.394, -16.886, 0.693, -0.626, -0.205, -0.293)      0      0 -1296.96043     0   5.000   -1.000  lightdock_7.pdb      0 -864.640
  192     12       (-20.594, 13.004, -5.116, 0.712, 0.291, 0.606, -0.203)      0      0 -1295.38500     3   5.000   -1.000 lightdock_12.pdb      0 -864.675
    2     24     (-5.066, 24.280, -3.094, -0.554, -0.324, -0.155, -0.751)      0      0 -1297.03220     0   5.000   -1.000 lightdock_24.pdb      0 -864.687
   95      9    (-10.289, -5.473, -12.467, 0.281, -0.949, -0.115, -0.090)      0      0 -1297.03754     0   5.000   -1.000  lightdock_9.pdb      0 -864.692
  194     24         (-5.382, 22.407, 10.683, 0.372, 0.902, 0.165, 0.145)      0      0 -1297.89347     1   5.000   -1.000 lightdock_24.pdb      0 -864.695
  183     20      (-9.353, -1.670, 22.923, -0.582, 0.213, -0.418, -0.664)      0      0 -1299.27765     4   5.000   -1.000 lightdock_20.pdb      0 -864.707
   69      3          (5.229, 27.490, 4.323, -0.731, 0.200, 0.293, 0.583)      0      0 -1295.77604     1   5.000   -1.000  lightdock_3.pdb      0 -864.735
   29      1     (9.367, -19.243, -8.222, -0.278, -0.701, -0.333, -0.566)      0      0 -1298.05403     3   5.000   -1.000  lightdock_1.pdb      0 -864.736
   97      0     (-16.253, -9.096, 16.514, 0.178, -0.836, -0.279, -0.438)      0      0 -1297.10759     0   5.000   -1.000  lightdock_0.pdb      0 -864.738
   53     14        (16.914, 18.185, 8.688, -0.863, 0.039, 0.471, -0.177)      0      0 -1297.11901     0   5.000   -1.000 lightdock_14.pdb      0 -864.746
  211      5       (-8.488, -19.200, 16.137, 0.753, 0.156, -0.061, 0.637)      0      0 -1297.13963     0   5.000   -1.000  lightdock_5.pdb      0 -864.760
   29     11     (9.666, -19.604, -7.787, -0.277, -0.701, -0.333, -0.566)      0      0 -1297.86525     2   5.000   -1.000 lightdock_11.pdb      0 -864.768
   29      4     (9.635, -19.582, -7.743, -0.278, -0.701, -0.333, -0.566)      0      0 -1298.19915     4   5.000   -1.000  lightdock_4.pdb      0 -864.770
  164     17    (-5.691, -22.456, -12.597, -0.356, -0.588, 0.337, -0.643)      0      0 -1296.29534     6   4.920   -1.000 lightdock_17.pdb      0 -864.771
  131      0     (-1.926, 12.111, -17.159, -0.303, -0.863, 0.303, -0.268)      0      0 -1296.90667     1   5.000   -1.000  lightdock_0.pdb      0 -864.785
  158     13          (1.773, 22.066, 9.380, 0.830, 0.297, -0.094, 0.462)      0      0 -1297.18228     0   5.000   -1.000 lightdock_13.pdb      0 -864.788
   45     22     (16.140, 16.363, -12.899, -0.828, -0.266, 0.241, -0.432)      0      0 -1294.69417     5   5.000   -1.000 lightdock_22.pdb      0 -864.829
   77      5       (-3.613, -4.764, 18.921, -0.870, 0.332, 0.242, -0.270)      0      0 -1295.39115     1   5.000   -1.000  lightdock_5.pdb      0 -864.840
  131      6     (-1.962, 12.646, -16.950, -0.303, -0.863, 0.303, -0.268)      0      0 -1297.42585     2   5.000   -1.000  lightdock_6.pdb      0 -864.855
   70     21      (13.717, -18.842, -2.840, 0.049, -0.341, -0.644, 0.683)      0      0 -1296.69920     2   5.000   -1.000 lightdock_21.pdb      0 -864.869
    7      8       (19.038, 20.358, -9.002, 0.674, -0.526, -0.298, 0.424)      0      0 -1296.86884     3   5.000   -1.000  lightdock_8.pdb      0 -864.931
   61      2        (-8.702, 7.669, -21.403, 0.405, 0.566, -0.653, 0.298)      0      0 -1297.40570     0   5.000   -1.000  lightdock_2.pdb      0 -864.937
  131      4     (-1.930, 12.179, -17.132, -0.303, -0.863, 0.303, -0.268)      0      0 -1297.60802     4   5.000   -1.000  lightdock_4.pdb      0 -864.945
   53     15        (16.983, 17.956, 8.429, -0.863, 0.039, 0.471, -0.177)      0      0 -1297.88846     1   5.000   -1.000 lightdock_15.pdb      0 -864.953
  168     17      (-16.950, -8.309, 10.628, 0.432, -0.402, 0.613, -0.525)      0      0 -1297.99269     5   5.000   -1.000 lightdock_17.pdb      0 -864.965
   51     12      (3.362, -23.367, 21.647, -0.164, -0.450, -0.204, 0.854)      0      0 -1296.88391     1   5.000   -1.000 lightdock_12.pdb      0 -864.998
  131     17     (-1.900, 11.738, -17.304, -0.303, -0.863, 0.303, -0.268)      0      0 -1297.60202     3   5.000   -1.000 lightdock_17.pdb      0 -865.011
  194     22         (-5.184, 22.661, 10.327, 0.372, 0.902, 0.165, 0.145)      0      0 -1297.67538     0   5.000   -1.000 lightdock_22.pdb      0 -865.027
   21     15        (-15.373, 2.386, 8.815, 0.790, -0.083, -0.069, 0.603)      0      0 -1294.35550     1   5.000   -1.000 lightdock_15.pdb      0 -865.032
   29      8     (9.656, -19.592, -7.801, -0.278, -0.701, -0.333, -0.566)      0      0 -1297.62364     1   5.000   -1.000  lightdock_8.pdb      0 -865.059
  123     16        (6.789, -2.681, 17.564, -0.505, 0.862, 0.042, -0.033)      0      0 -1297.61197     0   5.000   -1.000 lightdock_16.pdb      0 -865.075
  200     16          (6.360, -22.327, 2.560, 0.309, 0.742, 0.468, 0.368)      0      0 -1297.62709     0   5.000   -1.000 lightdock_16.pdb      0 -865.085
  171      7     (2.337, 14.165, -16.839, -0.192, -0.947, -0.003, -0.258)      0      0 -1297.88070     1   5.000   -1.000  lightdock_7.pdb      0 -865.139
   51      0      (3.239, -23.269, 22.233, -0.164, -0.450, -0.204, 0.854)      0      0 -1297.74001     2   5.000   -1.000  lightdock_0.pdb      0 -865.158
  194     10         (-10.754, 22.065, 3.045, 0.207, 0.808, 0.170, 0.525)      0      0 -1297.77997     0   5.000   -1.000 lightdock_10.pdb      0 -865.187
   60     10        (22.346, 12.047, 0.078, -0.435, 0.169, -0.606, 0.644)      0      0 -1297.82926     0   5.000   -1.000 lightdock_10.pdb      0 -865.220
  217     20       (-11.154, 20.320, 2.664, -0.347, 0.844, 0.248, -0.326)      0      0 -1299.05853     1   5.000   -1.000 lightdock_20.pdb      0 -865.272
  168      5      (-16.498, -8.579, 10.896, 0.432, -0.402, 0.613, -0.525)      0      0 -1297.31882     4   5.000   -1.000  lightdock_5.pdb      0 -865.278
  195     14       (-24.954, -1.154, 7.099, 0.669, -0.371, -0.014, 0.644)      0      0 -1297.55478     1   5.000   -1.000 lightdock_14.pdb      0 -865.296
   71     21        (-19.034, 6.615, 14.166, 0.950, 0.092, -0.013, 0.297)      0      0 -1297.98715     0   5.000   -1.000 lightdock_21.pdb      0 -865.325
  142     22       (2.739, -23.351, 1.682, 0.675, -0.269, -0.590, -0.352)      0      0 -1298.03070     0   5.000   -1.000 lightdock_22.pdb      0 -865.354
   83      2        (22.579, -9.191, 1.068, -0.607, -0.598, 0.303, 0.427)      0      0 -1298.05560     0   5.000   -1.000  lightdock_2.pdb      0 -865.370
  131     12     (-1.930, 12.175, -17.134, -0.303, -0.863, 0.303, -0.268)      0      0 -1297.90920     5   5.000   -1.000 lightdock_12.pdb      0 -865.407
    9      2     (-11.676, 0.383, -10.457, -0.175, 0.402, -0.004, -0.899)      0      0 -1298.12373     0   5.000   -1.000  lightdock_2.pdb      0 -865.416
   71      5        (-19.161, 6.959, 13.852, 0.950, 0.092, -0.013, 0.297)      0      0 -1299.78604     1   5.000   -1.000  lightdock_5.pdb      0 -865.423
   29     13     (9.519, -19.356, -8.408, -0.277, -0.701, -0.333, -0.566)      0      0 -1299.70517     7   1.960   -1.000 lightdock_13.pdb      0 -865.430
   44     14         (18.971, 5.834, 9.483, -0.576, 0.718, 0.231, -0.314)      0      0 -1300.30333     1   5.000   -1.000 lightdock_14.pdb      0 -865.468
  194     13         (-5.168, 22.682, 10.298, 0.372, 0.902, 0.165, 0.145)      0      0 -1298.25369     2   5.000   -1.000 lightdock_13.pdb      0 -865.473
  123      7        (6.897, -3.131, 17.551, -0.505, 0.862, 0.042, -0.033)      0      0 -1298.04437     1   5.000   -1.000  lightdock_7.pdb      0 -865.475
   76     21      (6.825, 19.423, -16.546, 0.693, -0.626, -0.205, -0.293)      0      0 -1298.71740     1   5.000   -1.000 lightdock_21.pdb      0 -865.648
  217     14       (-11.027, 20.398, 2.849, -0.347, 0.844, 0.248, -0.326)      0      0 -1298.48625     0   5.000   -1.000 lightdock_14.pdb      0 -865.657
  196      1        (7.929, -17.800, 14.394, 0.542, 0.108, -0.568, 0.610)      0      0 -1299.92817     5   5.000   -1.000  lightdock_1.pdb      0 -865.670
   54     22      (21.287, 10.712, -15.067, 0.031, -0.020, -0.997, 0.074)      0      0 -1297.93801     3   5.000   -1.000 lightdock_22.pdb      0 -865.693
  149     14     (-0.471, -17.882, -9.756, -0.653, 0.311, -0.602, -0.337)      0      0 -1298.59548     1   5.000   -1.000 lightdock_14.pdb      0 -865.730
   14      2       (18.153, 22.393, -6.227, 0.599, -0.322, 0.079, -0.729)      0      0 -1298.59988     0   5.000   -1.000  lightdock_2.pdb      0 -865.731
    1     10        (4.029, 14.209, -19.843, 0.243, 0.200, 0.026, -0.949)      0      0 -1298.65552     0   5.000   -1.000 lightdock_10.pdb      0 -865.770
  118     24     (-11.948, 12.912, -11.516, 0.229, 0.678, -0.660, -0.230)      0      0 -1298.67070     0   5.000   -1.000 lightdock_24.pdb      0 -865.780
   41     14          (21.285, 3.761, 9.127, 0.181, 0.321, -0.359, 0.857)      0      0 -1298.21478     1   5.000   -1.000 lightdock_14.pdb      0 -865.824
  118     23     (-12.056, 12.554, -11.407, 0.229, 0.678, -0.660, -0.230)      0      0 -1300.46643     1   5.000   -1.000 lightdock_23.pdb      0 -865.826
  179     16       (15.657, 16.287, -8.383, -0.810, 0.186, 0.002, -0.557)      0      0 -1298.74380     0   5.000   -1.000 lightdock_16.pdb      0 -865.829
  150     21     (-0.128, -11.946, -12.817, 0.403, -0.574, -0.712, 0.020)      0      0 -1298.90046     0   5.000   -1.000 lightdock_21.pdb      0 -865.934
  102     19         (8.659, -18.372, 4.619, 0.125, 0.109, 0.937, -0.307)      0      0 -1298.92360     0   5.000   -1.000 lightdock_19.pdb      0 -865.949
   14      7       (17.883, 22.018, -6.206, 0.599, -0.322, 0.079, -0.729)      0      0 -1298.76913     1   5.000   -1.000  lightdock_7.pdb      0 -865.951
  194     20         (-5.339, 22.463, 10.605, 0.372, 0.902, 0.165, 0.145)      0      0 -1299.27860     3   5.000   -1.000 lightdock_20.pdb      0 -865.973
   83     10        (22.554, -8.863, 0.821, -0.607, -0.598, 0.303, 0.427)      0      0 -1300.67016     1   5.000   -1.000 lightdock_10.pdb      0 -865.994
  111     20      (10.469, -11.330, 20.793, -0.361, 0.863, 0.334, -0.112)      0      0 -1297.46722     1   5.000   -1.000 lightdock_20.pdb      0 -866.001
   59      5        (16.392, 5.923, 14.991, 0.604, -0.139, 0.751, -0.228)      0      0 -1297.63935     4   5.000   -1.000  lightdock_5.pdb      0 -866.004
   87     19      (7.541, -11.536, -12.049, -0.176, -0.633, 0.411, 0.631)      0      0 -1299.01127     0   5.000   -1.000 lightdock_19.pdb      0 -866.008
  154     15      (-17.994, 1.142, -10.548, -0.049, 0.052, -0.855, 0.514)      0      0 -1297.87600     2   5.000   -1.000 lightdock_15.pdb      0 -866.041
   58     12       (-0.252, 3.695, -12.989, -0.551, 0.530, 0.232, -0.602)      0      0 -1299.15465     0   5.000   -1.000 lightdock_12.pdb      0 -866.103
  123     18       (16.267, -2.156, 14.498, 0.328, 0.279, -0.902, -0.028)      0      0 -1299.21344     0   5.000   -1.000 lightdock_18.pdb      0 -866.142
   97      4     (-16.299, -9.224, 16.776, 0.178, -0.836, -0.279, -0.438)      0      0 -1299.38514     1   5.000   -1.000  lightdock_4.pdb      0 -866.159
   97     24     (-16.171, -8.840, 15.993, 0.178, -0.836, -0.279, -0.438)      0      0 -1300.43742     3   5.000   -1.000 lightdock_24.pdb      0 -866.171
  197     12         (23.010, 6.018, -2.750, -0.943, 0.243, 0.213, 0.079)      0      0 -1299.30625     0   5.000   -1.000 lightdock_12.pdb      0 -866.204
   29      9     (9.668, -19.570, -7.995, -0.277, -0.701, -0.333, -0.566)      0      0 -1299.08099     5   4.680   -1.000  lightdock_9.pdb      0 -866.296
  105     13         (4.687, -3.203, -13.732, 0.106, 0.035, 0.421, 0.900)      0      0 -1299.47113     0   5.000   -1.000 lightdock_13.pdb      0 -866.314
   50     23       (-16.398, 26.983, 0.486, 0.901, -0.420, 0.100, -0.043)      0      0 -1299.61576     0   5.000   -1.000 lightdock_23.pdb      0 -866.411
  196      6        (7.920, -17.987, 14.287, 0.542, 0.108, -0.568, 0.610)      0      0 -1298.95383     3   5.000   -1.000  lightdock_6.pdb      0 -866.413
  142     12       (2.744, -23.566, 1.405, 0.675, -0.269, -0.590, -0.352)      0      0 -1302.76058     2   5.000   -1.000 lightdock_12.pdb      0 -866.463
   59     21         (20.712, 2.058, 10.560, 0.056, 0.405, -0.441, 0.799)      0      0 -1305.06740     1   5.000   -1.000 lightdock_21.pdb      0 -866.468
  161     24     (-7.069, 11.649, 14.008, -0.403, -0.353, -0.378, -0.755)      0      0 -1298.76277     1   5.000   -1.000 lightdock_24.pdb      0 -866.493
   44      5         (18.812, 6.046, 9.457, -0.576, 0.718, 0.231, -0.314)      0      0 -1299.77469     0   5.000   -1.000  lightdock_5.pdb      0 -866.513
  111     21      (11.201, -11.837, 18.456, -0.541, 0.400, 0.723, -0.154)      0      0 -1297.70893     2   5.000   -1.000 lightdock_21.pdb      0 -866.541
   59      6         (20.332, 2.159, 10.413, 0.056, 0.405, -0.441, 0.799)      0      0 -1304.02231     0   5.000   -1.000  lightdock_6.pdb      0 -866.564
  185     21       (-2.308, 11.264, 22.194, -0.653, -0.308, 0.109, 0.684)      0      0 -1299.85125     0   5.000   -1.000 lightdock_21.pdb      0 -866.568
    2     10     (-5.147, 24.538, -3.136, -0.554, -0.324, -0.155, -0.751)      0      0 -1300.51824     1   5.000   -1.000 lightdock_10.pdb      0 -866.591
  217      2       (-10.861, 20.500, 3.091, -0.347, 0.844, 0.248, -0.326)      0      0 -1299.26374     2   5.000   -1.000  lightdock_2.pdb      0 -866.610
  171      1          (5.200, 9.209, -16.350, 0.196, 0.119, 0.863, 0.450)      0      0 -1299.96251     0   5.000   -1.000  lightdock_1.pdb      0 -866.641
  114     15     (13.387, -17.404, -3.800, -0.354, -0.323, 0.807, -0.345)      0      0 -1300.20757     0   5.000   -1.000 lightdock_15.pdb      0 -866.671
  138      4       (1.212, -0.689, -23.782, 0.186, -0.864, 0.236, -0.404)      0      0 -1301.44113     5   4.760   -1.000  lightdock_4.pdb      0 -866.691
  102     14         (8.281, -18.396, 4.398, 0.125, 0.109, 0.937, -0.307)      0      0 -1300.24215     2   5.000   -1.000 lightdock_14.pdb      0 -866.691
  192      5      (-17.336, 10.573, -11.950, 0.524, 0.137, 0.561, -0.626)      0      0 -1300.06094     0   5.000   -1.000  lightdock_5.pdb      0 -866.707
  102      8         (8.702, -18.369, 4.645, 0.125, 0.109, 0.937, -0.307)      0      0 -1299.74869     1   5.000   -1.000  lightdock_8.pdb      0 -866.719
  114     10     (13.305, -17.730, -3.810, -0.354, -0.323, 0.807, -0.345)      0      0 -1300.53491     1   5.000   -1.000 lightdock_10.pdb      0 -866.742
  192      0      (-17.351, 10.621, -11.669, 0.524, 0.137, 0.561, -0.626)      0      0 -1300.34868     1   5.000   -1.000  lightdock_0.pdb      0 -866.777
  112      1        (14.177, 23.199, -5.584, -0.382, 0.230, 0.748, 0.491)      0      0 -1300.18240     0   5.000   -1.000  lightdock_1.pdb      0 -866.788
   79      1      (-10.587, -1.707, -11.210, 0.808, 0.351, 0.431, -0.198)      0      0 -1300.22497     0   5.000   -1.000  lightdock_1.pdb      0 -866.817
   97      5     (-16.230, -9.031, 16.382, 0.178, -0.836, -0.279, -0.438)      0      0 -1299.94509     2   5.000   -1.000  lightdock_5.pdb      0 -866.858
   10      9       (12.281, 18.109, 8.379, -0.653, 0.629, -0.404, -0.124)      0      0 -1300.30683     0   5.000   -1.000  lightdock_9.pdb      0 -866.871
  152      1        (15.475, 20.082, 2.669, 0.648, -0.115, 0.277, -0.700)      0      0 -1300.32828     0   5.000   -1.000  lightdock_1.pdb      0 -866.886
   59     14        (16.506, 5.606, 15.054, 0.604, -0.138, 0.750, -0.231)      0      0 -1296.46890     3   5.000   -1.000 lightdock_14.pdb      0 -866.918
  171      5     (2.172, 14.262, -17.061, -0.192, -0.947, -0.003, -0.258)      0      0 -1298.51683     2   5.000   -1.000  lightdock_5.pdb      0 -866.949
  164      0    (-5.242, -21.226, -11.860, -0.356, -0.588, 0.337, -0.643)      0      0 -1299.56859     7   4.040   -1.000  lightdock_0.pdb      0 -867.085
  158     21          (3.403, 20.125, 4.583, 0.496, 0.755, -0.424, 0.071)      0      0 -1300.73448     0   5.000   -1.000 lightdock_21.pdb      0 -867.156
  102      7         (8.757, -18.331, 4.908, 0.125, 0.109, 0.937, -0.307)      0      0 -1301.01714     3   5.000   -1.000  lightdock_7.pdb      0 -867.186
  196      8        (7.930, -17.711, 14.443, 0.542, 0.108, -0.568, 0.610)      0      0 -1299.84022     4   5.000   -1.000  lightdock_8.pdb      0 -867.191
  205     22      (-16.181, 15.350, -8.039, 0.386, 0.467, -0.364, -0.707)      0      0 -1300.83140     0   5.000   -1.000 lightdock_22.pdb      0 -867.221
  114      4     (13.262, -17.666, -3.877, -0.354, -0.323, 0.807, -0.345)      0      0 -1301.50463     2   5.000   -1.000  lightdock_4.pdb      0 -867.239
   14     15       (18.325, 22.678, -6.225, 0.599, -0.322, 0.079, -0.729)      0      0 -1300.72229     4   5.000   -1.000 lightdock_15.pdb      0 -867.244
  138     18       (1.332, -0.887, -23.877, 0.186, -0.864, 0.236, -0.404)      0      0 -1300.06325     3   5.000   -1.000 lightdock_18.pdb      0 -867.259
   28     24         (23.198, 4.254, 7.900, 0.682, 0.708, -0.134, -0.123)      0      0 -1299.11354     1   5.000   -1.000 lightdock_24.pdb      0 -867.288
  114     13     (13.427, -17.245, -3.796, -0.354, -0.323, 0.807, -0.345)      0      0 -1301.51721     3   5.000   -1.000 lightdock_13.pdb      0 -867.345
   76     13      (7.049, 19.384, -16.885, 0.693, -0.626, -0.205, -0.293)      0      0 -1299.36228     2   5.000   -1.000 lightdock_13.pdb      0 -867.399
   29     23     (9.369, -19.281, -8.011, -0.278, -0.701, -0.333, -0.566)      0      0 -1300.30025     8   4.200   -1.000 lightdock_23.pdb      0 -867.410
   45     23     (16.476, 16.091, -12.800, -0.828, -0.266, 0.241, -0.432)      0      0 -1296.14671     6   4.920   -1.000 lightdock_23.pdb      0 -867.470
   94     12      (-13.998, -14.973, 2.332, -0.268, 0.360, -0.410, 0.794)      0      0 -1301.21087     0   5.000   -1.000 lightdock_12.pdb      0 -867.474
  131     15       (-3.810, 6.628, -14.050, 0.799, 0.551, -0.198, -0.135)      0      0 -1301.22025     0   5.000   -1.000 lightdock_15.pdb      0 -867.480
   60      2        (22.668, 12.037, 0.251, -0.435, 0.169, -0.606, 0.644)      0      0 -1300.62681     1   5.000   -1.000  lightdock_2.pdb      0 -867.586
  112     11        (24.657, 19.177, -1.224, -0.564, 0.337, 0.217, 0.722)      0      0 -1301.52678     0   5.000   -1.000 lightdock_11.pdb      0 -867.685
  192      2       (-20.770, 13.246, -5.228, 0.712, 0.291, 0.606, -0.203)      0      0 -1302.72701     5   5.000   -1.000  lightdock_2.pdb      0 -867.750
  138     23       (1.400, -1.065, -24.087, 0.186, -0.864, 0.236, -0.404)      0      0 -1299.97906     2   5.000   -1.000 lightdock_23.pdb      0 -867.757
  114      9     (13.250, -18.005, -3.805, -0.354, -0.323, 0.807, -0.345)      0      0 -1301.90753     5   5.000   -1.000  lightdock_9.pdb      0 -867.780
  171     12          (5.412, 9.339, -16.069, 0.194, 0.113, 0.867, 0.445)      0      0 -1309.00421     1   5.000   -1.000 lightdock_12.pdb      0 -867.791
   79     14      (-10.198, -1.722, -11.295, 0.808, 0.351, 0.431, -0.198)      0      0 -1303.03530     1   5.000   -1.000 lightdock_14.pdb      0 -867.796
  118      8       (-11.504, 11.415, -11.893, 0.818, 0.277, 0.145, 0.482)      0      0 -1301.69459     0   5.000   -1.000  lightdock_8.pdb      0 -867.796
   29     19     (9.540, -19.457, -7.936, -0.277, -0.701, -0.334, -0.566)      0      0 -1301.91191     9   1.480   -1.000 lightdock_19.pdb      0 -867.822
  142      3       (2.749, -23.472, 1.538, 0.675, -0.269, -0.590, -0.352)      0      0 -1301.89263     1   5.000   -1.000  lightdock_3.pdb      0 -867.844
   82      1     (-12.746, -17.629, 0.883, -0.631, -0.606, -0.364, 0.319)      0      0 -1301.79523     0   5.000   -1.000  lightdock_1.pdb      0 -867.863
  114      3     (13.369, -17.553, -3.824, -0.354, -0.323, 0.807, -0.345)      0      0 -1301.60853     4   5.000   -1.000  lightdock_3.pdb      0 -867.870
  210      1      (-16.181, 1.844, -13.035, -0.567, 0.019, 0.819, -0.080)      0      0 -1304.56770     1   5.000   -1.000  lightdock_1.pdb      0 -867.874
  138      6       (1.367, -1.035, -24.118, 0.186, -0.864, 0.236, -0.404)      0      0 -1300.35825     4   5.000   -1.000  lightdock_6.pdb      0 -868.020
  191     12        (-5.187, -2.612, 28.458, 0.377, 0.632, -0.230, 0.637)      0      0 -1306.74885     1   5.000   -1.000 lightdock_12.pdb      0 -868.053
   55      1     (-12.110, -13.420, 4.289, 0.761, -0.038, -0.640, -0.096)      0      0 -1302.16034     0   5.000   -1.000  lightdock_1.pdb      0 -868.107
   26      1        (8.120, -23.689, -8.094, 0.366, 0.574, -0.030, 0.732)      0      0 -1302.17291     0   5.000   -1.000  lightdock_1.pdb      0 -868.115
  105      8       (-3.585, -3.394, -23.219, 0.299, -0.692, 0.253, 0.607)      0      0 -1302.18271     0   5.000   -1.000  lightdock_8.pdb      0 -868.122
  102     12         (8.414, -18.390, 4.462, 0.125, 0.109, 0.937, -0.307)      0      0 -1302.68159     4   5.000   -1.000 lightdock_12.pdb      0 -868.165
   95      4    (-10.365, -5.706, -12.498, 0.281, -0.949, -0.115, -0.090)      0      0 -1300.14909     1   5.000   -1.000  lightdock_4.pdb      0 -868.218
  212     17      (0.680, 17.971, -15.156, -0.013, -0.438, -0.184, 0.880)      0      0 -1302.33244     0   5.000   -1.000 lightdock_17.pdb      0 -868.222
  199     16          (2.495, 3.992, 19.699, 0.803, -0.147, 0.384, 0.430)      0      0 -1302.47690     0   5.000   -1.000 lightdock_16.pdb      0 -868.318
   60     23        (22.421, 12.045, 0.117, -0.435, 0.169, -0.606, 0.644)      0      0 -1301.29046     2   5.000   -1.000 lightdock_23.pdb      0 -868.371
  199     17          (2.666, 4.231, 19.624, 0.803, -0.147, 0.384, 0.430)      0      0 -1304.35213     2   5.000   -1.000 lightdock_17.pdb      0 -868.371
  205      0      (-16.442, 15.237, -8.282, 0.386, 0.467, -0.364, -0.707)      0      0 -1302.85250     1   5.000   -1.000  lightdock_0.pdb      0 -868.376
  197      7         (23.054, 6.028, -2.525, -0.943, 0.243, 0.213, 0.079)      0      0 -1301.09744     1   5.000   -1.000  lightdock_7.pdb      0 -868.387
    2      9     (-5.030, 24.157, -3.073, -0.554, -0.324, -0.155, -0.751)      0      0 -1301.65707     2   5.000   -1.000  lightdock_9.pdb      0 -868.483
  172     19         (-1.301, 23.024, 3.027, 0.325, 0.562, 0.497, -0.576)      0      0 -1302.79572     0   5.000   -1.000 lightdock_19.pdb      0 -868.530
    1     14        (4.014, 14.273, -19.720, 0.243, 0.200, 0.026, -0.949)      0      0 -1301.48842     1   5.000   -1.000 lightdock_14.pdb      0 -868.592
  143     22       (17.309, -8.137, -1.350, -0.364, 0.134, -0.800, 0.458)      0      0 -1302.96963     0   5.000   -1.000 lightdock_22.pdb      0 -868.646
  150     22     (-0.096, -12.062, -12.709, 0.403, -0.574, -0.712, 0.020)      0      0 -1303.35265     2   5.000   -1.000 lightdock_22.pdb      0 -868.647
  125     19       (-12.030, -16.694, 3.460, 0.483, 0.813, 0.050, -0.323)      0      0 -1302.98628     0   5.000   -1.000 lightdock_19.pdb      0 -868.657
   26     14        (10.145, -19.650, 2.171, 0.552, 0.405, -0.359, 0.635)      0      0 -1304.27206     1   5.000   -1.000 lightdock_14.pdb      0 -868.683
  210     20      (-16.104, 1.710, -12.644, -0.567, 0.019, 0.819, -0.080)      0      0 -1303.08855     0   5.000   -1.000 lightdock_20.pdb      0 -868.726
  216     24      (-5.332, 24.238, -15.269, -0.448, 0.673, -0.558, 0.189)      0      0 -1303.11379     0   5.000   -1.000 lightdock_24.pdb      0 -868.742
  172     14         (-1.138, 23.016, 3.030, 0.325, 0.562, 0.497, -0.576)      0      0 -1303.02573     1   5.000   -1.000 lightdock_14.pdb      0 -868.746
  148     13      (23.119, -17.213, 6.625, -0.352, -0.333, -0.757, 0.438)      0      0 -1303.24193     0   5.000   -1.000 lightdock_13.pdb      0 -868.828
   18     22       (8.007, 29.419, -8.138, 0.831, -0.378, -0.015, -0.408)      0      0 -1303.24279     0   5.000   -1.000 lightdock_22.pdb      0 -868.829
   15     12     (-10.502, -1.334, 23.404, -0.095, 0.653, -0.216, -0.720)      0      0 -1303.26527     0   5.000   -1.000 lightdock_12.pdb      0 -868.844
    0      4         (6.868, -6.386, 26.458, 0.743, 0.335, 0.215, -0.538)      0      0 -1303.29953     0   5.000   -1.000  lightdock_4.pdb      0 -868.866
   54     23       (16.975, 11.651, -8.900, -0.591, 0.136, 0.193, -0.771)      0      0 -1303.32688     0   5.000   -1.000 lightdock_23.pdb      0 -868.885
  191     18        (-5.282, -2.608, 28.035, 0.377, 0.632, -0.230, 0.637)      0      0 -1303.33074     0   5.000   -1.000 lightdock_18.pdb      0 -868.887
  150      8     (-0.098, -12.053, -12.715, 0.403, -0.574, -0.712, 0.020)      0      0 -1302.94692     1   5.000   -1.000  lightdock_8.pdb      0 -868.932
   36     10     (-11.628, -6.175, -2.563, 0.270, -0.770, -0.381, -0.435)      0      0 -1303.85069     0   5.000   -1.000 lightdock_10.pdb      0 -868.958
  114     18     (13.328, -17.616, -3.811, -0.354, -0.323, 0.807, -0.345)      0      0 -1304.11745     6   3.800   -1.000 lightdock_18.pdb      0 -869.057
   15      6     (-10.438, -1.265, 23.757, -0.095, 0.653, -0.216, -0.720)      0      0 -1304.36346     1   5.000   -1.000  lightdock_6.pdb      0 -869.081
  172      3          (9.713, 26.806, -0.410, 0.367, 0.738, 0.537, 0.181)      0      0 -1303.73025     0   5.000   -1.000  lightdock_3.pdb      0 -869.094
   95     17       (-6.598, -0.041, -12.885, 0.122, 0.364, 0.549, -0.743)      0      0 -1303.71928     0   5.000   -1.000 lightdock_17.pdb      0 -869.146
  188     13       (-14.898, -9.034, -6.301, 0.004, 0.716, 0.669, -0.199)      0      0 -1303.78730     0   5.000   -1.000 lightdock_13.pdb      0 -869.192
   44     16         (18.658, 6.252, 9.432, -0.576, 0.718, 0.231, -0.314)      0      0 -1302.49543     2   5.000   -1.000 lightdock_16.pdb      0 -869.205
    2      4     (-11.228, 21.102, 4.761, -0.319, -0.857, -0.404, -0.005)      0      0 -1304.37790     0   5.000   -1.000  lightdock_4.pdb      0 -869.236
   26     16        (10.511, -19.598, 2.303, 0.552, 0.405, -0.359, 0.635)      0      0 -1303.94040     0   5.000   -1.000 lightdock_16.pdb      0 -869.293
  184      3        (0.505, -18.640, 21.656, -0.651, 0.105, 0.460, 0.594)      0      0 -1305.32624     1   5.000   -1.000  lightdock_3.pdb      0 -869.302
  184     19        (0.340, -18.610, 21.372, -0.651, 0.105, 0.460, 0.594)      0      0 -1303.99708     0   5.000   -1.000 lightdock_19.pdb      0 -869.331
   18     19       (8.054, 29.144, -8.323, 0.831, -0.378, -0.015, -0.408)      0      0 -1304.62788     1   5.000   -1.000 lightdock_19.pdb      0 -869.371
  172      5         (10.016, 26.868, -0.347, 0.367, 0.738, 0.537, 0.181)      0      0 -1305.41368     1   5.000   -1.000  lightdock_5.pdb      0 -869.429
  216     13      (-5.502, 24.052, -15.268, -0.448, 0.673, -0.558, 0.189)      0      0 -1305.37445     1   5.000   -1.000 lightdock_13.pdb      0 -869.516
  148     19      (22.961, -17.338, 6.186, -0.352, -0.333, -0.757, 0.438)      0      0 -1305.31267     1   5.000   -1.000 lightdock_19.pdb      0 -869.574
   79     20      (-10.620, -1.706, -11.203, 0.808, 0.351, 0.431, -0.198)      0      0 -1303.48011     2   5.000   -1.000 lightdock_20.pdb      0 -869.643
  216     20      (-5.501, 24.049, -15.264, -0.448, 0.673, -0.558, 0.189)      0      0 -1305.38908     2   5.000   -1.000 lightdock_20.pdb      0 -869.694
  216     19         (0.803, 18.788, -12.417, 0.368, 0.260, 0.443, 0.775)      0      0 -1304.55090     0   5.000   -1.000 lightdock_19.pdb      0 -869.701
  142      9     (12.123, -15.696, -0.170, -0.832, 0.450, -0.052, -0.319)      0      0 -1304.57127     0   5.000   -1.000  lightdock_9.pdb      0 -869.714
  212     23      (0.824, 17.760, -15.332, -0.013, -0.438, -0.184, 0.880)      0      0 -1304.22265     1   5.000   -1.000 lightdock_23.pdb      0 -869.769
    2     18     (-11.062, 20.989, 5.033, -0.319, -0.857, -0.404, -0.005)      0      0 -1307.25363     1   5.000   -1.000 lightdock_18.pdb      0 -869.786
  210     13     (-17.167, -2.822, -12.483, -0.604, 0.413, -0.396, 0.555)      0      0 -1304.70682     0   5.000   -1.000 lightdock_13.pdb      0 -869.805
    2     11     (-11.260, 21.121, 4.700, -0.319, -0.857, -0.404, -0.005)      0      0 -1307.36865     2   5.000   -1.000 lightdock_11.pdb      0 -869.813
   20      4       (26.317, 2.724, 9.932, -0.406, -0.190, -0.878, -0.170)      0      0 -1308.52240     1   5.000   -1.000  lightdock_4.pdb      0 -869.818
  218     22     (-10.270, -22.082, -8.446, -0.409, 0.395, -0.586, 0.577)      0      0 -1306.53144     2   5.000   -1.000 lightdock_22.pdb      0 -869.860
  212      8     (-2.216, 24.241, -15.833, -0.662, -0.477, 0.013, -0.579)      0      0 -1305.16390     1   5.000   -1.000  lightdock_8.pdb      0 -869.864
  212     24     (-2.272, 24.536, -15.435, -0.662, -0.477, 0.013, -0.579)      0      0 -1304.81291     0   5.000   -1.000 lightdock_24.pdb      0 -869.875
  156      8       (26.892, -8.254, 0.312, 0.218, -0.464, -0.093, -0.854)      0      0 -1305.94092     1   5.000   -1.000  lightdock_8.pdb      0 -869.880
   54     11       (17.007, 11.216, -8.758, -0.591, 0.136, 0.193, -0.772)      0      0 -1306.90586     1   5.000   -1.000 lightdock_11.pdb      0 -869.883
  198      4          (2.139, 15.296, 9.814, 0.204, -0.894, 0.314, 0.246)      0      0 -1304.85850     0   5.000   -1.000  lightdock_4.pdb      0 -869.906
  156     18       (26.636, -8.512, 0.650, 0.218, -0.464, -0.093, -0.854)      0      0 -1304.86863     0   5.000   -1.000 lightdock_18.pdb      0 -869.912
  109      5        (-1.645, 11.337, 16.068, 0.103, 0.926, -0.349, 0.105)      0      0 -1285.45971     4   5.000   -1.000  lightdock_5.pdb      0 -869.915
  199     24          (2.550, 4.092, 19.668, 0.803, -0.147, 0.384, 0.430)      0      0 -1304.14141     1   5.000   -1.000 lightdock_24.pdb      0 -870.012
  120     18       (-22.621, 11.788, -3.771, 0.437, -0.036, 0.073, 0.896)      0      0 -1305.07844     0   5.000   -1.000 lightdock_18.pdb      0 -870.052
   79     12    (-10.297, -3.763, -14.751, -0.053, 0.309, -0.598, -0.738)      0      0 -1301.17791     3   5.000   -1.000 lightdock_12.pdb      0 -870.065
  218     20     (-10.165, -21.782, -8.575, -0.409, 0.395, -0.586, 0.577)      0      0 -1305.26268     0   5.000   -1.000 lightdock_20.pdb      0 -870.175
    2     23     (-11.113, 21.033, 4.987, -0.319, -0.857, -0.404, -0.004)      0      0 -1308.08044     3   5.000   -1.000 lightdock_23.pdb      0 -870.177
  136      8          (-26.679, 5.233, 4.068, 0.204, 0.098, 0.151, 0.962)      0      0 -1305.34342     0   5.000   -1.000  lightdock_8.pdb      0 -870.229
  207     15        (21.037, 8.634, -4.404, 0.422, -0.745, -0.330, 0.399)      0      0 -1305.37304     0   5.000   -1.000 lightdock_15.pdb      0 -870.248
  172      7       (-1.588, 32.779, -1.159, -0.759, 0.506, -0.406, 0.062)      0      0 -1305.48697     0   5.000   -1.000  lightdock_7.pdb      0 -870.324
  172     24       (-1.809, 32.883, -1.564, -0.759, 0.506, -0.406, 0.062)      0      0 -1305.64613     1   5.000   -1.000 lightdock_24.pdb      0 -870.349
  172      2          (9.981, 27.096, -0.617, 0.367, 0.738, 0.537, 0.181)      0      0 -1306.86172     3   5.000   -1.000  lightdock_2.pdb      0 -870.399
  212     12     (-2.274, 24.547, -15.421, -0.662, -0.477, 0.013, -0.579)      0      0 -1305.56591     2   5.000   -1.000 lightdock_12.pdb      0 -870.405
   26     12        (10.632, -19.581, 2.347, 0.552, 0.405, -0.359, 0.635)      0      0 -1305.41671     2   5.000   -1.000 lightdock_12.pdb      0 -870.458
   24      2      (15.826, 8.113, -13.395, -0.950, -0.167, 0.251, -0.086)      0      0 -1305.69966     0   5.000   -1.000  lightdock_2.pdb      0 -870.466
   47     24      (11.431, -19.305, 15.801, -0.809, -0.181, 0.379, 0.410)      0      0 -1306.58308     0   5.000   -1.000 lightdock_24.pdb      0 -870.478
   47     22      (11.649, -19.481, 15.917, -0.809, -0.181, 0.379, 0.410)      0      0 -1308.12676     3   4.680   -1.000 lightdock_22.pdb      0 -870.493
   47     14      (11.731, -19.544, 15.968, -0.809, -0.181, 0.379, 0.410)      0      0 -1308.00698     2   5.000   -1.000 lightdock_14.pdb      0 -870.495
    0     22         (14.239, -5.729, 22.919, 0.335, 0.188, 0.590, 0.710)      0      0 -1307.64487     1   5.000   -1.000 lightdock_22.pdb      0 -870.508
  170      4       (-16.354, 15.493, 1.181, 0.319, 0.467, -0.246, -0.787)      0      0 -1305.80917     0   5.000   -1.000  lightdock_4.pdb      0 -870.539
   26      6        (10.923, -19.570, 2.403, 0.552, 0.405, -0.359, 0.635)      0      0 -1306.20405     3   5.000   -1.000  lightdock_6.pdb      0 -870.549
  107      3      (-20.482, 16.912, -6.837, -0.455, -0.479, 0.702, 0.266)      0      0 -1305.83269     0   5.000   -1.000  lightdock_3.pdb      0 -870.555
  100      2      (12.646, 22.551, 2.197, -0.030, -0.411, -0.019, -0.911)      0      0 -1308.27254     2   5.000   -1.000  lightdock_2.pdb      0 -870.587
   30      6    (-12.144, -18.826, -2.678, -0.613, -0.269, 0.320, -0.671)      0      0 -1305.89064     0   5.000   -1.000  lightdock_6.pdb      0 -870.594
  212      6     (-2.284, 24.599, -15.351, -0.662, -0.477, 0.013, -0.579)      0      0 -1306.68510     3   5.000   -1.000  lightdock_6.pdb      0 -870.645
  218     24     (-10.059, -21.477, -8.707, -0.409, 0.395, -0.586, 0.577)      0      0 -1305.92386     1   5.000   -1.000 lightdock_24.pdb      0 -870.680
  112     20        (24.633, 19.179, -1.216, -0.564, 0.337, 0.217, 0.722)      0      0 -1303.83283     1   5.000   -1.000 lightdock_20.pdb      0 -870.682
  131     21         (6.704, 7.321, -11.626, 0.180, -0.169, 0.620, 0.744)      0      0 -1306.04670     0   5.000   -1.000 lightdock_21.pdb      0 -870.698
  149     24    (-0.447, -17.806, -10.067, -0.653, 0.311, -0.602, -0.337)      0      0 -1302.14711     3   5.000   -1.000 lightdock_24.pdb      0 -870.704
   55     10      (-15.890, -20.575, 7.817, -0.010, 0.463, -0.527, 0.713)      0      0 -1307.43474     2   5.000   -1.000 lightdock_10.pdb      0 -870.801
  123     15       (16.259, -2.157, 14.493, 0.328, 0.279, -0.902, -0.028)      0      0 -1303.65362     1   5.000   -1.000 lightdock_15.pdb      0 -870.816
  100     20      (12.399, 22.244, 2.118, -0.030, -0.411, -0.019, -0.911)      0      0 -1307.11965     0   5.000   -1.000 lightdock_20.pdb      0 -870.848
  136     16          (-26.593, 5.246, 4.202, 0.204, 0.098, 0.151, 0.962)      0      0 -1305.77070     1   5.000   -1.000 lightdock_16.pdb      0 -870.869
   55     18      (-15.608, -20.875, 7.569, -0.010, 0.463, -0.527, 0.713)      0      0 -1306.39176     0   5.000   -1.000 lightdock_18.pdb      0 -870.872
    2      7     (-11.411, 21.224, 4.448, -0.319, -0.857, -0.404, -0.004)      0      0 -1309.47051     4   5.000   -1.000  lightdock_7.pdb      0 -870.887
  100     16      (12.323, 22.556, 2.121, -0.030, -0.411, -0.019, -0.911)      0      0 -1308.89894     3   4.600   -1.000 lightdock_16.pdb      0 -870.895
  100     14         (12.499, 17.773, 5.522, 0.352, 0.809, 0.016, -0.470)      0      0 -1306.40413     0   5.000   -1.000 lightdock_14.pdb      0 -870.936
  216     18         (0.613, 18.853, -12.309, 0.368, 0.260, 0.443, 0.775)      0      0 -1306.43918     2   5.000   -1.000 lightdock_18.pdb      0 -870.959
   91     22     (-17.227, -14.785, -0.287, 0.685, -0.509, -0.289, 0.434)      0      0 -1306.44874     0   5.000   -1.000 lightdock_22.pdb      0 -870.966
    0     21         (14.406, -5.334, 23.135, 0.335, 0.188, 0.590, 0.710)      0      0 -1306.46175     0   5.000   -1.000 lightdock_21.pdb      0 -870.975
  105     10       (-3.606, -3.588, -23.182, 0.299, -0.692, 0.253, 0.607)      0      0 -1304.28284     1   5.000   -1.000 lightdock_10.pdb      0 -871.039
  216      2         (1.093, 18.690, -12.582, 0.368, 0.260, 0.443, 0.775)      0      0 -1305.91429     1   5.000   -1.000  lightdock_2.pdb      0 -871.052
  193      0       (23.272, 8.295, -3.012, -0.805, -0.169, 0.561, -0.098)      0      0 -1306.67127     0   5.000   -1.000  lightdock_0.pdb      0 -871.114
  149      8        (-0.813, -6.330, -19.138, 0.333, 0.462, 0.784, 0.248)      0      0 -1306.67719     0   5.000   -1.000  lightdock_8.pdb      0 -871.118
  170     22       (-16.359, 15.414, 1.094, 0.319, 0.467, -0.246, -0.787)      0      0 -1307.40527     1   5.000   -1.000 lightdock_22.pdb      0 -871.142
  100     24      (12.790, 22.237, 2.121, -0.030, -0.411, -0.019, -0.911)      0      0 -1307.33557     1   5.000   -1.000 lightdock_24.pdb      0 -871.206
  172      4       (-1.500, 32.739, -1.014, -0.759, 0.506, -0.406, 0.062)      0      0 -1306.90392     2   5.000   -1.000  lightdock_4.pdb      0 -871.240
   55      4      (-15.644, -20.839, 7.598, -0.010, 0.463, -0.527, 0.713)      0      0 -1307.04039     1   5.000   -1.000  lightdock_4.pdb      0 -871.296
  136     15       (-28.770, -0.278, 2.572, 0.476, 0.813, -0.322, -0.091)      0      0 -1309.58442     1   5.000   -1.000 lightdock_15.pdb      0 -871.299
  149     22        (-1.175, -6.079, -19.030, 0.333, 0.462, 0.784, 0.248)      0      0 -1310.56489     1   5.000   -1.000 lightdock_22.pdb      0 -871.373
  170     21       (-16.372, 15.207, 1.009, 0.319, 0.467, -0.246, -0.787)      0      0 -1307.80990     2   5.000   -1.000 lightdock_21.pdb      0 -871.409
  172     23          (9.509, 26.765, -0.452, 0.367, 0.738, 0.537, 0.181)      0      0 -1306.08248     2   5.000   -1.000 lightdock_23.pdb      0 -871.429
   60     22        (19.946, -2.715, -1.003, 0.488, 0.585, -0.338, 0.554)      0      0 -1307.16099     0   5.000   -1.000 lightdock_22.pdb      0 -871.441
  101     23         (8.228, 25.810, 6.276, 0.680, -0.215, 0.587, -0.383)      0      0 -1308.94739     1   5.000   -1.000 lightdock_23.pdb      0 -871.510
   60     16        (19.929, -2.837, -1.008, 0.488, 0.585, -0.338, 0.554)      0      0 -1308.28070     1   5.000   -1.000 lightdock_16.pdb      0 -871.510
  207      3        (21.221, 8.749, -4.258, 0.422, -0.745, -0.330, 0.399)      0      0 -1308.38870     2   5.000   -1.000  lightdock_3.pdb      0 -871.544
   47      6      (11.676, -19.502, 15.938, -0.809, -0.181, 0.379, 0.410)      0      0 -1308.68396     5   5.000   -1.000  lightdock_6.pdb      0 -871.549
  105     16      (0.084, -8.785, -22.128, -0.261, 0.728, -0.283, -0.568)      0      0 -1312.11126     1   5.000   -1.000 lightdock_16.pdb      0 -871.590
  146      0        (15.428, 1.520, -9.709, 0.666, 0.574, -0.371, -0.298)      0      0 -1307.40335     0   5.000   -1.000  lightdock_0.pdb      0 -871.602
  188      3       (-14.616, -8.872, -6.314, 0.004, 0.716, 0.669, -0.199)      0      0 -1306.73242     1   5.000   -1.000  lightdock_3.pdb      0 -871.635
   12     17        (14.937, 2.932, -12.466, -0.305, 0.540, 0.759, 0.197)      0      0 -1307.86845     0   5.000   -1.000 lightdock_17.pdb      0 -871.667
   91      8     (-17.324, -15.015, -0.072, 0.685, -0.509, -0.289, 0.434)      0      0 -1309.71767     1   5.000   -1.000  lightdock_8.pdb      0 -871.731
   36     15     (-11.608, -6.174, -2.525, 0.270, -0.770, -0.381, -0.435)      0      0 -1306.18864     1   5.000   -1.000 lightdock_15.pdb      0 -871.779
  172     21       (-1.583, 32.737, -1.031, -0.759, 0.506, -0.406, 0.062)      0      0 -1307.58784     4   5.000   -1.000 lightdock_21.pdb      0 -871.780
   26     20        (10.494, -19.603, 2.293, 0.552, 0.405, -0.359, 0.635)      0      0 -1306.57111     4   5.000   -1.000 lightdock_20.pdb      0 -871.799
   91     13    (-8.434, -16.435, -12.093, -0.313, -0.042, -0.369, 0.874)      0      0 -1307.74766     0   5.000   -1.000 lightdock_13.pdb      0 -871.832
  193     10       (24.430, 7.546, -9.165, 0.123, -0.109, -0.944, -0.288)      0      0 -1307.77915     0   5.000   -1.000 lightdock_10.pdb      0 -871.853
  129     21     (-17.343, 19.309, 4.684, -0.606, -0.132, -0.092, -0.779)      0      0 -1307.77925     0   5.000   -1.000 lightdock_21.pdb      0 -871.853
  212     14     (-2.261, 24.358, -15.655, -0.662, -0.477, 0.013, -0.579)      0      0 -1306.70403     4   5.000   -1.000 lightdock_14.pdb      0 -871.878
   47     21      (11.365, -19.136, 15.764, -0.809, -0.181, 0.379, 0.410)      0      0 -1308.40142     4   5.000   -1.000 lightdock_21.pdb      0 -871.958
  207     14        (20.991, 8.606, -4.440, 0.422, -0.745, -0.330, 0.399)      0      0 -1307.50131     1   5.000   -1.000 lightdock_14.pdb      0 -872.001
    3     12    (10.473, -19.611, -7.046, -0.080, -0.794, -0.285, -0.532)      0      0 -1308.06175     0   5.000   -1.000 lightdock_12.pdb      0 -872.041
   47     23      (11.425, -19.300, 15.798, -0.809, -0.181, 0.379, 0.410)      0      0 -1307.72262     1   5.000   -1.000 lightdock_23.pdb      0 -872.048
   57     19      (4.397, 21.223, -13.672, -0.565, -0.233, 0.204, -0.765)      0      0 -1308.16159     0   5.000   -1.000 lightdock_19.pdb      0 -872.108
   59     13         (20.189, 2.197, 10.357, 0.056, 0.405, -0.441, 0.799)      0      0 -1309.42222     2   5.000   -1.000 lightdock_13.pdb      0 -872.140
  100      0      (12.015, 22.252, 2.116, -0.030, -0.411, -0.019, -0.911)      0      0 -1309.22869     4   5.000   -1.000  lightdock_0.pdb      0 -872.187
  136     14       (-28.445, -0.426, 2.694, 0.476, 0.813, -0.322, -0.091)      0      0 -1308.29146     0   5.000   -1.000 lightdock_14.pdb      0 -872.194
  181      7       (-5.732, -23.701, 1.158, 0.080, 0.615, -0.749, -0.233)      0      0 -1311.74686     1   5.000   -1.000  lightdock_7.pdb      0 -872.195
  155     10        (10.480, -15.229, 7.198, 0.712, 0.453, -0.003, 0.537)      0      0 -1308.29578     0   5.000   -1.000 lightdock_10.pdb      0 -872.197
   30      0    (-12.208, -18.504, -2.625, -0.613, -0.269, 0.320, -0.671)      0      0 -1309.01979     3   5.000   -1.000  lightdock_0.pdb      0 -872.199
  199      8          (2.419, 3.860, 19.741, 0.803, -0.147, 0.384, 0.430)      0      0 -1306.53144     3   5.000   -1.000  lightdock_8.pdb      0 -872.242
  193      1       (24.205, 7.728, -9.305, 0.123, -0.109, -0.944, -0.288)      0      0 -1309.07106     1   5.000   -1.000  lightdock_1.pdb      0 -872.247
   24      7        (21.833, 6.579, -18.852, -0.214, 0.712, 0.411, 0.527)      0      0 -1308.99640     2   5.000   -1.000  lightdock_7.pdb      0 -872.251
  172     22       (-1.734, 32.847, -1.387, -0.759, 0.506, -0.406, 0.062)      0      0 -1307.44119     3   5.000   -1.000 lightdock_22.pdb      0 -872.316
    0     12         (6.927, -6.306, 26.384, 0.743, 0.335, 0.215, -0.538)      0      0 -1306.11012     1   5.000   -1.000 lightdock_12.pdb      0 -872.319
   24      9        (21.811, 6.561, -18.802, -0.214, 0.712, 0.411, 0.527)      0      0 -1308.53797     0   5.000   -1.000  lightdock_9.pdb      0 -872.359
   23     14       (-4.435, 19.580, 3.514, -0.198, 0.443, -0.509, -0.711)      0      0 -1308.55697     0   5.000   -1.000 lightdock_14.pdb      0 -872.371
   45      8       (13.067, 19.169, -9.564, -0.334, 0.268, 0.157, -0.890)      0      0 -1309.27516     1   5.000   -1.000  lightdock_8.pdb      0 -872.390
   80      2     (-3.173, -10.180, -21.190, -0.383, 0.074, 0.867, -0.310)      0      0 -1310.56299     2   4.680   -1.000  lightdock_2.pdb      0 -872.399
   60     11        (19.904, -3.013, -1.015, 0.488, 0.585, -0.338, 0.554)      0      0 -1309.99055     3   5.000   -1.000 lightdock_11.pdb      0 -872.401
   47     18      (11.295, -19.201, 15.731, -0.809, -0.181, 0.379, 0.410)      0      0 -1309.28806     6   4.840   -1.000 lightdock_18.pdb      0 -872.454
   24     17        (21.621, 6.400, -18.386, -0.214, 0.712, 0.411, 0.527)      0      0 -1308.88535     1   5.000   -1.000 lightdock_17.pdb      0 -872.504
  101     19         (8.585, 25.845, 6.076, 0.680, -0.215, 0.587, -0.383)      0      0 -1308.76425     0   5.000   -1.000 lightdock_19.pdb      0 -872.510
   16     18        (4.383, -10.125, 25.544, 0.122, 0.762, -0.219, 0.597)      0      0 -1308.88880     0   5.000   -1.000 lightdock_18.pdb      0 -872.593
   25     19         (-0.648, 4.213, 14.320, 0.311, -0.686, 0.553, 0.357)      0      0 -1308.89675     0   5.000   -1.000 lightdock_19.pdb      0 -872.598
   45     19       (13.120, 19.162, -9.491, -0.334, 0.268, 0.157, -0.890)      0      0 -1308.93551     0   5.000   -1.000 lightdock_19.pdb      0 -872.604
   54     14        (14.919, 8.291, -21.217, 0.169, 0.046, -0.954, 0.245)      0      0 -1308.92839     0   5.000   -1.000 lightdock_14.pdb      0 -872.619
  174      7      (-1.237, -8.557, -13.775, -0.291, -0.049, 0.560, 0.774)      0      0 -1308.97461     0   5.000   -1.000  lightdock_7.pdb      0 -872.650
   30     10    (-12.233, -18.774, -2.729, -0.613, -0.269, 0.320, -0.671)      0      0 -1309.20882     4   5.000   -1.000 lightdock_10.pdb      0 -872.686
    3      1    (10.405, -19.538, -7.037, -0.080, -0.794, -0.285, -0.532)      0      0 -1308.60302     1   5.000   -1.000  lightdock_1.pdb      0 -872.698
  105      3      (0.151, -8.554, -21.898, -0.261, 0.728, -0.283, -0.568)      0      0 -1309.11360     0   5.000   -1.000  lightdock_3.pdb      0 -872.742
   57      0      (-0.993, 19.190, -10.971, -0.098, -0.814, 0.020, 0.572)      0      0 -1309.11637     0   5.000   -1.000  lightdock_0.pdb      0 -872.744
  100      7      (12.252, 22.246, 2.117, -0.030, -0.411, -0.019, -0.911)      0      0 -1309.38499     6   4.920   -1.000  lightdock_7.pdb      0 -872.752
   24     11        (21.957, 6.655, -19.223, -0.214, 0.712, 0.411, 0.527)      0      0 -1309.58429     5   5.000   -1.000 lightdock_11.pdb      0 -872.763
  104     21        (9.336, -24.091, 7.581, -0.135, 0.854, -0.456, 0.212)      0      0 -1309.52398     1   5.000   -1.000 lightdock_21.pdb      0 -872.801
   80     17      (-3.845, -9.653, -20.827, -0.383, 0.074, 0.867, -0.310)      0      0 -1310.33000     1   5.000   -1.000 lightdock_17.pdb      0 -872.815
   30     12    (-11.905, -19.019, -2.557, -0.613, -0.269, 0.320, -0.671)      0      0 -1308.43693     2   5.000   -1.000 lightdock_12.pdb      0 -872.892
  174      1    (-7.385, -15.506, -16.171, -0.394, -0.147, -0.464, 0.780)      0      0 -1310.14533     2   5.000   -1.000  lightdock_1.pdb      0 -872.949
  136     11       (-25.185, -0.255, -1.363, 0.826, 0.079, -0.392, 0.398)      0      0 -1309.46025     0   5.000   -1.000 lightdock_11.pdb      0 -872.974
   20      2       (26.140, 2.655, 9.640, -0.399, -0.191, -0.881, -0.166)      0      0 -1309.46841     2   5.000   -1.000  lightdock_2.pdb      0 -872.979
   80     12      (-3.880, -9.658, -20.899, -0.383, 0.074, 0.867, -0.310)      0      0 -1311.60597     5   4.840   -1.000 lightdock_12.pdb      0 -872.987
  104     10        (9.446, -24.055, 7.882, -0.135, 0.854, -0.456, 0.212)      0      0 -1309.48091     0   5.000   -1.000 lightdock_10.pdb      0 -872.987
  100     10      (12.556, 22.205, 2.110, -0.030, -0.411, -0.019, -0.911)      0      0 -1309.35096     5   5.000   -1.000 lightdock_10.pdb      0 -873.003
   91      5     (-13.809, -17.420, -4.822, 0.866, 0.321, -0.304, -0.233)      0      0 -1309.51144     0   5.000   -1.000  lightdock_5.pdb      0 -873.008
  108      4        (0.253, -19.742, -7.196, -0.831, 0.326, 0.352, 0.281)      0      0 -1309.53007     0   5.000   -1.000  lightdock_4.pdb      0 -873.020
   36     14        (-9.040, -5.172, -6.612, 0.752, -0.029, 0.339, 0.565)      0      0 -1309.79294     1   5.000   -1.000 lightdock_14.pdb      0 -873.029
   74      7      (-12.543, 21.742, -4.327, 0.150, -0.074, 0.391, -0.905)      0      0 -1309.54964     0   5.000   -1.000  lightdock_7.pdb      0 -873.033
  104      1        (9.425, -24.066, 7.797, -0.135, 0.854, -0.456, 0.212)      0      0 -1311.05421     3   5.000   -1.000  lightdock_1.pdb      0 -873.033
   50     24     (-15.803, 19.224, -4.464, -0.128, 0.894, -0.326, -0.280)      0      0 -1309.55751     0   5.000   -1.000 lightdock_24.pdb      0 -873.038
   36      9        (-8.911, -5.609, -6.656, 0.752, -0.029, 0.339, 0.565)      0      0 -1309.59780     0   5.000   -1.000  lightdock_9.pdb      0 -873.065
   12      9        (15.126, 2.906, -12.709, -0.305, 0.540, 0.759, 0.197)      0      0 -1311.15079     2   5.000   -1.000  lightdock_9.pdb      0 -873.067
  181     13      (-5.126, -24.491, -3.803, -0.298, -0.508, 0.394, 0.706)      0      0 -1309.60958     0   5.000   -1.000 lightdock_13.pdb      0 -873.073
  196     17        (14.851, -26.342, 17.068, 0.259, 0.128, 0.074, 0.954)      0      0 -1309.61420     0   5.000   -1.000 lightdock_17.pdb      0 -873.076
   74     20      (-12.495, 21.917, -4.580, 0.150, -0.074, 0.391, -0.905)      0      0 -1311.14699     1   5.000   -1.000 lightdock_20.pdb      0 -873.083
  174      0    (-7.530, -15.502, -16.384, -0.394, -0.147, -0.464, 0.780)      0      0 -1309.71048     0   5.000   -1.000  lightdock_0.pdb      0 -873.140
   74     17       (-17.745, 17.167, -3.211, 0.116, -0.911, 0.354, 0.178)      0      0 -1313.22807     2   5.000   -1.000 lightdock_17.pdb      0 -873.174
   34      5        (1.119, -28.978, 1.003, -0.273, 0.771, -0.504, 0.277)      0      0 -1311.80641     1   5.000   -1.000  lightdock_5.pdb      0 -873.182
  196     16        (14.873, -26.240, 16.924, 0.259, 0.128, 0.074, 0.954)      0      0 -1310.91342     1   5.000   -1.000 lightdock_16.pdb      0 -873.202
   55     13      (-15.585, -20.899, 7.549, -0.010, 0.463, -0.527, 0.713)      0      0 -1308.21578     3   5.000   -1.000 lightdock_13.pdb      0 -873.203
   45     13       (13.373, 19.133, -9.149, -0.334, 0.268, 0.157, -0.890)      0      0 -1311.20132     2   4.760   -1.000 lightdock_13.pdb      0 -873.222
  170      8       (-16.341, 15.690, 1.319, 0.319, 0.467, -0.246, -0.787)      0      0 -1308.67284     3   5.000   -1.000  lightdock_8.pdb      0 -873.249
   34      1        (0.868, -28.780, 1.029, -0.273, 0.771, -0.504, 0.277)      0      0 -1309.88162     0   5.000   -1.000  lightdock_1.pdb      0 -873.252
   80     10      (-3.586, -9.820, -20.864, -0.383, 0.074, 0.867, -0.310)      0      0 -1310.81838     3   5.000   -1.000 lightdock_10.pdb      0 -873.278
   24     24        (21.782, 6.537, -18.736, -0.214, 0.712, 0.411, 0.527)      0      0 -1309.38167     3   5.000   -1.000 lightdock_24.pdb      0 -873.320
   30     18    (-12.086, -18.888, -2.654, -0.613, -0.269, 0.320, -0.671)      0      0 -1308.08296     1   5.000   -1.000 lightdock_18.pdb      0 -873.336
   60      1        (19.999, -2.341, -0.989, 0.488, 0.585, -0.338, 0.554)      0      0 -1308.96376     2   5.000   -1.000  lightdock_1.pdb      0 -873.359
   80     24      (-3.529, -9.855, -20.867, -0.383, 0.074, 0.867, -0.310)      0      0 -1310.07823     0   5.000   -1.000 lightdock_24.pdb      0 -873.382
  181     20      (-5.590, -24.334, -3.740, -0.298, -0.508, 0.394, 0.706)      0      0 -1312.54373     1   5.000   -1.000 lightdock_20.pdb      0 -873.397
   23      8       (-4.440, 19.526, 3.854, -0.198, 0.443, -0.509, -0.711)      0      0 -1310.28880     1   5.000   -1.000  lightdock_8.pdb      0 -873.430
  138      2       (-8.726, -2.549, -20.123, 0.972, 0.160, 0.157, -0.070)      0      0 -1310.73663     2   5.000   -1.000  lightdock_2.pdb      0 -873.434
   87      5    (12.861, -16.259, -14.746, -0.048, -0.585, -0.804, 0.093)      0      0 -1310.27253     1   5.000   -1.000  lightdock_5.pdb      0 -873.434
   87     11    (13.201, -16.308, -14.861, -0.048, -0.585, -0.804, 0.093)      0      0 -1310.16296     0   5.000   -1.000 lightdock_11.pdb      0 -873.442
  138     22       (-8.796, -2.471, -20.111, 0.972, 0.160, 0.157, -0.070)      0      0 -1310.31200     0   5.000   -1.000 lightdock_22.pdb      0 -873.469
   91      6     (-14.090, -17.523, -4.534, 0.866, 0.321, -0.304, -0.233)      0      0 -1311.35025     2   5.000   -1.000  lightdock_6.pdb      0 -873.473
  174      5    (-7.769, -15.489, -16.755, -0.394, -0.147, -0.464, 0.780)      0      0 -1310.04976     1   5.000   -1.000  lightdock_5.pdb      0 -873.491
  193      8       (24.565, 7.437, -9.082, 0.123, -0.109, -0.944, -0.288)      0      0 -1309.62770     2   5.000   -1.000  lightdock_8.pdb      0 -873.580
  113     24        (-2.912, 7.780, 27.938, 0.121, 0.446, -0.482, -0.744)      0      0 -1310.40856     0   5.000   -1.000 lightdock_24.pdb      0 -873.606
    6      1     (-19.771, -10.904, 3.599, 0.503, -0.269, -0.016, -0.821)      0      0 -1312.71223     1   5.000   -1.000  lightdock_1.pdb      0 -873.607
   23      3       (-4.432, 19.605, 3.359, -0.198, 0.443, -0.509, -0.711)      0      0 -1310.35680     2   5.000   -1.000  lightdock_3.pdb      0 -873.608
   54      3       (16.971, 11.699, -8.916, -0.591, 0.136, 0.193, -0.772)      0      0 -1308.47555     2   5.000   -1.000  lightdock_3.pdb      0 -873.613
  133      5        (-15.165, 13.858, 3.232, 0.381, 0.536, 0.096, -0.747)      0      0 -1310.42409     0   5.000   -1.000  lightdock_5.pdb      0 -873.616
  132     23       (15.207, -4.521, 17.056, 0.256, -0.009, -0.153, 0.954)      0      0 -1310.45195     0   5.000   -1.000 lightdock_23.pdb      0 -873.635
  147     19       (12.502, -1.911, 20.630, -0.211, -0.918, 0.268, 0.204)      0      0 -1310.45732     0   5.000   -1.000 lightdock_19.pdb      0 -873.638
   74     10       (-17.960, 17.113, -3.462, 0.116, -0.911, 0.354, 0.178)      0      0 -1310.46463     0   5.000   -1.000 lightdock_10.pdb      0 -873.643
   24     10        (21.787, 6.541, -18.751, -0.214, 0.712, 0.411, 0.527)      0      0 -1309.54153     4   5.000   -1.000 lightdock_10.pdb      0 -873.656
  138      7       (-8.796, -2.471, -20.111, 0.972, 0.160, 0.157, -0.070)      0      0 -1310.69193     1   5.000   -1.000  lightdock_7.pdb      0 -873.674
   11     12      (16.153, -12.714, 10.261, -0.315, 0.428, -0.750, 0.393)      0      0 -1310.52603     0   5.000   -1.000 lightdock_12.pdb      0 -873.684
   57     22      (-0.938, 19.190, -10.557, -0.098, -0.814, 0.020, 0.572)      0      0 -1311.00179     2   5.000   -1.000 lightdock_22.pdb      0 -873.711
  104     24        (9.488, -24.041, 7.997, -0.135, 0.854, -0.456, 0.212)      0      0 -1310.43063     2   5.000   -1.000 lightdock_24.pdb      0 -873.724
   55     22      (-13.421, -16.537, -2.840, -0.728, 0.100, 0.673, 0.083)      0      0 -1310.62959     0   5.000   -1.000 lightdock_22.pdb      0 -873.753
   12      0        (14.959, 2.929, -12.493, -0.305, 0.540, 0.759, 0.197)      0      0 -1310.12045     1   5.000   -1.000  lightdock_0.pdb      0 -873.773
  181      1       (-5.568, -23.993, 1.187, 0.080, 0.615, -0.749, -0.233)      0      0 -1310.65965     0   5.000   -1.000  lightdock_1.pdb      0 -873.773
  138      0       (-8.594, -2.753, -20.053, 0.972, 0.160, 0.157, -0.070)      0      0 -1311.42935     3   5.000   -1.000  lightdock_0.pdb      0 -873.774
  206     18       (10.705, -16.655, -1.532, 0.191, 0.501, 0.553, -0.638)      0      0 -1310.70227     0   5.000   -1.000 lightdock_18.pdb      0 -873.802
  174     12    (-7.665, -15.498, -16.584, -0.394, -0.147, -0.464, 0.780)      0      0 -1310.30590     3   4.520   -1.000 lightdock_12.pdb      0 -873.817
  101      8         (8.732, 25.861, 5.994, 0.680, -0.215, 0.587, -0.383)      0      0 -1310.00355     2   5.000   -1.000  lightdock_8.pdb      0 -873.850
   87     18    (13.642, -16.372, -15.010, -0.048, -0.585, -0.804, 0.093)      0      0 -1310.47994     2   5.000   -1.000 lightdock_18.pdb      0 -873.850
   65     17       (12.255, 18.410, -13.096, 0.449, 0.521, 0.246, -0.683)      0      0 -1312.01778     2   5.000   -1.000 lightdock_17.pdb      0 -873.860
  202     23       (11.219, 2.979, -16.817, 0.190, -0.668, 0.555, -0.458)      0      0 -1310.82053     0   5.000   -1.000 lightdock_23.pdb      0 -873.880
   18      3       (12.369, 22.257, -3.348, -0.581, 0.194, 0.598, -0.517)      0      0 -1311.74946     1   5.000   -1.000  lightdock_3.pdb      0 -873.886
  155     14        (9.615, -18.196, 7.268, -0.402, 0.887, 0.069, -0.215)      0      0 -1310.84038     0   5.000   -1.000 lightdock_14.pdb      0 -873.894
    6      9     (-19.825, -10.954, 3.603, 0.503, -0.269, -0.016, -0.821)      0      0 -1313.52963     4   5.000   -1.000  lightdock_9.pdb      0 -873.898
   12     18        (19.040, 5.348, -10.480, 0.044, 0.621, 0.203, -0.756)      0      0 -1310.85758     0   5.000   -1.000 lightdock_18.pdb      0 -873.905
  186      3       (9.503, -11.645, 22.816, 0.049, 0.589, -0.797, -0.123)      0      0 -1311.81769     1   5.000   -1.000  lightdock_3.pdb      0 -873.911
   54     10       (16.962, 11.485, -8.863, -0.591, 0.136, 0.193, -0.772)      0      0 -1309.12623     3   5.000   -1.000 lightdock_10.pdb      0 -873.954
   65      4       (12.519, 18.372, -12.790, 0.449, 0.521, 0.246, -0.683)      0      0 -1310.95275     0   5.000   -1.000  lightdock_4.pdb      0 -873.969
  134     16       (-13.078, 6.566, -20.197, -0.714, 0.646, 0.267, 0.029)      0      0 -1311.08000     0   5.000   -1.000 lightdock_16.pdb      0 -874.053
  141      9       (2.726, -19.692, -9.581, -0.059, 0.029, 0.971, -0.231)      0      0 -1311.09889     0   5.000   -1.000  lightdock_9.pdb      0 -874.066
  196     15        (14.866, -26.160, 16.666, 0.259, 0.128, 0.074, 0.954)      0      0 -1312.55004     3   5.000   -1.000 lightdock_15.pdb      0 -874.082
    6     20     (-19.852, -10.973, 3.593, 0.503, -0.269, -0.016, -0.821)      0      0 -1313.08515     2   5.000   -1.000 lightdock_20.pdb      0 -874.120
   22     11       (13.871, -7.521, -14.373, 0.220, 0.831, 0.184, -0.476)      0      0 -1311.20670     0   5.000   -1.000 lightdock_11.pdb      0 -874.135
  174     17    (-7.636, -15.499, -16.542, -0.394, -0.147, -0.464, 0.780)      0      0 -1310.51724     4   5.000   -1.000 lightdock_17.pdb      0 -874.152
   20      5      (26.541, 2.796, 10.113, -0.406, -0.190, -0.878, -0.170)      0      0 -1311.61117     4   5.000   -1.000  lightdock_5.pdb      0 -874.173
  119     16        (9.931, 27.391, -12.339, 0.566, 0.616, 0.542, -0.085)      0      0 -1311.30873     0   5.000   -1.000 lightdock_16.pdb      0 -874.203
  208      0      (9.186, -28.277, 3.130, -0.331, -0.576, -0.299, -0.685)      0      0 -1311.32829     0   5.000   -1.000  lightdock_0.pdb      0 -874.219
   23      7         (4.600, 22.704, 11.670, 0.133, 0.962, -0.211, 0.111)      0      0 -1311.34864     0   5.000   -1.000  lightdock_7.pdb      0 -874.232
  174      8    (-7.366, -15.538, -16.046, -0.394, -0.147, -0.464, 0.780)      0      0 -1311.54961     5   5.000   -1.000  lightdock_8.pdb      0 -874.242
   57     18      (-0.998, 19.190, -11.006, -0.098, -0.814, 0.020, 0.572)      0      0 -1310.87980     1   5.000   -1.000 lightdock_18.pdb      0 -874.255
  119      9        (9.995, 27.658, -12.447, 0.566, 0.616, 0.542, -0.085)      0      0 -1312.05123     1   5.000   -1.000  lightdock_9.pdb      0 -874.257
  125      0       (-12.045, -16.619, 3.556, 0.483, 0.813, 0.050, -0.323)      0      0 -1307.62743     1   5.000   -1.000  lightdock_0.pdb      0 -874.258
    6      8     (-19.696, -10.840, 3.605, 0.503, -0.269, -0.016, -0.821)      0      0 -1311.39210     0   5.000   -1.000  lightdock_8.pdb      0 -874.261
   50      6     (-15.638, 19.509, -4.661, -0.128, 0.894, -0.326, -0.280)      0      0 -1310.43494     1   5.000   -1.000  lightdock_6.pdb      0 -874.263
  151     15       (-11.351, -6.568, 19.965, -0.224, 0.816, 0.132, 0.516)      0      0 -1311.40937     0   5.000   -1.000 lightdock_15.pdb      0 -874.273
   18     10       (11.952, 22.120, -3.120, -0.581, 0.194, 0.598, -0.517)      0      0 -1311.42270     0   5.000   -1.000 lightdock_10.pdb      0 -874.282
   55     11      (-13.141, -16.591, -2.809, -0.728, 0.100, 0.673, 0.083)      0      0 -1311.64135     1   5.000   -1.000 lightdock_11.pdb      0 -874.302
   20     15       (26.405, 2.740, 9.867, -0.399, -0.191, -0.881, -0.166)      0      0 -1311.17448     3   5.000   -1.000 lightdock_15.pdb      0 -874.337
   34      8        (1.199, -29.040, 0.995, -0.273, 0.771, -0.504, 0.277)      0      0 -1312.36604     2   5.000   -1.000  lightdock_8.pdb      0 -874.342
   63      4     (-9.454, 23.016, -12.728, 0.844, -0.172, -0.506, -0.047)      0      0 -1311.58335     0   5.000   -1.000  lightdock_4.pdb      0 -874.352
  150      2       (-3.129, -18.180, -6.846, 0.133, 0.486, 0.863, -0.026)      0      0 -1312.92095     0   5.000   -1.000  lightdock_2.pdb      0 -874.359
  186     22       (9.412, -11.764, 22.812, 0.049, 0.589, -0.797, -0.123)      0      0 -1311.56563     0   5.000   -1.000 lightdock_22.pdb      0 -874.377
  136     22       (-28.321, -0.525, 2.737, 0.476, 0.813, -0.322, -0.091)      0      0 -1309.75034     2   5.000   -1.000 lightdock_22.pdb      0 -874.392
  109     18       (-13.331, 8.245, 12.200, 0.773, -0.476, -0.083, 0.411)      0      0 -1311.59834     0   5.000   -1.000 lightdock_18.pdb      0 -874.399
  150     16       (-3.168, -18.289, -6.981, 0.133, 0.486, 0.863, -0.026)      0      0 -1313.91872     1   5.000   -1.000 lightdock_16.pdb      0 -874.424
   77     19          (3.692, 3.861, 22.060, 0.571, -0.527, 0.065, 0.626)      0      0 -1311.74889     0   5.000   -1.000 lightdock_19.pdb      0 -874.499
  115     15         (-3.196, -26.594, 9.983, 0.546, 0.617, 0.069, 0.563)      0      0 -1311.79507     0   5.000   -1.000 lightdock_15.pdb      0 -874.530
  146      3      (24.442, -5.075, -5.961, -0.085, 0.596, -0.352, -0.717)      0      0 -1313.54330     0   5.000   -1.000  lightdock_3.pdb      0 -874.542
   63     16     (-9.317, 22.704, -12.733, 0.844, -0.172, -0.506, -0.047)      0      0 -1312.84251     1   5.000   -1.000 lightdock_16.pdb      0 -874.563
   91     10     (-13.836, -17.430, -4.787, 0.866, 0.321, -0.304, -0.233)      0      0 -1311.32460     1   5.000   -1.000 lightdock_10.pdb      0 -874.567
   65      8       (12.783, 18.203, -12.848, 0.449, 0.521, 0.246, -0.683)      0      0 -1312.20565     3   5.000   -1.000  lightdock_8.pdb      0 -874.590
   16     19        (4.330, -10.074, 25.595, 0.122, 0.762, -0.219, 0.597)      0      0 -1310.97615     1   5.000   -1.000 lightdock_19.pdb      0 -874.617
  109      9        (-1.012, 10.232, 16.396, 0.093, 0.928, -0.348, 0.090)      0      0 -1329.24997     7   4.120   -1.000  lightdock_9.pdb      0 -874.641
  122      0      (9.986, -19.229, 23.706, -0.553, -0.526, -0.314, 0.565)      0      0 -1312.04900     0   5.000   -1.000  lightdock_0.pdb      0 -874.699
  196     23        (14.804, -26.463, 17.119, 0.259, 0.128, 0.074, 0.954)      0      0 -1311.91987     2   5.000   -1.000 lightdock_23.pdb      0 -874.715
  165      7       (-4.398, -20.986, 15.638, -0.444, 0.489, 0.724, 0.199)      0      0 -1312.08920     0   5.000   -1.000  lightdock_7.pdb      0 -874.721
   55      8      (-13.615, -16.499, -2.861, -0.728, 0.100, 0.673, 0.083)      0      0 -1311.91472     2   5.000   -1.000  lightdock_8.pdb      0 -874.740
  138     16       (-7.543, 5.584, -17.744, -0.524, 0.550, 0.587, -0.278)      0      0 -1312.14395     0   5.000   -1.000 lightdock_16.pdb      0 -874.759
  104      8        (9.590, -24.014, 8.237, -0.135, 0.854, -0.456, 0.212)      0      0 -1311.57012     4   5.000   -1.000  lightdock_8.pdb      0 -874.830
   58     24      (-1.939, 9.913, -21.212, 0.361, -0.401, -0.835, -0.110)      0      0 -1312.34628     0   5.000   -1.000 lightdock_24.pdb      0 -874.898
   80      5      (-3.445, -9.904, -20.865, -0.383, 0.074, 0.867, -0.310)      0      0 -1311.19472     4   5.000   -1.000  lightdock_5.pdb      0 -874.917
   65      6       (12.447, 18.418, -12.774, 0.449, 0.521, 0.246, -0.683)      0      0 -1311.89011     1   5.000   -1.000  lightdock_6.pdb      0 -874.969
  186      0       (9.154, -12.105, 22.802, 0.049, 0.589, -0.797, -0.123)      0      0 -1312.24836     2   5.000   -1.000  lightdock_0.pdb      0 -874.996
  186      1       (9.467, -11.707, 22.786, 0.049, 0.589, -0.797, -0.123)      0      0 -1312.77809     3   5.000   -1.000  lightdock_1.pdb      0 -875.027
   80      1     (-3.189, -10.085, -20.948, -0.383, 0.074, 0.867, -0.310)      0      0 -1311.98111     6   4.920   -1.000  lightdock_1.pdb      0 -875.058
  104      4        (8.996, -24.073, 7.517, -0.135, 0.854, -0.456, 0.212)      0      0 -1312.76340     5   5.000   -1.000  lightdock_4.pdb      0 -875.067
  118     21   (-11.026, 15.453, -18.061, -0.884, -0.300, -0.341, -0.110)      0      0 -1312.71322     0   5.000   -1.000 lightdock_21.pdb      0 -875.142
   77      6      (-4.153, -0.467, 21.285, -0.245, -0.479, -0.237, 0.809)      0      0 -1312.83589     0   5.000   -1.000  lightdock_6.pdb      0 -875.224
   34     17       (0.634, -25.513, -7.318, -0.051, -0.747, 0.444, 0.492)      0      0 -1313.10376     0   5.000   -1.000 lightdock_17.pdb      0 -875.403
  119      0        (9.648, 27.399, -12.194, 0.566, 0.616, 0.542, -0.085)      0      0 -1312.76335     2   5.000   -1.000  lightdock_0.pdb      0 -875.487
   70     13      (12.148, -27.609, 7.656, -0.202, -0.675, -0.542, 0.459)      0      0 -1315.51210     1   5.000   -1.000 lightdock_13.pdb      0 -875.488
  146      6      (24.434, -5.081, -6.016, -0.085, 0.596, -0.352, -0.717)      0      0 -1314.40709     3   5.000   -1.000  lightdock_6.pdb      0 -875.496
    1     18          (0.858, 1.865, -15.502, 0.591, 0.225, 0.518, 0.576)      0      0 -1318.32405     0   5.000   -1.000 lightdock_18.pdb      0 -875.509
  147      7         (20.508, 1.303, 19.857, 0.688, 0.326, 0.626, -0.166)      0      0 -1313.28455     0   5.000   -1.000  lightdock_7.pdb      0 -875.523
   54     16        (14.866, 8.370, -20.909, 0.169, 0.046, -0.954, 0.245)      0      0 -1312.10769     1   5.000   -1.000 lightdock_16.pdb      0 -875.533
  103     20     (-14.502, -18.427, 20.063, -0.009, 0.473, -0.225, 0.852)      0      0 -1315.06276     4   3.800   -1.000 lightdock_20.pdb      0 -875.588
   58     19      (-2.095, 9.485, -21.271, 0.361, -0.401, -0.835, -0.110)      0      0 -1314.95362     2   5.000   -1.000 lightdock_19.pdb      0 -875.659
   45      0       (13.230, 19.172, -9.376, -0.334, 0.268, 0.157, -0.890)      0      0 -1312.43091     3   5.000   -1.000  lightdock_0.pdb      0 -875.688
   63     13     (-9.502, 23.125, -12.727, 0.844, -0.172, -0.506, -0.047)      0      0 -1312.85514     2   5.000   -1.000 lightdock_13.pdb      0 -875.697
  103     17     (-14.568, -18.338, 20.209, -0.009, 0.473, -0.225, 0.852)      0      0 -1313.67390     0   5.000   -1.000 lightdock_17.pdb      0 -875.783
  146     13      (24.359, -5.110, -6.024, -0.085, 0.596, -0.352, -0.717)      0      0 -1314.30422     2   5.000   -1.000 lightdock_13.pdb      0 -875.799
  171     23       (2.990, 10.905, -13.444, 0.565, -0.660, -0.319, 0.378)      0      0 -1313.70624     0   5.000   -1.000 lightdock_23.pdb      0 -875.804
   58      6       (4.989, 10.078, -14.608, 0.787, 0.396, -0.468, -0.058)      0      0 -1313.71725     0   5.000   -1.000  lightdock_6.pdb      0 -875.811
  193      6          (17.699, 4.556, -4.757, 0.518, 0.102, 0.722, 0.447)      0      0 -1313.73094     0   5.000   -1.000  lightdock_6.pdb      0 -875.821
   22      6       (14.280, -7.382, -14.433, 0.220, 0.831, 0.184, -0.476)      0      0 -1313.66835     1   5.000   -1.000  lightdock_6.pdb      0 -875.830
   70     15      (11.897, -27.794, 7.398, -0.202, -0.675, -0.542, 0.459)      0      0 -1313.75688     0   5.000   -1.000 lightdock_15.pdb      0 -875.833
   40      6          (4.207, 21.571, 7.374, 0.158, 0.905, -0.248, 0.308)      0      0 -1313.82931     0   5.000   -1.000  lightdock_6.pdb      0 -875.886
  181     15      (-5.377, -24.406, -3.768, -0.298, -0.508, 0.394, 0.706)      0      0 -1314.93391     2   5.000   -1.000 lightdock_15.pdb      0 -875.900
  186      4       (9.214, -12.026, 22.802, 0.049, 0.589, -0.797, -0.123)      0      0 -1312.83057     4   5.000   -1.000  lightdock_4.pdb      0 -875.903
   34      2        (0.809, -28.735, 1.035, -0.273, 0.771, -0.504, 0.277)      0      0 -1312.96498     3   5.000   -1.000  lightdock_2.pdb      0 -875.927
  119     17        (9.895, 27.341, -12.307, 0.566, 0.616, 0.542, -0.085)      0      0 -1313.15952     3   5.000   -1.000 lightdock_17.pdb      0 -875.933
   23      4         (4.595, 22.744, 11.682, 0.133, 0.962, -0.211, 0.111)      0      0 -1313.56900     1   5.000   -1.000  lightdock_4.pdb      0 -875.954
  151     19       (-11.337, -6.570, 19.982, -0.224, 0.816, 0.132, 0.516)      0      0 -1313.19950     1   5.000   -1.000 lightdock_19.pdb      0 -875.990
  211     16     (-9.693, -11.258, 15.723, 0.168, -0.291, -0.937, -0.092)      0      0 -1313.99062     0   5.000   -1.000 lightdock_16.pdb      0 -875.994
  118     15   (-10.605, 15.283, -18.128, -0.884, -0.300, -0.341, -0.110)      0      0 -1315.47332     2   5.000   -1.000 lightdock_15.pdb      0 -876.012
  103     19     (-14.386, -18.585, 19.803, -0.009, 0.473, -0.225, 0.852)      0      0 -1314.90747     3   5.000   -1.000 lightdock_19.pdb      0 -876.041
  141     17       (2.740, -19.621, -9.753, -0.059, 0.029, 0.971, -0.231)      0      0 -1313.16544     1   5.000   -1.000 lightdock_17.pdb      0 -876.044
   45     11       (13.304, 19.179, -9.298, -0.334, 0.268, 0.157, -0.890)      0      0 -1313.03016     4   5.000   -1.000 lightdock_11.pdb      0 -876.069
  146      8      (24.378, -5.102, -6.010, -0.085, 0.596, -0.352, -0.717)      0      0 -1314.10574     1   5.000   -1.000  lightdock_8.pdb      0 -876.070
   67      6       (11.257, 16.328, -12.146, -0.246, 0.072, 0.840, 0.479)      0      0 -1314.11616     0   5.000   -1.000  lightdock_6.pdb      0 -876.077
  103     14     (-14.397, -18.570, 19.827, -0.009, 0.473, -0.225, 0.852)      0      0 -1314.34168     2   5.000   -1.000 lightdock_14.pdb      0 -876.083
  103      5     (-14.577, -18.326, 20.229, -0.009, 0.473, -0.225, 0.852)      0      0 -1314.12926     1   5.000   -1.000  lightdock_5.pdb      0 -876.250
  102     23        (16.896, -23.907, 1.732, 0.223, 0.485, 0.797, -0.284)      0      0 -1314.44975     0   5.000   -1.000 lightdock_23.pdb      0 -876.263
   74     18     (-20.922, 14.986, -9.931, -0.696, -0.266, -0.633, 0.210)      0      0 -1314.41321     0   5.000   -1.000 lightdock_18.pdb      0 -876.275
  159     14      (1.479, 23.114, -4.233, -0.795, -0.525, -0.299, -0.051)      0      0 -1314.45490     0   5.000   -1.000 lightdock_14.pdb      0 -876.303
  124     17        (-13.746, 13.349, 13.858, 0.119, 0.936, 0.289, 0.161)      0      0 -1314.47327     0   5.000   -1.000 lightdock_17.pdb      0 -876.316
  138     19       (-7.668, 5.470, -17.766, -0.524, 0.550, 0.587, -0.278)      0      0 -1314.33134     1   5.000   -1.000 lightdock_19.pdb      0 -876.325
  208     15     (14.626, -26.665, 6.839, -0.394, -0.687, -0.465, -0.396)      0      0 -1314.49989     0   5.000   -1.000 lightdock_15.pdb      0 -876.333
   23     11         (4.640, 22.353, 11.562, 0.133, 0.962, -0.211, 0.111)      0      0 -1314.01842     2   5.000   -1.000 lightdock_11.pdb      0 -876.358
  147      3       (12.447, -1.904, 20.639, -0.211, -0.918, 0.268, 0.204)      0      0 -1313.28201     1   5.000   -1.000  lightdock_3.pdb      0 -876.373
   74      8       (-18.203, 17.051, -3.746, 0.116, -0.911, 0.354, 0.178)      0      0 -1312.85135     1   5.000   -1.000  lightdock_8.pdb      0 -876.387
  147     23         (20.264, 1.463, 19.628, 0.688, 0.326, 0.626, -0.166)      0      0 -1314.15538     1   5.000   -1.000 lightdock_23.pdb      0 -876.394
    6     12     (-19.390, -10.578, 3.627, 0.503, -0.269, -0.016, -0.821)      0      0 -1313.11334     3   5.000   -1.000 lightdock_12.pdb      0 -876.482
   74      1     (-21.161, 14.843, -9.817, -0.696, -0.266, -0.633, 0.210)      0      0 -1314.65182     1   5.000   -1.000  lightdock_1.pdb      0 -876.508
  142     15       (8.169, -22.075, 5.524, 0.717, -0.086, -0.663, -0.197)      0      0 -1315.80340     1   5.000   -1.000 lightdock_15.pdb      0 -876.517
  118      7   (-11.116, 15.489, -18.047, -0.884, -0.300, -0.341, -0.110)      0      0 -1315.05083     1   5.000   -1.000  lightdock_7.pdb      0 -876.527
  103     13     (-14.459, -18.475, 19.979, -0.009, 0.473, -0.225, 0.852)      0      0 -1315.16663     5   5.000   -1.000 lightdock_13.pdb      0 -876.534
   45      7       (13.273, 19.192, -9.354, -0.334, 0.268, 0.157, -0.890)      0      0 -1313.11130     5   5.000   -1.000  lightdock_7.pdb      0 -876.558
  165     19       (-4.255, -20.952, 15.760, -0.444, 0.489, 0.724, 0.199)      0      0 -1315.77064     3   5.000   -1.000 lightdock_19.pdb      0 -876.596
  165      0       (-4.101, -20.916, 15.892, -0.444, 0.489, 0.724, 0.199)      0      0 -1314.65571     1   5.000   -1.000  lightdock_0.pdb      0 -876.624
  165     20       (-4.608, -21.035, 15.457, -0.444, 0.489, 0.724, 0.199)      0      0 -1315.43141     2   5.000   -1.000 lightdock_20.pdb      0 -876.632
  151      4       (-11.156, -6.592, 20.155, -0.224, 0.816, 0.132, 0.516)      0      0 -1315.23463     3   5.000   -1.000  lightdock_4.pdb      0 -876.633
  122      4      (9.971, -19.302, 23.743, -0.553, -0.526, -0.314, 0.565)      0      0 -1315.17598     1   5.000   -1.000  lightdock_4.pdb      0 -876.635
  142      2       (8.108, -21.948, 5.502, 0.717, -0.086, -0.663, -0.197)      0      0 -1315.09198     0   5.000   -1.000  lightdock_2.pdb      0 -876.728
   70     18        (7.274, -15.837, 7.376, -0.093, 0.304, 0.932, -0.175)      0      0 -1315.09604     0   5.000   -1.000 lightdock_18.pdb      0 -876.731
  189     23        (2.744, 15.260, 6.538, 0.104, -0.160, -0.452, -0.871)      0      0 -1315.11013     0   5.000   -1.000 lightdock_23.pdb      0 -876.740
  146     12      (24.491, -5.056, -5.951, -0.085, 0.596, -0.352, -0.717)      0      0 -1315.28570     4   5.000   -1.000 lightdock_12.pdb      0 -876.749
  151     22       (-11.547, -6.552, 19.672, -0.224, 0.816, 0.132, 0.516)      0      0 -1314.44670     2   5.000   -1.000 lightdock_22.pdb      0 -876.772
  166     12    (-9.574, -9.094, -12.456, -0.382, -0.307, -0.561, -0.667)      0      0 -1315.19892     0   5.000   -1.000 lightdock_12.pdb      0 -876.799
  150     24       (-3.222, -18.413, -7.148, 0.133, 0.486, 0.863, -0.026)      0      0 -1315.68179     2   5.000   -1.000 lightdock_24.pdb      0 -876.828
  141      1      (14.037, -16.305, -14.970, 0.020, 0.140, -0.738, 0.660)      0      0 -1316.94523     1   5.000   -1.000  lightdock_1.pdb      0 -876.919
  115     16        (-3.159, -26.592, 10.014, 0.546, 0.617, 0.069, 0.563)      0      0 -1314.18919     1   5.000   -1.000 lightdock_16.pdb      0 -876.926
   34     13       (0.322, -25.503, -7.383, -0.051, -0.747, 0.444, 0.492)      0      0 -1316.11324     2   5.000   -1.000 lightdock_13.pdb      0 -876.938
  174     18    (-7.937, -15.594, -16.646, -0.394, -0.147, -0.464, 0.780)      0      0 -1313.79011     6   4.520   -1.000 lightdock_18.pdb      0 -876.982
  171     22       (2.859, 10.931, -13.371, 0.565, -0.660, -0.319, 0.378)      0      0 -1314.61631     1   5.000   -1.000 lightdock_22.pdb      0 -877.034
   27      8     (-15.897, 17.795, -10.235, -0.184, 0.179, -0.349, 0.901)      0      0 -1316.48717     0   5.000   -1.000  lightdock_8.pdb      0 -877.037
   18     15       (11.881, 22.097, -3.082, -0.581, 0.194, 0.598, -0.517)      0      0 -1314.54354     2   5.000   -1.000 lightdock_15.pdb      0 -877.069
  129      7      (-10.328, 26.396, 0.060, -0.406, -0.410, 0.392, -0.717)      0      0 -1316.77484     1   5.000   -1.000  lightdock_7.pdb      0 -877.088
   22     23       (13.597, -7.605, -14.330, 0.220, 0.831, 0.184, -0.476)      0      0 -1316.16901     2   5.000   -1.000 lightdock_23.pdb      0 -877.095
  103     22     (-14.685, -18.146, 20.508, -0.009, 0.473, -0.225, 0.852)      0      0 -1315.91552     6   3.880   -1.000 lightdock_22.pdb      0 -877.095
  202      5      (5.239, -2.623, -26.570, 0.156, -0.900, -0.044, -0.405)      0      0 -1315.71795     0   5.000   -1.000  lightdock_5.pdb      0 -877.145
  141     19      (13.662, -16.181, -14.960, 0.020, 0.140, -0.738, 0.660)      0      0 -1315.74221     0   5.000   -1.000 lightdock_19.pdb      0 -877.161
   74     11    (-20.675, 15.133, -10.048, -0.696, -0.266, -0.633, 0.210)      0      0 -1315.33571     2   5.000   -1.000 lightdock_11.pdb      0 -877.165
  142      8       (8.541, -22.050, 5.638, 0.717, -0.086, -0.663, -0.197)      0      0 -1316.04398     2   5.000   -1.000  lightdock_8.pdb      0 -877.166
  216     11        (-6.179, 17.158, -10.708, 0.559, 0.582, 0.577, 0.124)      0      0 -1315.80529     0   5.000   -1.000 lightdock_11.pdb      0 -877.204
  184      4     (-10.829, -18.885, 16.703, -0.565, 0.729, -0.238, 0.305)      0      0 -1315.80583     0   5.000   -1.000  lightdock_4.pdb      0 -877.204
   58      9      (-1.899, 9.996, -21.194, 0.361, -0.401, -0.835, -0.110)      0      0 -1314.75448     1   5.000   -1.000  lightdock_9.pdb      0 -877.208
   91      9      (-12.485, -20.131, -3.534, 0.009, -0.463, 0.799, 0.383)      0      0 -1317.02604     4   5.000   -1.000  lightdock_9.pdb      0 -877.334
   91     20      (-12.859, -20.007, -3.361, 0.009, -0.463, 0.799, 0.383)      0      0 -1316.08692     0   5.000   -1.000 lightdock_20.pdb      0 -877.391
  103     11     (-14.325, -18.664, 19.671, -0.009, 0.473, -0.225, 0.852)      0      0 -1316.31834     7   1.800   -1.000 lightdock_11.pdb      0 -877.471
   29     21       (12.781, -12.789, -5.786, 0.103, -0.416, 0.239, 0.871)      0      0 -1316.23231     0   5.000   -1.000 lightdock_21.pdb      0 -877.488
  106     15       (16.067, -16.528, -6.795, -0.809, 0.229, 0.503, 0.198)      0      0 -1316.23443     0   5.000   -1.000 lightdock_15.pdb      0 -877.490
   27     10     (-15.811, 17.896, -10.377, -0.184, 0.179, -0.349, 0.901)      0      0 -1317.11379     1   5.000   -1.000 lightdock_10.pdb      0 -877.502
  159     15      (1.477, 23.122, -4.238, -0.795, -0.525, -0.299, -0.051)      0      0 -1315.80525     1   5.000   -1.000 lightdock_15.pdb      0 -877.514
  154     13    (-18.216, -0.025, -12.176, -0.656, -0.036, -0.173, 0.734)      0      0 -1319.53478     1   5.000   -1.000 lightdock_13.pdb      0 -877.519
  129     19      (-10.040, 26.344, 0.253, -0.406, -0.410, 0.392, -0.717)      0      0 -1316.28202     0   5.000   -1.000 lightdock_19.pdb      0 -877.521
   59     19       (18.579, -5.918, 16.934, 0.321, -0.883, -0.105, 0.326)      0      0 -1316.34185     0   5.000   -1.000 lightdock_19.pdb      0 -877.554
  115     21      (0.852, -20.085, 11.866, -0.838, -0.126, 0.394, -0.357)      0      0 -1316.38517     0   5.000   -1.000 lightdock_21.pdb      0 -877.590
  208     22     (14.527, -26.639, 6.975, -0.394, -0.687, -0.465, -0.396)      0      0 -1315.37412     1   5.000   -1.000 lightdock_22.pdb      0 -877.614
   91     24      (-12.607, -20.074, -3.463, 0.009, -0.463, 0.799, 0.383)      0      0 -1316.91093     3   5.000   -1.000 lightdock_24.pdb      0 -877.618
  109     20        (-4.512, 11.556, 23.543, 0.482, -0.233, 0.654, 0.535)      0      0 -1316.42864     0   5.000   -1.000 lightdock_20.pdb      0 -877.619
   27     13     (-15.788, 18.039, -10.457, -0.184, 0.179, -0.349, 0.901)      0      0 -1318.05573     2   5.000   -1.000 lightdock_13.pdb      0 -877.633
   64      0      (-24.938, 0.675, -11.881, 0.859, -0.236, -0.377, 0.254)      0      0 -1316.45021     0   5.000   -1.000  lightdock_0.pdb      0 -877.633
  151     11       (-11.609, -6.502, 19.900, -0.224, 0.816, 0.132, 0.516)      0      0 -1315.99976     4   5.000   -1.000 lightdock_11.pdb      0 -877.690
  138     15       (-7.440, 5.675, -17.729, -0.524, 0.550, 0.587, -0.278)      0      0 -1315.09621     2   5.000   -1.000 lightdock_15.pdb      0 -877.700
   36     16     (-13.456, -8.857, -13.095, 0.519, -0.228, -0.641, 0.517)      0      0 -1316.57178     0   5.000   -1.000 lightdock_16.pdb      0 -877.715
   45      1       (13.041, 19.005, -9.520, -0.334, 0.268, 0.157, -0.890)      0      0 -1313.66309     6   4.920   -1.000  lightdock_1.pdb      0 -877.762
   91     15      (-12.656, -20.056, -3.430, 0.009, -0.463, 0.799, 0.383)      0      0 -1316.57944     1   5.000   -1.000 lightdock_15.pdb      0 -877.806
  202      6      (5.181, -2.445, -26.726, 0.156, -0.900, -0.044, -0.405)      0      0 -1316.97396     1   5.000   -1.000  lightdock_6.pdb      0 -877.864
  186     10        (4.666, -12.155, 19.985, 0.040, 0.734, -0.452, 0.506)      0      0 -1316.81097     0   5.000   -1.000 lightdock_10.pdb      0 -877.874
   10     14         (4.566, 27.052, 8.762, -0.178, -0.101, 0.719, 0.664)      0      0 -1316.83504     0   5.000   -1.000 lightdock_14.pdb      0 -877.890
  115     13      (0.451, -19.826, 11.778, -0.838, -0.126, 0.394, -0.357)      0      0 -1317.25922     1   5.000   -1.000 lightdock_13.pdb      0 -877.921
   58      5         (7.936, 2.583, -19.660, 0.316, 0.203, -0.887, 0.270)      0      0 -1316.93812     0   5.000   -1.000  lightdock_5.pdb      0 -877.959
   35      5     (-15.122, -15.366, -5.832, -0.652, 0.578, -0.001, 0.490)      0      0 -1319.61414     1   5.000   -1.000  lightdock_5.pdb      0 -877.991
   56      7        (5.814, 17.915, 13.479, -0.689, 0.009, -0.461, 0.560)      0      0 -1317.01449     0   5.000   -1.000  lightdock_7.pdb      0 -878.010
   91     18      (-13.288, -19.892, -3.189, 0.009, -0.463, 0.799, 0.383)      0      0 -1316.77512     2   5.000   -1.000 lightdock_18.pdb      0 -878.016
  142     16       (7.916, -21.939, 5.442, 0.717, -0.086, -0.663, -0.197)      0      0 -1316.65941     4   5.000   -1.000 lightdock_16.pdb      0 -878.018
   95     11      (-9.246, 0.243, -17.072, 0.038, -0.575, -0.709, -0.407)      0      0 -1318.67065     1   5.000   -1.000 lightdock_11.pdb      0 -878.064
  155      8         (13.796, -24.417, 9.035, 0.363, 0.580, 0.637, 0.356)      0      0 -1317.25764     0   5.000   -1.000  lightdock_8.pdb      0 -878.132
  102      1        (4.833, -20.912, -1.198, 0.721, -0.330, 0.597, 0.121)      0      0 -1317.23776     0   5.000   -1.000  lightdock_1.pdb      0 -878.158
   64      9      (-25.208, 0.502, -12.072, 0.859, -0.236, -0.377, 0.254)      0      0 -1317.97687     1   5.000   -1.000  lightdock_9.pdb      0 -878.169
   34      7       (0.687, -25.514, -7.307, -0.051, -0.747, 0.444, 0.492)      0      0 -1315.99114     1   5.000   -1.000  lightdock_7.pdb      0 -878.194
  184     13     (-10.762, -18.487, 16.510, -0.565, 0.729, -0.238, 0.305)      0      0 -1317.37374     2   5.000   -1.000 lightdock_13.pdb      0 -878.195
  135     19      (-5.860, -18.292, 14.828, -0.437, 0.293, 0.560, -0.640)      0      0 -1317.31276     0   5.000   -1.000 lightdock_19.pdb      0 -878.209
  155      1         (13.648, -23.628, 8.805, 0.363, 0.580, 0.637, 0.356)      0      0 -1318.60950     3   0.840   -1.000  lightdock_1.pdb      0 -878.230
  155      3         (13.804, -24.465, 9.054, 0.363, 0.580, 0.637, 0.356)      0      0 -1317.52293     1   5.000   -1.000  lightdock_3.pdb      0 -878.265
  184     14     (-10.832, -18.901, 16.711, -0.565, 0.729, -0.238, 0.305)      0      0 -1317.05720     1   5.000   -1.000 lightdock_14.pdb      0 -878.283
   33     16        (16.393, 16.959, 5.074, -0.649, 0.462, 0.603, -0.043)      0      0 -1317.43953     0   5.000   -1.000 lightdock_16.pdb      0 -878.293
  142      4       (7.934, -21.581, 5.441, 0.717, -0.086, -0.663, -0.197)      0      0 -1316.46406     3   5.000   -1.000  lightdock_4.pdb      0 -878.295
   37     10       (-18.859, 10.659, 0.137, 0.212, -0.242, 0.296, -0.900)      0      0 -1317.49430     0   5.000   -1.000 lightdock_10.pdb      0 -878.330
   91     23      (-12.940, -19.985, -3.329, 0.009, -0.463, 0.799, 0.383)      0      0 -1317.10704     5   5.000   -1.000 lightdock_23.pdb      0 -878.351
  148      5      (16.820, -22.744, 4.659, 0.865, -0.162, -0.063, -0.470)      0      0 -1317.55214     0   5.000   -1.000  lightdock_5.pdb      0 -878.368
  197     14      (23.453, 13.978, -11.608, -0.743, 0.565, 0.038, -0.358)      0      0 -1317.55488     0   5.000   -1.000 lightdock_14.pdb      0 -878.370
   86      6       (-2.244, 23.532, -6.080, 0.150, 0.571, -0.153, -0.793)      0      0 -1319.63666     1   5.000   -1.000  lightdock_6.pdb      0 -878.381
  142      1       (8.140, -22.058, 5.514, 0.717, -0.086, -0.663, -0.197)      0      0 -1317.50132     5   5.000   -1.000  lightdock_1.pdb      0 -878.462
    1      4        (2.722, 10.674, -11.358, 0.604, 0.745, -0.271, 0.075)      0      0 -1317.70022     0   5.000   -1.000  lightdock_4.pdb      0 -878.467
   86      0       (-2.638, 23.252, -5.992, 0.150, 0.571, -0.153, -0.793)      0      0 -1318.07951     0   5.000   -1.000  lightdock_0.pdb      0 -878.480
  109     21        (-4.639, 11.952, 23.557, 0.482, -0.233, 0.654, 0.535)      0      0 -1317.20547     1   5.000   -1.000 lightdock_21.pdb      0 -878.554
  211     23     (-9.727, -11.574, 15.594, 0.168, -0.291, -0.937, -0.092)      0      0 -1316.72034     1   5.000   -1.000 lightdock_23.pdb      0 -878.587
  123     12         (14.987, -6.796, 20.512, 0.562, 0.062, 0.689, 0.453)      0      0 -1318.84006     1   5.000   -1.000 lightdock_12.pdb      0 -878.623
  129     22       (-9.872, 26.314, 0.364, -0.406, -0.410, 0.392, -0.717)      0      0 -1317.16372     2   5.000   -1.000 lightdock_22.pdb      0 -878.638
   31     10          (1.231, 6.854, 21.588, -0.022, 0.852, 0.475, 0.218)      0      0 -1321.40821     1   5.000   -1.000 lightdock_10.pdb      0 -878.653
  154      8     (-18.114, 0.143, -12.270, -0.656, -0.036, -0.173, 0.734)      0      0 -1318.05001     0   5.000   -1.000  lightdock_8.pdb      0 -878.700
   10     15         (4.999, 26.992, 8.890, -0.178, -0.101, 0.719, 0.664)      0      0 -1317.72882     1   5.000   -1.000 lightdock_15.pdb      0 -878.702
   70     20      (11.821, -27.843, 7.341, -0.202, -0.675, -0.542, 0.459)      0      0 -1316.25592     2   5.000   -1.000 lightdock_20.pdb      0 -878.740
  123     17         (14.945, -6.681, 20.409, 0.562, 0.062, 0.689, 0.453)      0      0 -1318.13635     0   5.000   -1.000 lightdock_17.pdb      0 -878.758
  202     24      (5.316, -2.860, -26.360, 0.156, -0.900, -0.044, -0.405)      0      0 -1317.15568     2   5.000   -1.000 lightdock_24.pdb      0 -878.790
   59      7       (18.743, -5.911, 17.161, 0.321, -0.883, -0.105, 0.326)      0      0 -1317.66479     1   5.000   -1.000  lightdock_7.pdb      0 -878.801
  155     13         (13.751, -24.240, 9.310, 0.363, 0.580, 0.637, 0.356)      0      0 -1318.32618     2   4.760   -1.000 lightdock_13.pdb      0 -878.805
   31      9          (1.420, 6.434, 21.547, -0.022, 0.852, 0.475, 0.218)      0      0 -1318.21090     0   5.000   -1.000  lightdock_9.pdb      0 -878.807
  186      8        (4.930, -12.399, 19.906, 0.040, 0.734, -0.452, 0.506)      0      0 -1317.79633     1   5.000   -1.000  lightdock_8.pdb      0 -878.819
   95      7      (-9.477, 0.214, -16.899, 0.038, -0.575, -0.709, -0.407)      0      0 -1318.24193     0   5.000   -1.000  lightdock_7.pdb      0 -878.828
  155     15         (13.708, -23.888, 8.839, 0.363, 0.580, 0.637, 0.356)      0      0 -1318.93807     5   4.440   -1.000 lightdock_15.pdb      0 -878.843
  135     18      (-5.486, -18.104, 14.665, -0.437, 0.293, 0.560, -0.640)      0      0 -1319.27873     1   5.000   -1.000 lightdock_18.pdb      0 -878.858
   95      0       (-1.643, -7.360, -10.951, 0.454, -0.102, 0.787, 0.406)      0      0 -1318.35969     0   5.000   -1.000  lightdock_0.pdb      0 -878.906
  155     17         (13.863, -24.815, 9.184, 0.363, 0.580, 0.637, 0.356)      0      0 -1318.76087     4   1.960   -1.000 lightdock_17.pdb      0 -878.953
  102      5        (16.986, -23.835, 1.655, 0.223, 0.485, 0.797, -0.284)      0      0 -1316.57120     1   5.000   -1.000  lightdock_5.pdb      0 -879.049
   70      2      (11.856, -27.824, 7.355, -0.202, -0.675, -0.542, 0.459)      0      0 -1316.56488     3   5.000   -1.000  lightdock_2.pdb      0 -879.072
   58     18         (2.532, 7.674, -23.011, 0.755, -0.007, 0.214, 0.620)      0      0 -1318.61236     0   5.000   -1.000 lightdock_18.pdb      0 -879.075
   58     17         (3.004, 7.630, -22.989, 0.755, -0.007, 0.214, 0.620)      0      0 -1320.61878     1   5.000   -1.000 lightdock_17.pdb      0 -879.088
   41      2        (17.908, 6.207, 8.375, 0.107, -0.876, -0.289, -0.371)      0      0 -1318.63965     0   5.000   -1.000  lightdock_2.pdb      0 -879.093
   61     16     (-5.101, -1.171, -19.208, -0.672, 0.092, -0.714, -0.174)      0      0 -1318.64262     0   5.000   -1.000 lightdock_16.pdb      0 -879.095
  186     21        (4.616, -12.109, 20.000, 0.040, 0.734, -0.452, 0.506)      0      0 -1318.82246     2   5.000   -1.000 lightdock_21.pdb      0 -879.101
    1     22          (0.869, 1.842, -15.475, 0.591, 0.225, 0.518, 0.576)      0      0 -1318.74769     1   5.000   -1.000 lightdock_22.pdb      0 -879.107
   34     21       (3.929, -18.912, -0.620, 0.006, -0.763, 0.646, -0.022)      0      0 -1318.69790     0   5.000   -1.000 lightdock_21.pdb      0 -879.132
  173      9       (-28.566, 7.804, 2.113, -0.767, 0.622, -0.002, -0.157)      0      0 -1322.76203     1   5.000   -1.000  lightdock_9.pdb      0 -879.140
   66      8      (24.337, 15.784, -3.602, 0.163, -0.097, -0.797, -0.574)      0      0 -1318.71386     0   5.000   -1.000  lightdock_8.pdb      0 -879.143
  159     18      (-2.382, 26.487, 1.225, -0.707, -0.598, -0.140, -0.352)      0      0 -1318.72168     0   5.000   -1.000 lightdock_18.pdb      0 -879.148
   35      8     (-14.935, -15.147, -5.792, -0.652, 0.578, -0.001, 0.490)      0      0 -1318.72874     0   5.000   -1.000  lightdock_8.pdb      0 -879.152
  212     13         (9.055, 24.451, -8.127, 0.757, 0.644, 0.095, -0.064)      0      0 -1318.75123     0   5.000   -1.000 lightdock_13.pdb      0 -879.166
  182      1       (13.867, 13.349, 13.154, -0.376, -0.659, 0.647, 0.077)      0      0 -1318.74992     0   5.000   -1.000  lightdock_1.pdb      0 -879.167
   37     15       (-17.127, 7.937, 15.561, 0.226, -0.606, 0.570, -0.507)      0      0 -1321.62011     0   5.000   -1.000 lightdock_15.pdb      0 -879.180
  219      4      (-17.114, 6.332, 9.561, -0.189, -0.000, -0.972, -0.143)      0      0 -1318.82237     0   5.000   -1.000  lightdock_4.pdb      0 -879.215
  141     22      (13.515, -16.133, -14.956, 0.020, 0.140, -0.738, 0.660)      0      0 -1318.18419     2   5.000   -1.000 lightdock_22.pdb      0 -879.250
  202     19      (5.159, -2.399, -26.779, 0.156, -0.900, -0.044, -0.405)      0      0 -1317.98825     3   5.000   -1.000 lightdock_19.pdb      0 -879.257
  109     22        (-1.764, 11.807, 16.627, 0.082, 0.932, -0.345, 0.077)      0      0 -1329.26431     8   4.360   -1.000 lightdock_22.pdb      0 -879.324
    6     24     (-19.684, -10.798, 3.555, 0.503, -0.269, -0.016, -0.821)      0      0 -1315.82348     5   5.000   -1.000 lightdock_24.pdb      0 -879.335
  169     10     (-19.341, -17.491, 12.655, 0.515, -0.307, -0.100, 0.794)      0      0 -1319.92420     1   5.000   -1.000 lightdock_10.pdb      0 -879.380
  155     23         (13.788, -24.368, 9.022, 0.363, 0.580, 0.637, 0.356)      0      0 -1319.56572     6   3.000   -1.000 lightdock_23.pdb      0 -879.398
    2     12     (-11.391, 22.266, 5.956, -0.318, -0.857, -0.405, -0.004)      0      0 -1326.66747     5   5.000   -1.000 lightdock_12.pdb      0 -879.405
  169     11     (-19.486, -17.150, 12.351, 0.515, -0.307, -0.100, 0.794)      0      0 -1319.13661     0   5.000   -1.000 lightdock_11.pdb      0 -879.424
   95      1      (-9.713, 0.148, -16.768, 0.038, -0.575, -0.709, -0.407)      0      0 -1319.81467     3   5.000   -1.000  lightdock_1.pdb      0 -879.514
  159     10       (6.911, 24.521, -3.388, -0.213, 0.548, -0.672, -0.450)      0      0 -1319.40150     0   5.000   -1.000 lightdock_10.pdb      0 -879.536
  155      0         (13.871, -24.728, 8.946, 0.363, 0.580, 0.637, 0.356)      0      0 -1320.35741     9   3.720   -1.000  lightdock_0.pdb      0 -879.537
  202     13        (2.524, -9.089, -19.484, 0.851, -0.062, 0.179, 0.490)      0      0 -1319.31446     0   5.000   -1.000 lightdock_13.pdb      0 -879.541
  182     13       (13.837, 13.363, 13.172, -0.376, -0.659, 0.647, 0.077)      0      0 -1319.19063     1   5.000   -1.000 lightdock_13.pdb      0 -879.571
  207     13           (28.552, 6.690, 3.842, 0.249, 0.110, 0.898, 0.347)      0      0 -1319.42390     0   5.000   -1.000 lightdock_13.pdb      0 -879.581
  208     19      (9.198, -28.257, 3.117, -0.331, -0.576, -0.299, -0.685)      0      0 -1315.92573     1   5.000   -1.000 lightdock_19.pdb      0 -879.584
  102      2        (4.523, -20.910, -1.331, 0.721, -0.330, 0.597, 0.121)      0      0 -1319.60870     1   5.000   -1.000  lightdock_2.pdb      0 -879.584
  207      5           (28.549, 6.513, 4.005, 0.249, 0.110, 0.898, 0.347)      0      0 -1319.87201     1   5.000   -1.000  lightdock_5.pdb      0 -879.684
  109     16        (-1.588, 11.381, 16.423, 0.102, 0.926, -0.347, 0.106)      0      0 -1301.40077     5   4.920   -1.000 lightdock_16.pdb      0 -879.694
  179      5       (19.373, 4.983, -14.834, -0.124, -0.666, 0.057, 0.733)      0      0 -1319.55155     0   5.000   -1.000  lightdock_5.pdb      0 -879.701
   16     12       (11.070, -17.578, 22.530, 0.323, 0.523, 0.357, -0.703)      0      0 -1321.22611     1   5.000   -1.000 lightdock_12.pdb      0 -879.707
   59     17       (18.348, -5.927, 16.626, 0.321, -0.883, -0.105, 0.326)      0      0 -1318.18452     3   5.000   -1.000 lightdock_17.pdb      0 -879.786
   59      9       (18.390, -5.927, 16.673, 0.321, -0.883, -0.105, 0.326)      0      0 -1317.90711     2   5.000   -1.000  lightdock_9.pdb      0 -879.826
  219      5        (-24.023, 1.758, 3.014, 0.647, -0.577, -0.498, 0.023)      0      0 -1319.96616     0   5.000   -1.000  lightdock_5.pdb      0 -879.830
   16     20       (10.812, -17.325, 22.520, 0.323, 0.523, 0.357, -0.703)      0      0 -1319.83520     0   5.000   -1.000 lightdock_20.pdb      0 -879.890
   16      4       (10.843, -17.531, 22.734, 0.323, 0.523, 0.357, -0.703)      0      0 -1321.27434     2   5.000   -1.000  lightdock_4.pdb      0 -879.900
   18      4       (14.792, 20.901, -7.823, -0.744, -0.601, 0.234, 0.174)      0      0 -1319.87218     0   5.000   -1.000  lightdock_4.pdb      0 -879.915
   51      7        (6.465, -25.488, 12.651, 0.251, 0.256, -0.092, 0.929)      0      0 -1319.88397     0   5.000   -1.000  lightdock_7.pdb      0 -879.923
  207     11           (28.548, 6.404, 4.104, 0.249, 0.110, 0.898, 0.347)      0      0 -1320.76903     2   5.000   -1.000 lightdock_11.pdb      0 -879.927
   51     19        (6.663, -25.459, 13.084, 0.251, 0.256, -0.092, 0.929)      0      0 -1320.75971     1   5.000   -1.000 lightdock_19.pdb      0 -879.931
  188      2     (-17.742, -2.084, -6.341, -0.389, 0.909, -0.149, -0.017)      0      0 -1319.90215     0   5.000   -1.000  lightdock_2.pdb      0 -879.934
   58      8         (7.950, 2.601, -19.957, 0.316, 0.203, -0.887, 0.270)      0      0 -1319.63432     1   5.000   -1.000  lightdock_8.pdb      0 -879.962
  202      4        (2.432, -9.087, -19.578, 0.851, -0.062, 0.179, 0.490)      0      0 -1320.78431     2   5.000   -1.000  lightdock_4.pdb      0 -880.038
  219     17        (-24.468, 1.741, 3.026, 0.647, -0.577, -0.498, 0.023)      0      0 -1321.53414     2   5.000   -1.000 lightdock_17.pdb      0 -880.080
  174     13     (-11.461, -18.842, -15.426, 0.435, 0.337, -0.645, 0.530)      0      0 -1320.15826     0   5.000   -1.000 lightdock_13.pdb      0 -880.106
   51     11        (6.632, -25.463, 13.014, 0.251, 0.256, -0.092, 0.929)      0      0 -1320.92946     3   5.000   -1.000 lightdock_11.pdb      0 -880.127
   40     14        (-1.662, 24.008, 8.785, 0.002, -0.610, -0.684, 0.401)      0      0 -1320.23782     0   5.000   -1.000 lightdock_14.pdb      0 -880.159
  179      0       (19.502, 5.271, -15.039, -0.124, -0.666, 0.057, 0.733)      0      0 -1321.99138     1   5.000   -1.000  lightdock_0.pdb      0 -880.183
   94     10        (-11.168, -8.316, -3.105, 0.398, 0.489, 0.491, 0.601)      0      0 -1320.28228     0   5.000   -1.000 lightdock_10.pdb      0 -880.188
   16     13       (10.567, -17.377, 22.823, 0.323, 0.523, 0.357, -0.703)      0      0 -1321.59292     4   5.000   -1.000 lightdock_13.pdb      0 -880.253
  202     11        (2.828, -9.094, -19.172, 0.851, -0.062, 0.179, 0.490)      0      0 -1320.53928     1   5.000   -1.000 lightdock_11.pdb      0 -880.267
   67      0       (8.663, 21.244, -14.702, 0.270, -0.757, -0.459, 0.380)      0      0 -1320.43254     0   5.000   -1.000  lightdock_0.pdb      0 -880.288
  219      3        (-23.545, 1.749, 3.005, 0.647, -0.577, -0.498, 0.023)      0      0 -1320.98711     1   5.000   -1.000  lightdock_3.pdb      0 -880.292
  145      3      (10.193, 9.739, -18.705, -0.551, -0.510, -0.596, 0.284)      0      0 -1320.48243     0   5.000   -1.000  lightdock_3.pdb      0 -880.322
   16      7       (10.744, -16.989, 22.184, 0.323, 0.523, 0.357, -0.703)      0      0 -1321.54603     3   4.120   -1.000  lightdock_7.pdb      0 -880.331
  123     24         (17.616, 4.957, 16.005, -0.759, 0.297, 0.421, 0.398)      0      0 -1320.51562     0   5.000   -1.000 lightdock_24.pdb      0 -880.344
  169      7     (-19.526, -17.057, 12.268, 0.515, -0.307, -0.100, 0.794)      0      0 -1320.74737     2   5.000   -1.000  lightdock_7.pdb      0 -880.355
   42      6    (-10.900, -14.462, 26.875, 0.160, -0.389, -0.383, -0.822)      0      0 -1320.55163     0   5.000   -1.000  lightdock_6.pdb      0 -880.368
   35      1     (-14.935, -15.148, -5.792, -0.652, 0.578, -0.001, 0.490)      0      0 -1319.86856     2   5.000   -1.000  lightdock_1.pdb      0 -880.369
   67      4       (8.703, 21.235, -14.715, 0.270, -0.757, -0.459, 0.380)      0      0 -1320.59376     1   5.000   -1.000  lightdock_4.pdb      0 -880.405
   40     18          (3.622, 27.225, 11.320, 0.168, 0.766, 0.555, 0.278)      0      0 -1320.66872     0   5.000   -1.000 lightdock_18.pdb      0 -880.446
  159     12       (7.094, 24.423, -3.177, -0.213, 0.548, -0.672, -0.450)      0      0 -1321.03246     1   5.000   -1.000 lightdock_12.pdb      0 -880.472
   37      0       (-17.791, 8.612, 15.341, 0.226, -0.606, 0.570, -0.507)      0      0 -1322.27872     2   5.000   -1.000  lightdock_0.pdb      0 -880.508
   47     19      (13.496, -15.674, 12.535, 0.032, -0.321, -0.332, 0.886)      0      0 -1320.77257     0   5.000   -1.000 lightdock_19.pdb      0 -880.515
  123      9         (14.854, -6.429, 20.184, 0.562, 0.062, 0.689, 0.453)      0      0 -1319.55085     2   5.000   -1.000  lightdock_9.pdb      0 -880.524
   60     20        (27.075, 0.754, 4.949, -0.019, 0.850, -0.329, -0.411)      0      0 -1320.79674     0   5.000   -1.000 lightdock_20.pdb      0 -880.531
  150     19        (1.438, -21.713, -5.897, 0.730, 0.179, -0.599, 0.276)      0      0 -1323.19227     1   5.000   -1.000 lightdock_19.pdb      0 -880.548
   95      8      (-9.647, 0.193, -16.770, 0.038, -0.575, -0.709, -0.407)      0      0 -1319.54071     2   5.000   -1.000  lightdock_8.pdb      0 -880.559
   39     13     (-24.617, 13.641, -11.567, -0.286, 0.136, 0.220, -0.923)      0      0 -1320.88099     0   5.000   -1.000 lightdock_13.pdb      0 -880.587
   27      1     (-15.851, 17.925, -10.338, -0.184, 0.179, -0.349, 0.901)      0      0 -1319.71328     3   5.000   -1.000  lightdock_1.pdb      0 -880.607
    1     13          (0.876, 1.978, -15.851, 0.591, 0.225, 0.518, 0.576)      0      0 -1320.24798     2   5.000   -1.000 lightdock_13.pdb      0 -880.622
   66      5       (20.224, 19.479, -6.413, -0.067, 0.666, 0.181, -0.721)      0      0 -1320.93351     0   5.000   -1.000  lightdock_5.pdb      0 -880.622
  215     22        (11.424, 19.335, 2.975, -0.344, 0.423, -0.812, 0.209)      0      0 -1320.97110     0   5.000   -1.000 lightdock_22.pdb      0 -880.647
  111     19       (11.402, -10.927, 26.581, 0.087, -0.255, 0.141, 0.953)      0      0 -1321.01565     0   5.000   -1.000 lightdock_19.pdb      0 -880.677
  172     12         (3.480, 26.338, 2.439, -0.625, 0.417, -0.492, 0.439)      0      0 -1321.04759     0   5.000   -1.000 lightdock_12.pdb      0 -880.698
    7      1        (23.671, 8.308, -0.094, 0.702, -0.422, -0.372, 0.435)      0      0 -1321.71478     1   5.000   -1.000  lightdock_1.pdb      0 -880.703
   39      7     (-24.586, 13.686, -11.583, -0.286, 0.136, 0.220, -0.923)      0      0 -1320.97355     1   5.000   -1.000  lightdock_7.pdb      0 -880.738
  175      3    (-12.059, 26.333, -7.784, -0.709, -0.476, -0.367, -0.369)      0      0 -1321.14550     0   5.000   -1.000  lightdock_3.pdb      0 -880.764
   39      0     (-24.612, 13.648, -11.570, -0.286, 0.136, 0.220, -0.923)      0      0 -1321.24015     2   5.000   -1.000  lightdock_0.pdb      0 -880.783
    7     16        (23.748, 8.082, -0.157, 0.702, -0.422, -0.372, 0.435)      0      0 -1321.28219     0   5.000   -1.000 lightdock_16.pdb      0 -880.855
  188      5     (-17.989, -2.258, -6.703, -0.389, 0.909, -0.149, -0.017)      0      0 -1321.33092     1   5.000   -1.000  lightdock_5.pdb      0 -880.916
   83     23         (25.510, -2.826, 2.731, 0.252, 0.038, 0.255, -0.933)      0      0 -1321.39191     0   5.000   -1.000 lightdock_23.pdb      0 -880.928
   74      0    (-15.866, 21.708, -11.900, -0.341, 0.744, -0.562, -0.119)      0      0 -1321.40972     0   5.000   -1.000  lightdock_0.pdb      0 -880.940
  155      5         (13.795, -24.399, 9.006, 0.363, 0.580, 0.637, 0.356)      0      0 -1319.63244     7   4.840   -1.000  lightdock_5.pdb      0 -880.966
   47     11      (13.869, -15.623, 12.824, 0.032, -0.321, -0.332, 0.886)      0      0 -1321.55399     1   5.000   -1.000 lightdock_11.pdb      0 -880.966
   51     21        (6.462, -25.488, 12.642, 0.251, 0.256, -0.092, 0.929)      0      0 -1320.82025     2   5.000   -1.000 lightdock_21.pdb      0 -880.977
   60     19        (27.201, 0.499, 4.952, -0.019, 0.850, -0.329, -0.411)      0      0 -1321.73252     1   5.000   -1.000 lightdock_19.pdb      0 -881.024
  202     22        (2.709, -9.091, -19.294, 0.851, -0.062, 0.179, 0.490)      0      0 -1321.01388     3   5.000   -1.000 lightdock_22.pdb      0 -881.031
  139      8      (22.245, 19.183, 4.171, -0.332, -0.161, -0.878, -0.306)      0      0 -1321.59939     0   5.000   -1.000  lightdock_8.pdb      0 -881.066
   40      0        (-1.852, 23.841, 8.407, 0.002, -0.610, -0.684, 0.401)      0      0 -1321.15894     1   5.000   -1.000  lightdock_0.pdb      0 -881.066
   56     17        (5.817, 17.920, 13.473, -0.689, 0.009, -0.461, 0.560)      0      0 -1319.87202     1   5.000   -1.000 lightdock_17.pdb      0 -881.085
   83     14         (25.553, -2.850, 2.769, 0.252, 0.038, 0.255, -0.933)      0      0 -1321.64091     1   5.000   -1.000 lightdock_14.pdb      0 -881.157
   37      9       (-17.295, 8.107, 15.506, 0.226, -0.606, 0.570, -0.507)      0      0 -1321.75623     1   5.000   -1.000  lightdock_9.pdb      0 -881.162
  196     12     (11.889, -15.650, 17.914, -0.408, 0.877, -0.237, -0.090)      0      0 -1321.88454     0   5.000   -1.000 lightdock_12.pdb      0 -881.256
   24      3        (7.037, 0.643, -18.514, -0.377, 0.013, 0.907, -0.186)      0      0 -1321.90487     0   5.000   -1.000  lightdock_3.pdb      0 -881.270
  173      4       (-28.506, 7.841, 2.292, -0.767, 0.622, -0.002, -0.157)      0      0 -1321.92012     0   5.000   -1.000  lightdock_4.pdb      0 -881.277
  123      2         (17.612, 4.945, 16.011, -0.759, 0.297, 0.421, 0.398)      0      0 -1321.52548     1   5.000   -1.000  lightdock_2.pdb      0 -881.291
  111     13       (11.089, -10.592, 26.501, 0.087, -0.255, 0.141, 0.953)      0      0 -1322.99064     1   5.000   -1.000 lightdock_13.pdb      0 -881.291
  115      3      (0.836, -20.075, 11.863, -0.838, -0.126, 0.394, -0.357)      0      0 -1319.71594     2   5.000   -1.000  lightdock_3.pdb      0 -881.297
  131     20      (-0.308, 13.546, -14.273, 0.621, -0.591, -0.223, 0.464)      0      0 -1321.95908     0   5.000   -1.000 lightdock_20.pdb      0 -881.306
  175     24    (-12.315, 26.655, -7.984, -0.709, -0.476, -0.367, -0.369)      0      0 -1322.32677     2   5.000   -1.000 lightdock_24.pdb      0 -881.329
   42     15    (-11.112, -14.298, 26.597, 0.160, -0.389, -0.383, -0.822)      0      0 -1322.87078     1   5.000   -1.000 lightdock_15.pdb      0 -881.340
   86      7       (-2.731, 23.186, -5.972, 0.150, 0.571, -0.153, -0.793)      0      0 -1320.23682     2   5.000   -1.000  lightdock_7.pdb      0 -881.359
   18     12      (9.550, 31.633, -10.222, 0.552, -0.199, -0.629, -0.511)      0      0 -1324.11197     1   5.000   -1.000 lightdock_12.pdb      0 -881.364
  196     19     (11.719, -15.754, 17.838, -0.408, 0.877, -0.237, -0.090)      0      0 -1322.87340     1   5.000   -1.000 lightdock_19.pdb      0 -881.365
   63     12     (-2.456, 23.178, -15.078, -0.089, -0.056, -0.462, 0.881)      0      0 -1324.13600     1   5.000   -1.000 lightdock_12.pdb      0 -881.380
   18     18       (14.779, 20.895, -7.819, -0.744, -0.601, 0.234, 0.174)      0      0 -1321.36049     1   5.000   -1.000 lightdock_18.pdb      0 -881.450
  175     10    (-11.998, 26.258, -7.737, -0.709, -0.476, -0.367, -0.369)      0      0 -1322.40506     3   5.000   -1.000 lightdock_10.pdb      0 -881.475
   71      7        (-22.907, 4.277, 2.955, -0.210, 0.388, -0.304, 0.844)      0      0 -1322.22451     0   5.000   -1.000  lightdock_7.pdb      0 -881.483
   31     13        (1.403, 1.739, 19.447, -0.695, 0.538, -0.449, -0.162)      0      0 -1322.23458     0   5.000   -1.000 lightdock_13.pdb      0 -881.490
   60     15        (26.977, 0.953, 4.946, -0.019, 0.850, -0.329, -0.411)      0      0 -1322.01271     2   5.000   -1.000 lightdock_15.pdb      0 -881.509
   40      8          (3.684, 27.422, 11.111, 0.168, 0.766, 0.555, 0.278)      0      0 -1322.62080     2   5.000   -1.000  lightdock_8.pdb      0 -881.530
   70     23          (6.342, -24.124, 2.171, 0.809, 0.186, 0.554, 0.070)      0      0 -1322.32155     0   5.000   -1.000 lightdock_23.pdb      0 -881.548
   31      1        (1.242, 2.043, 19.705, -0.695, 0.538, -0.449, -0.162)      0      0 -1323.26501     1   5.000   -1.000  lightdock_1.pdb      0 -881.551
   48     19        (16.707, 23.223, -9.416, 0.541, 0.676, 0.109, -0.488)      0      0 -1322.58635     1   5.000   -1.000 lightdock_19.pdb      0 -881.565
   48      5        (16.750, 23.218, -9.422, 0.541, 0.676, 0.109, -0.488)      0      0 -1322.38010     0   5.000   -1.000  lightdock_5.pdb      0 -881.587
  159      1       (6.992, 24.479, -3.296, -0.213, 0.548, -0.672, -0.450)      0      0 -1321.66818     2   5.000   -1.000  lightdock_1.pdb      0 -881.606
   56      0         (9.641, 18.861, 8.206, 0.007, 0.139, -0.259, -0.956)      0      0 -1322.42435     0   5.000   -1.000  lightdock_0.pdb      0 -881.616
   83     21         (25.201, -2.652, 2.461, 0.252, 0.038, 0.255, -0.933)      0      0 -1322.20681     2   5.000   -1.000 lightdock_21.pdb      0 -881.619
  175     12    (-12.376, 26.579, -7.957, -0.709, -0.476, -0.367, -0.369)      0      0 -1322.31718     1   5.000   -1.000 lightdock_12.pdb      0 -881.619
  150      6        (1.548, -21.387, -6.094, 0.730, 0.179, -0.599, 0.276)      0      0 -1322.46810     0   5.000   -1.000  lightdock_6.pdb      0 -881.645
   52     14       (11.722, -9.333, 20.876, -0.364, -0.411, 0.833, 0.062)      0      0 -1322.59421     0   5.000   -1.000 lightdock_14.pdb      0 -881.725
   40     15          (3.573, 27.072, 11.484, 0.168, 0.766, 0.555, 0.278)      0      0 -1322.43939     1   5.000   -1.000 lightdock_15.pdb      0 -881.748
  105     19         (5.491, 1.772, -19.665, 0.164, 0.741, 0.408, -0.508)      0      0 -1322.64181     0   5.000   -1.000 lightdock_19.pdb      0 -881.761
  219     18        (-24.111, 1.751, 3.015, 0.647, -0.577, -0.498, 0.023)      0      0 -1322.06545     3   5.000   -1.000 lightdock_18.pdb      0 -881.768
  119     19      (0.537, 28.069, -13.801, -0.306, -0.556, -0.766, 0.105)      0      0 -1322.68592     0   5.000   -1.000 lightdock_19.pdb      0 -881.791
   35     13        (-5.756, -28.171, -9.515, 0.258, 0.938, 0.080, 0.217)      0      0 -1322.69992     0   5.000   -1.000 lightdock_13.pdb      0 -881.798
  155      9         (13.749, -24.135, 8.907, 0.363, 0.580, 0.637, 0.356)      0      0 -1319.96559     8   2.040   -1.000  lightdock_9.pdb      0 -881.819
  188     21     (-17.013, -0.767, -13.234, 0.841, -0.122, 0.199, -0.488)      0      0 -1322.74537     0   5.000   -1.000 lightdock_21.pdb      0 -881.830
   49     13      (23.584, -13.121, -2.905, 0.954, -0.195, 0.088, -0.211)      0      0 -1322.79752     0   5.000   -1.000 lightdock_13.pdb      0 -881.865
  206      6     (19.527, -8.544, -13.510, -0.018, -0.115, 0.759, -0.640)      0      0 -1322.80676     0   5.000   -1.000  lightdock_6.pdb      0 -881.871
   88      0       (19.503, 20.171, 2.951, -0.837, -0.494, 0.003, -0.233)      0      0 -1322.81887     0   5.000   -1.000  lightdock_0.pdb      0 -881.879
  205     15         (-14.084, 19.730, 0.066, 0.489, 0.783, 0.381, 0.042)      0      0 -1322.82141     0   5.000   -1.000 lightdock_15.pdb      0 -881.881
   26     18       (16.501, -13.106, 0.068, -0.256, -0.676, 0.384, 0.574)      0      0 -1322.90317     0   5.000   -1.000 lightdock_18.pdb      0 -881.935
  207     18           (28.553, 6.794, 3.747, 0.249, 0.110, 0.898, 0.347)      0      0 -1321.64095     3   5.000   -1.000 lightdock_18.pdb      0 -881.938
  148     21      (16.693, -22.748, 4.649, 0.865, -0.162, -0.063, -0.470)      0      0 -1322.02936     1   5.000   -1.000 lightdock_21.pdb      0 -881.940
  212      1         (9.114, 24.425, -8.109, 0.757, 0.644, 0.095, -0.064)      0      0 -1320.86284     1   5.000   -1.000  lightdock_1.pdb      0 -881.956
   35      9        (-5.463, -28.151, -9.888, 0.258, 0.938, 0.080, 0.217)      0      0 -1324.23995     1   5.000   -1.000  lightdock_9.pdb      0 -881.971
   18      6      (9.283, 31.385, -10.217, 0.552, -0.199, -0.629, -0.511)      0      0 -1323.03892     0   5.000   -1.000  lightdock_6.pdb      0 -882.026
  172     15         (3.145, 26.096, 2.320, -0.625, 0.417, -0.492, 0.439)      0      0 -1323.13399     1   5.000   -1.000 lightdock_15.pdb      0 -882.042
   93     17        (5.658, 1.362, 25.203, -0.123, -0.897, 0.423, -0.041)      0      0 -1325.06579     1   5.000   -1.000 lightdock_17.pdb      0 -882.100
   39     17     (-24.721, 13.487, -11.515, -0.286, 0.136, 0.220, -0.923)      0      0 -1323.75718     4   5.000   -1.000 lightdock_17.pdb      0 -882.138
   37     16       (-17.692, 8.556, 15.234, 0.226, -0.606, 0.570, -0.507)      0      0 -1325.62676     4   5.000   -1.000 lightdock_16.pdb      0 -882.140
  188      6     (-17.126, -1.193, -13.439, 0.841, -0.122, 0.199, -0.488)      0      0 -1324.29656     1   5.000   -1.000  lightdock_6.pdb      0 -882.161
   23     18       (-0.346, 24.267, 1.499, -0.169, 0.888, -0.322, -0.281)      0      0 -1323.24361     0   5.000   -1.000 lightdock_18.pdb      0 -882.162
  177     24     (-0.032, -26.020, 11.816, 0.570, -0.821, -0.041, -0.014)      0      0 -1323.24722     0   5.000   -1.000 lightdock_24.pdb      0 -882.165
   70      1          (6.285, -23.959, 2.073, 0.809, 0.186, 0.554, 0.070)      0      0 -1323.42078     1   5.000   -1.000  lightdock_1.pdb      0 -882.211
  193     23        (15.667, 4.940, -7.829, -0.184, 0.195, -0.506, 0.820)      0      0 -1323.36804     0   5.000   -1.000 lightdock_23.pdb      0 -882.245
  111      4       (11.303, -10.822, 26.556, 0.087, -0.255, 0.141, 0.953)      0      0 -1323.73249     2   5.000   -1.000  lightdock_4.pdb      0 -882.262
   87     15      (18.788, -5.713, -8.061, -0.399, 0.090, -0.780, -0.474)      0      0 -1324.51202     2   5.000   -1.000 lightdock_15.pdb      0 -882.277
   93     15      (12.972, -5.192, 25.627, 0.720, -0.151, -0.619, -0.275)      0      0 -1324.16900     1   5.000   -1.000 lightdock_15.pdb      0 -882.295
  141     24    (10.776, -12.227, -16.363, 0.114, -0.875, -0.139, -0.450)      0      0 -1323.49869     0   5.000   -1.000 lightdock_24.pdb      0 -882.332
   71      4        (-23.180, 4.166, 2.676, -0.210, 0.388, -0.304, 0.844)      0      0 -1324.76505     1   5.000   -1.000  lightdock_4.pdb      0 -882.391
   87     10      (18.840, -5.583, -8.054, -0.399, 0.090, -0.780, -0.474)      0      0 -1323.59037     0   5.000   -1.000 lightdock_10.pdb      0 -882.391
   16     16       (10.882, -17.310, 22.434, 0.323, 0.523, 0.357, -0.703)      0      0 -1322.54216     5   5.000   -1.000 lightdock_16.pdb      0 -882.412
   63      1     (-2.293, 23.073, -14.984, -0.089, -0.056, -0.462, 0.881)      0      0 -1323.64618     0   5.000   -1.000  lightdock_1.pdb      0 -882.431
   36     11     (-11.863, -6.175, -3.014, 0.269, -0.770, -0.381, -0.434)      0      0 -1336.27462     2   5.000   -1.000 lightdock_11.pdb      0 -882.454
   39      1     (-24.484, 13.838, -11.634, -0.286, 0.136, 0.220, -0.923)      0      0 -1323.29083     3   5.000   -1.000  lightdock_1.pdb      0 -882.479
   35     23     (-10.878, -20.336, 3.309, -0.393, -0.489, -0.727, 0.279)      0      0 -1323.73465     0   5.000   -1.000 lightdock_23.pdb      0 -882.490
  213     10     (-25.431, -6.467, -6.529, -0.398, 0.883, -0.032, -0.247)      0      0 -1325.35794     1   5.000   -1.000 lightdock_10.pdb      0 -882.506
   97     14    (-15.026, -12.167, 23.156, -0.316, -0.407, 0.697, -0.498)      0      0 -1324.50804     2   5.000   -1.000 lightdock_14.pdb      0 -882.513
  219      9        (-23.893, 1.764, 3.010, 0.647, -0.577, -0.498, 0.023)      0      0 -1322.42789     5   5.000   -1.000  lightdock_9.pdb      0 -882.526
   97      3    (-14.832, -12.245, 23.206, -0.316, -0.407, 0.697, -0.498)      0      0 -1323.85469     0   5.000   -1.000  lightdock_3.pdb      0 -882.559
   97     15    (-14.815, -12.048, 23.366, -0.316, -0.407, 0.697, -0.498)      0      0 -1324.34939     1   5.000   -1.000 lightdock_15.pdb      0 -882.559
  138      5      (-2.711, 6.309, -12.392, 0.079, -0.253, -0.936, -0.232)      0      0 -1323.86345     0   5.000   -1.000  lightdock_5.pdb      0 -882.576
  105     11      (0.155, -8.540, -21.887, -0.261, 0.728, -0.283, -0.568)      0      0 -1318.30084     2   5.000   -1.000 lightdock_11.pdb      0 -882.577
   98      4      (11.437, 12.438, -15.830, 0.041, 0.263, -0.956, -0.119)      0      0 -1323.86695     0   5.000   -1.000  lightdock_4.pdb      0 -882.578
  155     20         (13.765, -24.248, 8.996, 0.363, 0.580, 0.637, 0.356)      0      0 -1320.39349    10   2.200   -1.000 lightdock_20.pdb      0 -882.582
   43     16       (1.726, -11.973, 19.129, -0.345, -0.286, 0.885, 0.124)      0      0 -1323.88279     0   5.000   -1.000 lightdock_16.pdb      0 -882.589
   23      5        (0.126, 24.233, 1.495, -0.169, 0.888, -0.322, -0.281)      0      0 -1325.07683     1   5.000   -1.000  lightdock_5.pdb      0 -882.608
  173     23       (-28.379, 7.869, 2.680, -0.767, 0.622, -0.002, -0.157)      0      0 -1323.22692     2   5.000   -1.000 lightdock_23.pdb      0 -882.627
   37     22       (-17.828, 8.713, 15.080, 0.226, -0.606, 0.570, -0.507)      0      0 -1326.27814     5   5.000   -1.000 lightdock_22.pdb      0 -882.701
  145     10        (9.432, 21.087, -11.938, 0.171, 0.228, 0.503, -0.816)      0      0 -1324.05831     0   5.000   -1.000 lightdock_10.pdb      0 -882.705
   35     18        (-6.018, -28.111, -9.579, 0.258, 0.938, 0.080, 0.217)      0      0 -1325.05218     2   5.000   -1.000 lightdock_18.pdb      0 -882.718
   93     20      (12.917, -5.147, 25.651, 0.720, -0.151, -0.619, -0.275)      0      0 -1324.08135     0   5.000   -1.000 lightdock_20.pdb      0 -882.721
   93     21        (5.420, 1.636, 25.350, -0.123, -0.897, 0.423, -0.041)      0      0 -1326.90137     3   5.000   -1.000 lightdock_21.pdb      0 -882.737
  219      6        (-23.906, 1.764, 3.010, 0.647, -0.577, -0.498, 0.023)      0      0 -1322.27218     4   5.000   -1.000  lightdock_6.pdb      0 -882.750
  148     12        (16.807, -15.402, 6.472, 0.232, 0.318, 0.914, -0.102)      0      0 -1324.16090     0   5.000   -1.000 lightdock_12.pdb      0 -882.774
   43      9       (1.712, -12.035, 18.704, -0.345, -0.286, 0.885, 0.124)      0      0 -1325.15649     1   5.000   -1.000  lightdock_9.pdb      0 -882.853
   93     19        (5.319, 1.759, 25.411, -0.123, -0.897, 0.423, -0.041)      0      0 -1325.13899     2   5.000   -1.000 lightdock_19.pdb      0 -882.891
   37     24       (-17.446, 8.261, 15.455, 0.226, -0.606, 0.570, -0.507)      0      0 -1323.14944     3   5.000   -1.000 lightdock_24.pdb      0 -882.900
   48      0        (16.999, 23.053, -9.402, 0.541, 0.676, 0.109, -0.488)      0      0 -1323.57005     2   5.000   -1.000  lightdock_0.pdb      0 -882.937
  124      9        (-5.692, 15.242, 10.641, -0.480, 0.314, 0.789, 0.219)      0      0 -1324.40606     0   5.000   -1.000  lightdock_9.pdb      0 -882.937
   93      4        (5.617, 1.410, 25.228, -0.123, -0.897, 0.423, -0.041)      0      0 -1324.63677     0   5.000   -1.000  lightdock_4.pdb      0 -882.948
  205     11         (-14.124, 19.781, 0.069, 0.489, 0.783, 0.381, 0.042)      0      0 -1324.64340     1   5.000   -1.000 lightdock_11.pdb      0 -882.976
  177      4     (-0.091, -26.320, 11.936, 0.570, -0.821, -0.041, -0.014)      0      0 -1325.11101     1   5.000   -1.000  lightdock_4.pdb      0 -883.007
  154      6     (-23.260, 2.231, -17.698, -0.400, -0.602, 0.651, -0.231)      0      0 -1328.54402     1   5.000   -1.000  lightdock_6.pdb      0 -883.088
   87      2      (18.665, -6.021, -8.077, -0.399, 0.090, -0.780, -0.474)      0      0 -1324.17019     1   5.000   -1.000  lightdock_2.pdb      0 -883.107
  213     19     (-25.286, -6.279, -6.398, -0.398, 0.883, -0.032, -0.247)      0      0 -1324.70011     0   5.000   -1.000 lightdock_19.pdb      0 -883.133
   41      9      (27.193, -2.966, 8.262, -0.320, -0.192, -0.922, -0.104)      0      0 -1324.71890     0   5.000   -1.000  lightdock_9.pdb      0 -883.146
  173     15       (-28.548, 7.874, 2.148, -0.767, 0.622, -0.002, -0.157)      0      0 -1324.77967     3   5.000   -1.000 lightdock_15.pdb      0 -883.151
  145     15        (9.695, 21.228, -12.152, 0.171, 0.228, 0.503, -0.816)      0      0 -1326.08670     1   5.000   -1.000 lightdock_15.pdb      0 -883.153
  173     21       (-28.702, 7.741, 1.706, -0.767, 0.622, -0.002, -0.157)      0      0 -1324.79316     4   5.000   -1.000 lightdock_21.pdb      0 -883.286
  169      9     (-19.441, -17.256, 12.446, 0.515, -0.307, -0.100, 0.794)      0      0 -1322.98604     3   5.000   -1.000  lightdock_9.pdb      0 -883.288
  211     15       (-8.620, -17.474, 22.422, 0.182, -0.382, 0.905, 0.037)      0      0 -1326.20983     1   5.000   -1.000 lightdock_15.pdb      0 -883.314
  205     17      (-20.474, 18.098, -4.568, 0.504, 0.324, -0.317, -0.735)      0      0 -1325.50225     1   5.000   -1.000 lightdock_17.pdb      0 -883.317
  205      7      (-20.675, 17.654, -4.624, 0.504, 0.324, -0.317, -0.735)      0      0 -1325.15096     0   5.000   -1.000  lightdock_7.pdb      0 -883.329
   12     23       (16.141, 11.599, -17.431, 0.061, -0.464, 0.184, 0.865)      0      0 -1326.64243     1   5.000   -1.000 lightdock_23.pdb      0 -883.362
  175      6    (-12.137, 26.450, -7.854, -0.709, -0.476, -0.367, -0.369)      0      0 -1323.76215     4   5.000   -1.000  lightdock_6.pdb      0 -883.407
   35     19     (-10.818, -20.169, 3.228, -0.393, -0.489, -0.727, 0.279)      0      0 -1325.81582     1   5.000   -1.000 lightdock_19.pdb      0 -883.459
   73     20      (-6.485, -7.446, 23.543, 0.190, -0.824, -0.419, -0.329)      0      0 -1325.20164     0   5.000   -1.000 lightdock_20.pdb      0 -883.468
   17     17     (22.627, -2.941, 15.939, -0.289, -0.127, -0.729, -0.607)      0      0 -1325.21492     0   5.000   -1.000 lightdock_17.pdb      0 -883.477
   88      8       (19.378, 20.068, 2.933, -0.837, -0.494, 0.003, -0.233)      0      0 -1324.21160     1   5.000   -1.000  lightdock_8.pdb      0 -883.499
    2      6     (-11.604, 22.401, 5.784, -0.319, -0.857, -0.404, -0.003)      0      0 -1330.91721     6   4.520   -1.000  lightdock_6.pdb      0 -883.516
  108     19        (3.618, -18.623, 2.468, 0.171, -0.183, 0.906, -0.341)      0      0 -1325.27570     0   5.000   -1.000 lightdock_19.pdb      0 -883.517
   19     13       (-1.691, 21.483, -10.315, -0.494, 0.776, 0.071, 0.385)      0      0 -1325.32376     0   5.000   -1.000 lightdock_13.pdb      0 -883.549
   57      5     (-2.051, 34.334, -10.667, 0.834, -0.280, -0.316, -0.356)      0      0 -1325.35579     0   5.000   -1.000  lightdock_5.pdb      0 -883.571
  173     18       (-28.504, 7.583, 2.382, -0.767, 0.622, -0.002, -0.157)      0      0 -1325.36793     6   4.680   -1.000 lightdock_18.pdb      0 -883.573
  188     15     (-17.002, -0.725, -13.214, 0.841, -0.122, 0.199, -0.488)      0      0 -1324.50740     2   5.000   -1.000 lightdock_15.pdb      0 -883.660
  194      1        (-19.269, 20.890, 7.021, 0.235, 0.234, 0.840, -0.429)      0      0 -1325.97613     1   5.000   -1.000  lightdock_1.pdb      0 -883.685
  211     18       (-8.689, -17.298, 22.817, 0.182, -0.382, 0.905, 0.037)      0      0 -1325.59226     0   5.000   -1.000 lightdock_18.pdb      0 -883.727
  219      0        (-24.038, 1.878, 2.995, 0.647, -0.577, -0.498, 0.023)      0      0 -1322.85249     6   4.920   -1.000  lightdock_0.pdb      0 -883.744
   62     19      (13.814, -12.940, -8.220, -0.888, 0.188, 0.125, -0.401)      0      0 -1325.67207     0   5.000   -1.000 lightdock_19.pdb      0 -883.781
  170      1      (-16.876, 24.905, 5.908, -0.359, 0.742, -0.455, -0.338)      0      0 -1326.71758     2   5.000   -1.000  lightdock_1.pdb      0 -883.815
   18     23      (9.162, 31.271, -10.218, 0.552, -0.199, -0.629, -0.511)      0      0 -1324.58063     2   5.000   -1.000 lightdock_23.pdb      0 -883.860
  198     10        (7.920, 17.737, 20.843, -0.223, -0.309, 0.442, 0.812)      0      0 -1325.81829     0   5.000   -1.000 lightdock_10.pdb      0 -883.879
   12     10       (16.078, 11.673, -16.974, 0.061, -0.464, 0.184, 0.865)      0      0 -1325.87802     0   5.000   -1.000 lightdock_10.pdb      0 -883.919
   23     19       (-0.690, 24.288, 1.487, -0.169, 0.888, -0.322, -0.281)      0      0 -1325.63968     2   5.000   -1.000 lightdock_19.pdb      0 -883.931
  154     17     (-23.249, 2.279, -17.623, -0.400, -0.602, 0.651, -0.231)      0      0 -1327.52961     0   5.000   -1.000 lightdock_17.pdb      0 -883.934
  167     18        (13.929, -12.236, 21.441, 0.035, 0.849, 0.014, 0.528)      0      0 -1325.93043     0   5.000   -1.000 lightdock_18.pdb      0 -883.954
  173      1       (-28.422, 7.972, 2.511, -0.767, 0.622, -0.002, -0.157)      0      0 -1325.19367     5   5.000   -1.000  lightdock_1.pdb      0 -883.956
   16      8     (12.898, -14.288, 18.211, -0.690, -0.458, -0.380, 0.412)      0      0 -1325.95038     0   5.000   -1.000  lightdock_8.pdb      0 -883.967
  194     12        (-19.408, 20.870, 7.147, 0.235, 0.234, 0.840, -0.429)      0      0 -1325.97044     0   5.000   -1.000 lightdock_12.pdb      0 -883.980
  204     16         (1.951, 5.318, -20.324, 0.538, 0.758, -0.342, 0.139)      0      0 -1325.97840     0   5.000   -1.000 lightdock_16.pdb      0 -883.986
   43     22       (1.727, -11.967, 19.172, -0.345, -0.286, 0.885, 0.124)      0      0 -1325.44712     2   5.000   -1.000 lightdock_22.pdb      0 -883.987
   87     24      (18.748, -5.821, -8.069, -0.399, 0.090, -0.780, -0.474)      0      0 -1325.89777     3   5.000   -1.000 lightdock_24.pdb      0 -884.007
   12     21       (16.151, 11.554, -17.394, 0.061, -0.464, 0.184, 0.865)      0      0 -1326.80576     2   5.000   -1.000 lightdock_21.pdb      0 -884.014
  170     17      (-16.717, 24.978, 5.470, -0.359, 0.742, -0.455, -0.338)      0      0 -1326.03473     0   5.000   -1.000 lightdock_17.pdb      0 -884.022
   52      7       (19.869, -9.346, 9.347, -0.715, 0.235, -0.520, -0.403)      0      0 -1326.18152     0   5.000   -1.000  lightdock_7.pdb      0 -884.121
   16      6       (10.868, -17.237, 22.366, 0.323, 0.523, 0.357, -0.703)      0      0 -1323.74840     6   4.920   -1.000  lightdock_6.pdb      0 -884.128
   18     24      (9.162, 31.274, -10.213, 0.552, -0.199, -0.629, -0.511)      0      0 -1324.75569     3   5.000   -1.000 lightdock_24.pdb      0 -884.135
  170     16      (-16.558, 25.027, 5.082, -0.359, 0.742, -0.455, -0.338)      0      0 -1326.88045     3   4.600   -1.000 lightdock_16.pdb      0 -884.136
  205      3         (-13.830, 19.406, 0.051, 0.489, 0.783, 0.381, 0.042)      0      0 -1325.72103     2   5.000   -1.000  lightdock_3.pdb      0 -884.144
   97     11    (-14.776, -12.505, 23.037, -0.316, -0.407, 0.697, -0.498)      0      0 -1325.30179     3   5.000   -1.000 lightdock_11.pdb      0 -884.160
  150      7       (5.388, -16.911, -5.538, 0.479, 0.371, -0.794, -0.055)      0      0 -1327.16325     1   5.000   -1.000  lightdock_7.pdb      0 -884.168
  131     22        (4.573, 1.514, -20.753, -0.895, 0.167, 0.117, -0.395)      0      0 -1326.35172     0   5.000   -1.000 lightdock_22.pdb      0 -884.234
   87      4      (18.599, -6.188, -8.086, -0.399, 0.090, -0.780, -0.474)      0      0 -1326.06570     4   5.000   -1.000  lightdock_4.pdb      0 -884.243
   85      0       (-22.266, 0.787, -0.220, -0.377, 0.294, -0.590, 0.650)      0      0 -1326.40287     0   5.000   -1.000  lightdock_0.pdb      0 -884.269
  161      7       (-9.701, 20.008, 9.351, -0.103, -0.976, 0.051, -0.184)      0      0 -1327.78356     1   5.000   -1.000  lightdock_7.pdb      0 -884.278
  181     18    (-12.028, -23.862, 10.546, 0.090, -0.356, -0.785, -0.498)      0      0 -1329.56452     1   5.000   -1.000 lightdock_18.pdb      0 -884.292
  213     22      (-22.662, 4.483, -11.425, -0.648, -0.376, 0.377, 0.545)      0      0 -1329.47997     1   5.000   -1.000 lightdock_22.pdb      0 -884.333
  205     13      (-20.616, 17.792, -4.606, 0.504, 0.324, -0.317, -0.735)      0      0 -1326.66674     2   5.000   -1.000 lightdock_13.pdb      0 -884.360
  150     20       (5.383, -16.538, -5.507, 0.479, 0.371, -0.794, -0.055)      0      0 -1326.54357     0   5.000   -1.000 lightdock_20.pdb      0 -884.362
  194      8        (-19.010, 20.928, 6.786, 0.235, 0.234, 0.840, -0.429)      0      0 -1327.71243     3   5.000   -1.000  lightdock_8.pdb      0 -884.379
  204      6         (2.037, 5.330, -20.349, 0.538, 0.758, -0.342, 0.139)      0      0 -1326.51472     1   5.000   -1.000  lightdock_6.pdb      0 -884.384
  213     14     (-25.138, -6.086, -6.265, -0.398, 0.883, -0.032, -0.247)      0      0 -1325.95927     2   5.000   -1.000 lightdock_14.pdb      0 -884.395
  119     23      (0.614, 27.980, -13.857, -0.306, -0.556, -0.766, 0.105)      0      0 -1325.43220     1   5.000   -1.000 lightdock_23.pdb      0 -884.468
  146      4        (21.260, 6.175, -5.306, 0.654, -0.513, -0.440, 0.340)      0      0 -1326.70435     0   5.000   -1.000  lightdock_4.pdb      0 -884.470
   93     18      (12.716, -4.982, 25.739, 0.720, -0.151, -0.619, -0.275)      0      0 -1325.23759     2   5.000   -1.000 lightdock_18.pdb      0 -884.484
  170     13      (-16.745, 24.970, 5.538, -0.359, 0.742, -0.455, -0.338)      0      0 -1326.34757     1   5.000   -1.000 lightdock_13.pdb      0 -884.488
  194     17        (-19.614, 20.841, 7.333, 0.235, 0.234, 0.840, -0.429)      0      0 -1326.44408     2   5.000   -1.000 lightdock_17.pdb      0 -884.489
   40     10        (-2.501, 26.475, 9.059, 0.705, 0.265, -0.467, -0.462)      0      0 -1326.74139     0   5.000   -1.000 lightdock_10.pdb      0 -884.494
  138     14      (-6.032, 2.308, -25.699, 0.164, -0.923, -0.072, -0.342)      0      0 -1326.78563     0   5.000   -1.000 lightdock_14.pdb      0 -884.524
  143     19        (14.113, -15.967, -2.339, 0.486, 0.634, 0.595, 0.083)      0      0 -1326.81809     0   5.000   -1.000 lightdock_19.pdb      0 -884.545
  177      2       (-7.400, -26.376, 10.074, -0.515, 0.515, 0.534, 0.431)      0      0 -1326.85753     0   5.000   -1.000  lightdock_2.pdb      0 -884.572
  204      0         (1.745, 5.291, -20.263, 0.538, 0.758, -0.342, 0.139)      0      0 -1327.28765     2   5.000   -1.000  lightdock_0.pdb      0 -884.600
  170     11      (-16.571, 25.020, 5.120, -0.359, 0.742, -0.455, -0.338)      0      0 -1326.96716     4   5.000   -1.000 lightdock_11.pdb      0 -884.618
  133     14         (-18.472, 13.790, 1.624, 0.037, 0.213, 0.820, 0.530)      0      0 -1326.94202     0   5.000   -1.000 lightdock_14.pdb      0 -884.628
  213      0      (-22.382, 4.227, -11.567, -0.648, -0.376, 0.377, 0.545)      0      0 -1326.95616     0   5.000   -1.000  lightdock_0.pdb      0 -884.637
  177     16      (0.002, -25.862, 11.749, 0.570, -0.821, -0.041, -0.014)      0      0 -1325.54927     2   5.000   -1.000 lightdock_16.pdb      0 -884.657
  170     23      (-16.788, 24.935, 5.685, -0.359, 0.742, -0.455, -0.338)      0      0 -1327.59563     5   5.000   -1.000 lightdock_23.pdb      0 -884.694
   87      9      (18.565, -6.274, -8.091, -0.399, 0.090, -0.780, -0.474)      0      0 -1326.33632     5   5.000   -1.000  lightdock_9.pdb      0 -884.732
   85     11       (-22.270, 0.849, -0.237, -0.377, 0.294, -0.590, 0.650)      0      0 -1326.68855     1   5.000   -1.000 lightdock_11.pdb      0 -884.744
   97     22    (-14.874, -12.565, 22.936, -0.316, -0.407, 0.697, -0.498)      0      0 -1326.05260     4   5.000   -1.000 lightdock_22.pdb      0 -884.755
  150     12        (1.576, -21.304, -6.145, 0.730, 0.179, -0.599, 0.276)      0      0 -1324.76169     2   5.000   -1.000 lightdock_12.pdb      0 -884.790
  190     21       (-11.813, 13.704, 9.190, 0.060, -0.624, 0.697, -0.348)      0      0 -1327.25386     0   5.000   -1.000 lightdock_21.pdb      0 -884.836
  123     20         (17.675, 5.099, 15.917, -0.759, 0.297, 0.421, 0.398)      0      0 -1324.68047     2   5.000   -1.000 lightdock_20.pdb      0 -884.836
  211      4       (-8.673, -17.308, 22.777, 0.182, -0.382, 0.905, 0.037)      0      0 -1327.22856     3   5.000   -1.000  lightdock_4.pdb      0 -884.836
  104     15       (0.178, -23.834, 11.434, 0.674, -0.309, 0.017, -0.671)      0      0 -1327.26237     0   5.000   -1.000 lightdock_15.pdb      0 -884.842
  133     10      (-11.551, 17.936, 10.352, -0.240, 0.071, 0.771, -0.585)      0      0 -1327.27383     0   5.000   -1.000 lightdock_10.pdb      0 -884.849
   48      4       (13.948, 27.939, -5.143, -0.793, 0.279, -0.001, 0.542)      0      0 -1327.28574     0   5.000   -1.000  lightdock_4.pdb      0 -884.857
  211     24       (-8.753, -17.134, 23.184, 0.182, -0.382, 0.905, 0.037)      0      0 -1326.77273     2   5.000   -1.000 lightdock_24.pdb      0 -884.871
  141     21    (10.607, -12.446, -16.680, 0.114, -0.875, -0.139, -0.450)      0      0 -1325.40630     1   5.000   -1.000 lightdock_21.pdb      0 -884.922
  161      6       (-9.389, 19.995, 9.406, -0.103, -0.976, 0.051, -0.184)      0      0 -1327.41007     0   5.000   -1.000  lightdock_6.pdb      0 -884.940
  183      7      (-15.069, -1.362, 16.080, -0.805, -0.493, 0.327, 0.051)      0      0 -1327.43156     0   5.000   -1.000  lightdock_7.pdb      0 -884.954
   48      1       (14.216, 27.877, -5.078, -0.793, 0.279, -0.001, 0.542)      0      0 -1327.69830     1   5.000   -1.000  lightdock_1.pdb      0 -884.981
  154      5     (-23.195, 2.524, -17.239, -0.400, -0.602, 0.651, -0.231)      0      0 -1330.41772     3   5.000   -1.000  lightdock_5.pdb      0 -884.987
  154     20     (-23.193, 2.417, -17.351, -0.400, -0.602, 0.651, -0.231)      0      0 -1330.55107     4   5.000   -1.000 lightdock_20.pdb      0 -884.994
  203     24         (13.426, 10.622, 6.898, 0.229, 0.034, -0.317, 0.920)      0      0 -1327.51072     0   5.000   -1.000 lightdock_24.pdb      0 -885.007
  154     12     (-23.387, 2.092, -18.119, -0.400, -0.602, 0.651, -0.231)      0      0 -1330.83670     5   5.000   -1.000 lightdock_12.pdb      0 -885.034
  145      6        (9.184, 20.954, -11.738, 0.171, 0.228, 0.503, -0.816)      0      0 -1327.43137     2   5.000   -1.000  lightdock_6.pdb      0 -885.086
   73     21      (-6.449, -7.614, 23.580, 0.190, -0.824, -0.419, -0.329)      0      0 -1327.09868     1   5.000   -1.000 lightdock_21.pdb      0 -885.095
   52      0       (11.728, -9.346, 20.866, -0.364, -0.411, 0.833, 0.062)      0      0 -1325.56306     1   5.000   -1.000  lightdock_0.pdb      0 -885.113
   48     17       (14.313, 27.853, -5.059, -0.793, 0.279, -0.001, 0.542)      0      0 -1328.18120     2   5.000   -1.000 lightdock_17.pdb      0 -885.184
  179     22      (19.801, 21.073, -13.876, 0.450, -0.589, 0.058, -0.668)      0      0 -1327.78263     0   5.000   -1.000 lightdock_22.pdb      0 -885.188
  196      4       (3.578, -16.940, 17.999, 0.311, -0.693, 0.237, -0.606)      0      0 -1328.26018     1   5.000   -1.000  lightdock_4.pdb      0 -885.220
   93      2         (6.416, -3.314, 26.442, 0.770, 0.463, -0.422, 0.120)      0      0 -1327.85192     0   5.000   -1.000  lightdock_2.pdb      0 -885.235
  190     18       (-11.530, 13.422, 9.229, 0.060, -0.624, 0.697, -0.348)      0      0 -1329.21161     2   5.000   -1.000 lightdock_18.pdb      0 -885.240
  204     15         (1.336, 5.240, -20.149, 0.538, 0.758, -0.342, 0.139)      0      0 -1328.35360     3   5.000   -1.000 lightdock_15.pdb      0 -885.244
   18      2      (9.253, 31.357, -10.217, 0.552, -0.199, -0.629, -0.511)      0      0 -1325.21495     4   5.000   -1.000  lightdock_2.pdb      0 -885.286
  125      4      (-20.717, -15.677, 4.485, -0.446, 0.766, 0.194, -0.421)      0      0 -1333.41835     1   5.000   -1.000  lightdock_4.pdb      0 -885.295
  122     20        (11.557, -10.029, 26.506, 0.165, 0.143, 0.425, 0.879)      0      0 -1328.02289     0   5.000   -1.000 lightdock_20.pdb      0 -885.330
   44     10        (24.671, 14.732, 9.019, -0.504, 0.083, -0.276, 0.814)      0      0 -1328.05931     0   5.000   -1.000 lightdock_10.pdb      0 -885.366
   25     10       (-0.804, 2.754, 23.849, 0.186, -0.729, -0.514, -0.412)      0      0 -1328.10410     0   5.000   -1.000 lightdock_10.pdb      0 -885.403
   64     15     (-22.721, 6.698, -10.122, 0.150, -0.843, -0.516, -0.018)      0      0 -1328.14090     0   5.000   -1.000 lightdock_15.pdb      0 -885.427
   66     14     (16.575, 20.479, -10.485, -0.193, -0.015, -0.969, 0.156)      0      0 -1328.17319     0   5.000   -1.000 lightdock_14.pdb      0 -885.449
  196     14       (3.470, -16.996, 18.082, 0.311, -0.693, 0.237, -0.606)      0      0 -1328.18930     0   5.000   -1.000 lightdock_14.pdb      0 -885.460
  181     12    (-11.846, -23.614, 10.759, 0.090, -0.356, -0.785, -0.498)      0      0 -1328.20323     0   5.000   -1.000 lightdock_12.pdb      0 -885.469
   64     24      (-22.652, 6.628, -9.679, 0.150, -0.843, -0.516, -0.018)      0      0 -1329.46151     1   5.000   -1.000 lightdock_24.pdb      0 -885.481
   63     18     (-2.109, 22.954, -14.878, -0.089, -0.056, -0.462, 0.881)      0      0 -1326.25799     2   5.000   -1.000 lightdock_18.pdb      0 -885.510
  162      1       (14.733, 15.017, 13.881, -0.486, 0.238, 0.800, -0.260)      0      0 -1331.62875     1   5.000   -1.000  lightdock_1.pdb      0 -885.600
  122      1        (11.112, -10.128, 26.437, 0.165, 0.143, 0.425, 0.879)      0      0 -1329.53497     1   5.000   -1.000  lightdock_1.pdb      0 -885.635
   44     17        (24.592, 14.447, 9.386, -0.504, 0.083, -0.276, 0.814)      0      0 -1328.82433     1   5.000   -1.000 lightdock_17.pdb      0 -885.636
  125     22      (-20.713, -15.504, 4.059, -0.446, 0.766, 0.194, -0.421)      0      0 -1333.13641     0   5.000   -1.000 lightdock_22.pdb      0 -885.654
  163     22      (-10.037, 19.253, -10.961, -0.339, 0.899, 0.085, 0.264)      0      0 -1328.65427     0   5.000   -1.000 lightdock_22.pdb      0 -885.770
  200      9     (2.977, -18.866, 11.276, -0.875, -0.256, -0.388, -0.133)      0      0 -1328.66816     0   5.000   -1.000  lightdock_9.pdb      0 -885.779
  162     12       (14.731, 15.018, 13.884, -0.486, 0.238, 0.800, -0.260)      0      0 -1329.62683     0   5.000   -1.000 lightdock_12.pdb      0 -885.783
   12     12       (16.072, 11.683, -16.938, 0.061, -0.464, 0.184, 0.865)      0      0 -1327.34220     3   5.000   -1.000 lightdock_12.pdb      0 -885.824
   48     12       (13.796, 27.975, -5.180, -0.793, 0.279, -0.001, 0.542)      0      0 -1328.45405     3   5.000   -1.000 lightdock_12.pdb      0 -885.867
  190      7       (-11.937, 13.827, 9.261, 0.060, -0.624, 0.697, -0.348)      0      0 -1328.78184     1   5.000   -1.000  lightdock_7.pdb      0 -885.867
   14     17         (6.793, 27.552, -1.807, 0.312, 0.324, -0.449, 0.772)      0      0 -1328.84416     0   5.000   -1.000 lightdock_17.pdb      0 -885.896
  108      6        (3.394, -18.747, 2.677, 0.171, -0.183, 0.906, -0.341)      0      0 -1327.17328     1   5.000   -1.000  lightdock_6.pdb      0 -885.932
   60      0         (23.960, 12.409, -3.775, 0.019, 0.218, 0.626, 0.749)      0      0 -1331.16912     2   5.000   -1.000  lightdock_0.pdb      0 -885.976
  211     19       (-8.697, -17.277, 22.863, 0.182, -0.382, 0.905, 0.037)      0      0 -1327.91675     4   5.000   -1.000 lightdock_19.pdb      0 -885.994
  153     23      (-19.488, -13.415, 12.942, -0.001, 0.537, 0.717, 0.444)      0      0 -1329.01663     0   5.000   -1.000 lightdock_23.pdb      0 -886.011
   64      8     (-22.784, 6.721, -10.476, 0.150, -0.843, -0.516, -0.018)      0      0 -1329.69384     3   5.000   -1.000  lightdock_8.pdb      0 -886.044
  143     14        (13.954, -16.104, -2.190, 0.486, 0.634, 0.595, 0.083)      0      0 -1329.19578     1   5.000   -1.000 lightdock_14.pdb      0 -886.117
   66     20     (16.332, 20.409, -10.856, -0.193, -0.015, -0.969, 0.156)      0      0 -1329.23003     1   5.000   -1.000 lightdock_20.pdb      0 -886.178
   67     13    (10.200, 10.453, -16.824, -0.131, -0.688, -0.551, -0.453)      0      0 -1329.31220     0   5.000   -1.000 lightdock_13.pdb      0 -886.208
   93     13         (6.582, -3.346, 26.430, 0.770, 0.463, -0.422, 0.120)      0      0 -1329.60582     1   5.000   -1.000 lightdock_13.pdb      0 -886.208
  179      1      (12.097, 18.027, -14.322, 0.315, -0.503, 0.183, -0.784)      0      0 -1329.36119     0   5.000   -1.000  lightdock_1.pdb      0 -886.241
    4     20       (0.027, 29.508, 9.961, -0.050, -0.663, -0.686, -0.296)      0      0 -1329.38358     0   5.000   -1.000 lightdock_20.pdb      0 -886.256
   44     20        (24.674, 14.743, 9.004, -0.504, 0.083, -0.276, 0.814)      0      0 -1328.95126     2   5.000   -1.000 lightdock_20.pdb      0 -886.265
   23      9        (-5.574, 26.738, 9.526, 0.020, 0.558, -0.704, -0.438)      0      0 -1329.50224     0   5.000   -1.000  lightdock_9.pdb      0 -886.335
  209     22      (18.007, -11.052, 10.157, 0.683, -0.307, 0.652, -0.117)      0      0 -1329.56933     0   5.000   -1.000 lightdock_22.pdb      0 -886.380
   83      8       (21.834, -14.007, 7.582, -0.408, 0.842, -0.093, 0.341)      0      0 -1329.57964     0   5.000   -1.000  lightdock_8.pdb      0 -886.381
  170      2      (-16.775, 25.158, 5.229, -0.359, 0.742, -0.455, -0.338)      0      0 -1328.64895     6   4.760   -1.000  lightdock_2.pdb      0 -886.403
  140      1       (-8.249, 21.574, -2.686, 0.501, 0.603, -0.405, -0.470)      0      0 -1329.60455     0   5.000   -1.000  lightdock_1.pdb      0 -886.403
  219     10      (-14.958, -4.140, 8.742, -0.185, 0.581, -0.067, -0.790)      0      0 -1332.50819     1   5.000   -1.000 lightdock_10.pdb      0 -886.419
  214      5     (-13.644, -18.635, 7.566, -0.100, -0.495, 0.706, -0.496)      0      0 -1329.69107     0   5.000   -1.000  lightdock_5.pdb      0 -886.461
  153      9      (-19.420, -13.679, 12.844, -0.001, 0.537, 0.717, 0.444)      0      0 -1330.12396     1   5.000   -1.000  lightdock_9.pdb      0 -886.482
  140      4      (-10.103, 20.902, -11.594, 0.366, 0.016, 0.150, -0.918)      0      0 -1329.88077     0   5.000   -1.000  lightdock_4.pdb      0 -886.489
   25     16       (-0.818, 2.329, 24.016, 0.186, -0.729, -0.514, -0.412)      0      0 -1329.91527     2   5.000   -1.000 lightdock_16.pdb      0 -886.496
   13      8       (-15.280, -11.336, 4.856, 0.918, 0.187, 0.104, -0.334)      0      0 -1329.85279     0   5.000   -1.000  lightdock_8.pdb      0 -886.569
   68      0     (-3.062, -25.209, -3.850, -0.186, 0.767, -0.580, -0.202)      0      0 -1329.94466     0   5.000   -1.000  lightdock_0.pdb      0 -886.630
   64      4     (-22.716, 6.680, -10.035, 0.150, -0.843, -0.516, -0.018)      0      0 -1329.62024     2   5.000   -1.000  lightdock_4.pdb      0 -886.639
  177      0       (-6.884, -19.960, 12.453, -0.344, 0.602, 0.668, 0.269)      0      0 -1329.97599     0   5.000   -1.000  lightdock_0.pdb      0 -886.651
   63      6     (-11.378, 19.988, -8.335, 0.611, -0.615, -0.389, -0.311)      0      0 -1329.99402     0   5.000   -1.000  lightdock_6.pdb      0 -886.663
  140      5      (-10.111, 20.929, -11.622, 0.366, 0.016, 0.150, -0.918)      0      0 -1330.36366     1   5.000   -1.000  lightdock_5.pdb      0 -886.713
  151     21     (-4.795, -12.067, 21.239, -0.661, -0.023, -0.563, 0.496)      0      0 -1330.07726     0   5.000   -1.000 lightdock_21.pdb      0 -886.718
   60     13         (24.365, 11.937, -4.316, 0.019, 0.218, 0.626, 0.749)      0      0 -1331.08294     1   5.000   -1.000 lightdock_13.pdb      0 -886.719
  187     10        (10.812, -23.924, 21.802, 0.565, 0.541, 0.512, 0.355)      0      0 -1330.08841     0   5.000   -1.000 lightdock_10.pdb      0 -886.726
   41      7          (23.965, 8.731, 7.265, 0.065, 0.481, -0.280, 0.828)      0      0 -1340.75778     1   5.000   -1.000  lightdock_7.pdb      0 -886.733
  122      3        (11.169, -10.177, 26.492, 0.165, 0.143, 0.425, 0.879)      0      0 -1330.41233     2   5.000   -1.000  lightdock_3.pdb      0 -886.737
  190      2       (-12.038, 13.914, 9.308, 0.060, -0.624, 0.697, -0.348)      0      0 -1330.06962     3   5.000   -1.000  lightdock_2.pdb      0 -886.766
  194     19        (-19.495, 20.885, 7.173, 0.235, 0.234, 0.840, -0.429)      0      0 -1330.28447     4   5.000   -1.000 lightdock_19.pdb      0 -886.766
  123      6        (10.105, 5.970, 21.848, 0.172, -0.573, -0.695, 0.399)      0      0 -1330.19671     0   5.000   -1.000  lightdock_6.pdb      0 -886.778
  140     24      (-10.111, 20.927, -11.620, 0.366, 0.016, 0.150, -0.918)      0      0 -1330.42766     2   5.000   -1.000 lightdock_24.pdb      0 -886.780
  153     13      (-19.407, -13.719, 12.830, -0.001, 0.537, 0.717, 0.444)      0      0 -1330.74097     3   5.000   -1.000 lightdock_13.pdb      0 -886.800
   25      2       (-0.805, 2.742, 23.856, 0.186, -0.729, -0.514, -0.412)      0      0 -1329.78841     1   5.000   -1.000  lightdock_2.pdb      0 -886.814
  122      8      (12.685, -16.519, 19.286, 0.850, 0.085, -0.415, -0.314)      0      0 -1330.22404     0   5.000   -1.000  lightdock_8.pdb      0 -886.816
  127     11      (-6.971, 19.437, -2.828, 0.254, -0.204, -0.621, -0.713)      0      0 -1331.98224     1   5.000   -1.000 lightdock_11.pdb      0 -886.828
   14     11         (6.858, 27.446, -2.040, 0.312, 0.324, -0.449, 0.772)      0      0 -1329.63624     1   5.000   -1.000 lightdock_11.pdb      0 -886.879
   44     18        (24.507, 14.601, 9.335, -0.504, 0.083, -0.276, 0.814)      0      0 -1329.97220     3   5.000   -1.000 lightdock_18.pdb      0 -886.880
  125     12      (-20.693, -15.443, 3.916, -0.446, 0.766, 0.194, -0.421)      0      0 -1333.57285     2   5.000   -1.000 lightdock_12.pdb      0 -886.892
  152     22       (24.519, 11.357, 2.841, -0.372, 0.031, -0.854, -0.363)      0      0 -1332.64244     0   5.000   -1.000 lightdock_22.pdb      0 -886.902
   60     17         (24.305, 12.017, -4.224, 0.019, 0.218, 0.626, 0.749)      0      0 -1330.64495     0   5.000   -1.000 lightdock_17.pdb      0 -886.951
   93     23        (5.657, 1.289, 25.215, -0.123, -0.897, 0.423, -0.041)      0      0 -1328.47187     4   5.000   -1.000 lightdock_23.pdb      0 -887.009
  177     14       (-6.911, -19.881, 12.133, -0.344, 0.602, 0.668, 0.269)      0      0 -1331.73869     1   5.000   -1.000 lightdock_14.pdb      0 -887.040
  173     14      (-19.605, 11.458, -1.975, -0.036, 0.898, 0.427, -0.097)      0      0 -1330.56321     0   5.000   -1.000 lightdock_14.pdb      0 -887.042
  153     12      (-19.540, -13.215, 13.017, -0.001, 0.537, 0.717, 0.444)      0      0 -1330.23493     2   5.000   -1.000 lightdock_12.pdb      0 -887.076
   41     20      (27.199, -2.984, 8.255, -0.320, -0.192, -0.922, -0.104)      0      0 -1328.28724     1   5.000   -1.000 lightdock_20.pdb      0 -887.114
   68     17     (-2.966, -25.239, -3.796, -0.186, 0.767, -0.580, -0.202)      0      0 -1331.09242     1   5.000   -1.000 lightdock_17.pdb      0 -887.124
  127      0      (-7.294, 19.537, -2.951, 0.254, -0.204, -0.621, -0.713)      0      0 -1330.77140     0   5.000   -1.000  lightdock_0.pdb      0 -887.181
   58     20      (-2.114, 0.042, -27.122, -0.251, 0.631, -0.036, -0.733)      0      0 -1330.77240     0   5.000   -1.000 lightdock_20.pdb      0 -887.182
  161      9       (-9.246, 19.985, 9.472, -0.103, -0.976, 0.051, -0.184)      0      0 -1329.46204     2   5.000   -1.000  lightdock_9.pdb      0 -887.202
  161      3       (-18.333, 12.135, 5.883, 0.060, 0.004, -0.821, -0.567)      0      0 -1330.81939     0   5.000   -1.000  lightdock_3.pdb      0 -887.213
   94     22      (-16.849, -10.152, 3.800, -0.350, 0.226, -0.669, 0.616)      0      0 -1330.87138     0   5.000   -1.000 lightdock_22.pdb      0 -887.248
  182      3     (18.476, -1.582, 20.441, -0.410, -0.030, -0.856, -0.313)      0      0 -1330.92299     0   5.000   -1.000  lightdock_3.pdb      0 -887.281
   25      5       (-0.801, 2.795, 23.832, 0.186, -0.729, -0.514, -0.412)      0      0 -1330.34994     3   5.000   -1.000  lightdock_5.pdb      0 -887.287
   83     15       (21.397, -14.176, 7.663, -0.408, 0.842, -0.093, 0.341)      0      0 -1330.47283     1   5.000   -1.000 lightdock_15.pdb      0 -887.304
   93     22         (6.416, -3.314, 26.442, 0.770, 0.463, -0.422, 0.120)      0      0 -1329.85954     2   5.000   -1.000 lightdock_22.pdb      0 -887.376
  162     22       (14.995, 14.902, 13.598, -0.486, 0.238, 0.800, -0.260)      0      0 -1331.91364     2   5.000   -1.000 lightdock_22.pdb      0 -887.381
  172      0         (9.619, 26.833, 4.480, 0.478, -0.804, 0.316, -0.158)      0      0 -1331.09362     0   5.000   -1.000  lightdock_0.pdb      0 -887.396
   56     14       (17.307, 15.175, 12.420, -0.543, -0.761, 0.355, 0.009)      0      0 -1331.15001     0   5.000   -1.000 lightdock_14.pdb      0 -887.433
  140     19      (-10.012, 20.604, -11.282, 0.366, 0.016, 0.150, -0.918)      0      0 -1330.95796     3   5.000   -1.000 lightdock_19.pdb      0 -887.446
   38     11        (-0.517, 26.463, 2.053, -0.418, 0.813, -0.292, 0.282)      0      0 -1331.17392     0   5.000   -1.000 lightdock_11.pdb      0 -887.448
  209     10        (20.135, -0.341, 6.375, 0.202, -0.371, 0.452, -0.786)      0      0 -1331.20822     0   5.000   -1.000 lightdock_10.pdb      0 -887.472
  199     23         (13.524, 1.014, 16.457, 0.543, -0.241, 0.773, 0.224)      0      0 -1331.23523     0   5.000   -1.000 lightdock_23.pdb      0 -887.490
  182     10     (18.866, -1.398, 20.234, -0.410, -0.030, -0.856, -0.313)      0      0 -1332.03287     1   5.000   -1.000 lightdock_10.pdb      0 -887.525
  189     15       (11.273, 15.386, 17.397, 0.094, -0.826, -0.486, 0.269)      0      0 -1331.29047     0   5.000   -1.000 lightdock_15.pdb      0 -887.527
  122     16        (11.654, -10.008, 26.521, 0.165, 0.143, 0.425, 0.879)      0      0 -1331.00833     3   5.000   -1.000 lightdock_16.pdb      0 -887.608
  154     18     (-23.249, 2.280, -17.621, -0.400, -0.602, 0.651, -0.231)      0      0 -1330.17019     2   5.000   -1.000 lightdock_18.pdb      0 -887.630
   64     12     (-22.730, 6.708, -10.181, 0.150, -0.843, -0.516, -0.018)      0      0 -1330.54212     4   5.000   -1.000 lightdock_12.pdb      0 -887.681
   24      5        (7.025, 0.644, -18.490, -0.377, 0.013, 0.907, -0.186)      0      0 -1327.78421     1   5.000   -1.000  lightdock_5.pdb      0 -887.683
  190     10         (-14.268, 18.627, 3.498, 0.734, 0.014, 0.055, 0.677)      0      0 -1331.53194     0   5.000   -1.000 lightdock_10.pdb      0 -887.688
  189     20       (11.132, 15.339, 17.514, 0.094, -0.826, -0.486, 0.269)      0      0 -1331.68426     1   5.000   -1.000 lightdock_20.pdb      0 -887.725
  152     12       (24.542, 11.431, 2.843, -0.372, 0.031, -0.854, -0.363)      0      0 -1335.91736     4   5.000   -1.000 lightdock_12.pdb      0 -887.738
   19      4        (0.975, 12.728, -23.010, -0.448, 0.830, 0.206, 0.260)      0      0 -1331.61405     0   5.000   -1.000  lightdock_4.pdb      0 -887.743
  153     11      (-19.526, -13.262, 12.999, -0.001, 0.537, 0.717, 0.444)      0      0 -1331.11814     4   5.000   -1.000 lightdock_11.pdb      0 -887.771
  199     22       (12.837, 8.605, 15.237, -0.153, -0.354, 0.824, -0.415)      0      0 -1333.38766     2   5.000   -1.000 lightdock_22.pdb      0 -887.796
   38     22       (-5.065, 23.238, -2.402, 0.777, -0.221, -0.433, 0.401)      0      0 -1333.60653     1   5.000   -1.000 lightdock_22.pdb      0 -887.828
   78      2     (22.019, -7.993, -14.282, 0.098, -0.782, -0.392, -0.475)      0      0 -1331.82701     0   5.000   -1.000  lightdock_2.pdb      0 -887.885
   35     14      (-3.955, -25.555, -1.000, -0.514, 0.308, -0.620, 0.506)      0      0 -1333.42117     1   5.000   -1.000 lightdock_14.pdb      0 -887.980
  200     14        (8.713, -21.488, 2.670, 0.335, -0.004, -0.789, 0.515)      0      0 -1331.97203     0   5.000   -1.000 lightdock_14.pdb      0 -887.981
  190     17       (-11.665, 13.557, 9.218, 0.060, -0.624, 0.697, -0.348)      0      0 -1331.12280     4   5.000   -1.000 lightdock_17.pdb      0 -887.991
   84     23       (15.009, -10.608, 2.286, -0.563, 0.388, 0.096, -0.724)      0      0 -1331.99457     0   5.000   -1.000 lightdock_23.pdb      0 -887.996
  199     13         (13.509, 0.984, 16.285, 0.543, -0.241, 0.773, 0.224)      0      0 -1331.58894     1   5.000   -1.000 lightdock_13.pdb      0 -888.034
  135     22     (-2.443, -12.033, 21.347, -0.969, 0.039, -0.090, -0.229)      0      0 -1332.08638     0   5.000   -1.000 lightdock_22.pdb      0 -888.058
  177     19       (-7.388, -26.364, 10.085, -0.515, 0.515, 0.534, 0.431)      0      0 -1330.22459     1   5.000   -1.000 lightdock_19.pdb      0 -888.067
   78     14     (22.225, -8.301, -14.468, 0.098, -0.782, -0.392, -0.475)      0      0 -1332.82075     1   5.000   -1.000 lightdock_14.pdb      0 -888.069
  144     16       (-24.577, -12.938, 9.684, 0.584, 0.729, -0.356, 0.019)      0      0 -1333.20327     1   5.000   -1.000 lightdock_16.pdb      0 -888.078
   69     17          (4.413, 26.045, 9.692, 0.768, 0.188, -0.508, 0.341)      0      0 -1332.13492     0   5.000   -1.000 lightdock_17.pdb      0 -888.090
  191     20        (5.754, -6.722, 22.642, -0.181, 0.753, -0.617, 0.136)      0      0 -1332.14329     0   5.000   -1.000 lightdock_20.pdb      0 -888.096
  122      6        (11.394, -10.031, 26.454, 0.165, 0.143, 0.425, 0.879)      0      0 -1331.12951     4   5.000   -1.000  lightdock_6.pdb      0 -888.109
  144      7       (-24.551, -13.136, 9.686, 0.584, 0.729, -0.356, 0.019)      0      0 -1332.16967     0   5.000   -1.000  lightdock_7.pdb      0 -888.113
  219     23      (-14.893, -4.425, 8.744, -0.185, 0.581, -0.067, -0.790)      0      0 -1332.27616     0   5.000   -1.000 lightdock_23.pdb      0 -888.125
  126      4        (-4.764, 16.240, 7.380, -0.532, -0.678, 0.064, 0.504)      0      0 -1332.19221     0   5.000   -1.000  lightdock_4.pdb      0 -888.128
  203     12      (6.146, 24.275, 10.081, -0.383, -0.874, -0.300, -0.015)      0      0 -1332.20393     0   5.000   -1.000 lightdock_12.pdb      0 -888.135
  199     20       (12.995, 9.088, 15.441, -0.153, -0.354, 0.824, -0.415)      0      0 -1332.25197     0   5.000   -1.000 lightdock_20.pdb      0 -888.146
  139      2         (8.313, 21.221, 6.809, -0.545, 0.237, -0.031, 0.803)      0      0 -1332.22183     0   5.000   -1.000  lightdock_2.pdb      0 -888.148
  203     14         (11.768, 17.277, 5.098, 0.101, 0.275, 0.864, -0.410)      0      0 -1332.24730     0   5.000   -1.000 lightdock_14.pdb      0 -888.165
  152      8       (24.673, 11.403, 2.949, -0.372, 0.031, -0.854, -0.363)      0      0 -1333.17704     2   5.000   -1.000  lightdock_8.pdb      0 -888.168
   87     20      (18.128, -15.827, -2.821, 0.392, 0.874, -0.202, -0.206)      0      0 -1332.32935     0   5.000   -1.000 lightdock_20.pdb      0 -888.220
  213      2      (-22.269, 4.124, -11.625, -0.648, -0.376, 0.377, 0.545)      0      0 -1329.84030     2   5.000   -1.000  lightdock_2.pdb      0 -888.233
  152      0       (24.734, 11.451, 2.969, -0.372, 0.031, -0.854, -0.363)      0      0 -1333.84691     3   5.000   -1.000  lightdock_0.pdb      0 -888.233
   42     14     (-1.104, -10.019, 26.082, -0.447, -0.559, 0.484, -0.503)      0      0 -1332.35653     0   5.000   -1.000 lightdock_14.pdb      0 -888.238
  197     24     (19.305, 11.079, -15.640, 0.180, -0.451, -0.597, -0.638)      0      0 -1332.36915     0   5.000   -1.000 lightdock_24.pdb      0 -888.246
   87     14      (18.193, -15.651, -3.098, 0.392, 0.874, -0.202, -0.206)      0      0 -1333.12562     1   5.000   -1.000 lightdock_14.pdb      0 -888.254
   41      0          (23.747, 8.440, 7.110, 0.065, 0.481, -0.280, 0.828)      0      0 -1340.59764     0   5.000   -1.000  lightdock_0.pdb      0 -888.260
  101     11        (10.774, 28.130, 2.466, -0.141, 0.387, 0.513, -0.753)      0      0 -1332.43246     0   5.000   -1.000 lightdock_11.pdb      0 -888.271
  203      2      (5.961, 24.078, 10.050, -0.383, -0.874, -0.300, -0.015)      0      0 -1332.94623     1   5.000   -1.000  lightdock_2.pdb      0 -888.288
  152      6       (24.704, 11.426, 2.961, -0.372, 0.031, -0.854, -0.363)      0      0 -1333.12887     1   5.000   -1.000  lightdock_6.pdb      0 -888.292
  197      6     (18.908, 10.910, -15.407, 0.180, -0.451, -0.597, -0.638)      0      0 -1332.48216     1   5.000   -1.000  lightdock_6.pdb      0 -888.308
  199     14       (13.056, 9.274, 15.520, -0.153, -0.354, 0.824, -0.415)      0      0 -1333.32441     1   5.000   -1.000 lightdock_14.pdb      0 -888.339
  123      0         (9.943, 5.943, 21.734, 0.172, -0.573, -0.695, 0.399)      0      0 -1332.08691     1   5.000   -1.000  lightdock_0.pdb      0 -888.340
  131      2       (3.176, 13.284, -21.142, 0.224, 0.290, -0.723, -0.586)      0      0 -1332.55592     0   5.000   -1.000  lightdock_2.pdb      0 -888.369
  218      9     (-5.313, -26.179, -7.463, -0.565, -0.047, 0.424, -0.706)      0      0 -1332.57018     0   5.000   -1.000  lightdock_9.pdb      0 -888.379
   83      5       (21.777, -14.030, 7.593, -0.408, 0.842, -0.093, 0.341)      0      0 -1331.03359     2   5.000   -1.000  lightdock_5.pdb      0 -888.384
  104     11     (12.155, -25.981, 16.074, -0.079, -0.105, -0.301, 0.945)      0      0 -1332.57836     0   5.000   -1.000 lightdock_11.pdb      0 -888.386
   88     15        (18.243, 22.521, 1.304, -0.335, 0.655, -0.338, 0.587)      0      0 -1332.61915     0   5.000   -1.000 lightdock_15.pdb      0 -888.413
  209     24        (20.119, -0.648, 6.472, 0.202, -0.371, 0.452, -0.786)      0      0 -1333.91089     1   5.000   -1.000 lightdock_24.pdb      0 -888.421
   56      4       (17.270, 15.323, 12.288, -0.543, -0.761, 0.355, 0.009)      0      0 -1331.75466     1   5.000   -1.000  lightdock_4.pdb      0 -888.427
  101     22        (5.238, 32.156, 0.612, -0.377, -0.282, 0.612, -0.636)      0      0 -1334.98345     2   5.000   -1.000 lightdock_22.pdb      0 -888.434
  191     23         (-3.301, -2.776, 22.106, 0.065, 0.515, 0.816, 0.254)      0      0 -1332.67402     0   5.000   -1.000 lightdock_23.pdb      0 -888.449
  125      5      (-20.744, -15.619, 4.330, -0.446, 0.766, 0.194, -0.421)      0      0 -1337.69622     3   5.000   -1.000  lightdock_5.pdb      0 -888.520
  104     18     (12.275, -26.271, 15.972, -0.079, -0.105, -0.301, 0.945)      0      0 -1332.95329     2   5.000   -1.000 lightdock_18.pdb      0 -888.534
  190      1         (-14.188, 18.643, 3.538, 0.734, 0.014, 0.055, 0.677)      0      0 -1333.32796     1   5.000   -1.000  lightdock_1.pdb      0 -888.546
   35     15      (-4.037, -25.211, -1.013, -0.514, 0.308, -0.620, 0.506)      0      0 -1332.83797     0   5.000   -1.000 lightdock_15.pdb      0 -888.559
  104     22     (12.096, -25.837, 16.124, -0.079, -0.105, -0.301, 0.945)      0      0 -1332.82648     1   5.000   -1.000 lightdock_22.pdb      0 -888.576
   38     20        (-0.367, 26.443, 1.691, -0.418, 0.813, -0.292, 0.282)      0      0 -1333.52681     1   5.000   -1.000 lightdock_20.pdb      0 -888.579
  114      0      (22.401, -11.125, -0.240, -0.537, -0.412, 0.542, 0.498)      0      0 -1332.88250     0   5.000   -1.000  lightdock_0.pdb      0 -888.588
   20     11       (22.079, 9.827, 15.726, -0.223, 0.048, -0.618, -0.753)      0      0 -1332.97460     0   5.000   -1.000 lightdock_11.pdb      0 -888.607
  200      3       (3.227, -21.553, 14.770, 0.515, -0.141, -0.504, 0.679)      0      0 -1333.43361     1   5.000   -1.000  lightdock_3.pdb      0 -888.624
  200     15       (3.632, -22.071, 15.245, 0.515, -0.141, -0.504, 0.679)      0      0 -1333.90823     2   5.000   -1.000 lightdock_15.pdb      0 -888.641
   96      2       (-21.430, -7.635, -4.335, 0.694, 0.517, 0.001, -0.502)      0      0 -1333.01192     0   5.000   -1.000  lightdock_2.pdb      0 -888.675
   96     17       (-27.717, -0.716, 1.410, 0.324, -0.839, -0.010, 0.438)      0      0 -1335.15296     1   5.000   -1.000 lightdock_17.pdb      0 -888.686
   64     14     (-22.722, 6.703, -10.133, 0.150, -0.843, -0.516, -0.018)      0      0 -1330.63933     5   5.000   -1.000 lightdock_14.pdb      0 -888.716
  203      1      (6.081, 24.207, 10.068, -0.383, -0.874, -0.300, -0.015)      0      0 -1333.57361     3   5.000   -1.000  lightdock_1.pdb      0 -888.724
  114      6      (22.332, -11.339, -0.195, -0.537, -0.412, 0.542, 0.498)      0      0 -1333.38271     1   5.000   -1.000  lightdock_6.pdb      0 -888.730
  162     18       (14.909, 14.940, 13.693, -0.486, 0.238, 0.800, -0.260)      0      0 -1332.01185     3   5.000   -1.000 lightdock_18.pdb      0 -888.744
  101      6        (10.821, 28.116, 2.507, -0.141, 0.387, 0.513, -0.753)      0      0 -1333.24571     1   5.000   -1.000  lightdock_6.pdb      0 -888.745
   38     24       (-4.653, 23.337, -2.475, 0.777, -0.221, -0.433, 0.401)      0      0 -1333.13118     0   5.000   -1.000 lightdock_24.pdb      0 -888.754
  203     10      (6.310, 24.450, 10.109, -0.383, -0.874, -0.300, -0.015)      0      0 -1333.34057     2   5.000   -1.000 lightdock_10.pdb      0 -888.768
  190      6         (-8.564, 19.697, 5.512, 0.402, 0.115, 0.153, -0.895)      0      0 -1333.16448     0   5.000   -1.000  lightdock_6.pdb      0 -888.776
   88      5        (18.113, 22.495, 1.337, -0.335, 0.655, -0.338, 0.587)      0      0 -1333.55229     3   5.000   -1.000  lightdock_5.pdb      0 -888.779
  135     23      (-2.817, -14.525, 19.083, 0.539, 0.642, -0.540, -0.079)      0      0 -1333.18655     0   5.000   -1.000 lightdock_23.pdb      0 -888.791
  203     20      (6.404, 24.549, 10.126, -0.383, -0.874, -0.300, -0.015)      0      0 -1333.60860     4   5.000   -1.000 lightdock_20.pdb      0 -888.802
   69      9          (4.483, 26.385, 9.840, 0.768, 0.188, -0.508, 0.341)      0      0 -1335.14982     1   5.000   -1.000  lightdock_9.pdb      0 -888.808
  217     17        (-11.955, 21.175, 3.116, 0.124, 0.444, -0.279, 0.843)      0      0 -1333.28680     0   5.000   -1.000 lightdock_17.pdb      0 -888.858
   57     17     (-2.065, 34.314, -10.614, 0.834, -0.280, -0.316, -0.356)      0      0 -1330.00306     1   5.000   -1.000 lightdock_17.pdb      0 -888.866
   88     14        (18.597, 22.560, 1.130, -0.335, 0.655, -0.338, 0.587)      0      0 -1333.47856     1   5.000   -1.000 lightdock_14.pdb      0 -888.879
   98      5       (6.941, 15.056, -14.200, -0.559, -0.350, 0.716, 0.229)      0      0 -1333.35946     0   5.000   -1.000  lightdock_5.pdb      0 -888.906
   70      7        (13.512, -16.894, 8.917, 0.141, 0.321, 0.896, -0.273)      0      0 -1333.38211     0   5.000   -1.000  lightdock_7.pdb      0 -888.921
  195     12       (-23.304, -0.373, -5.458, -0.587, 0.262, 0.690, 0.332)      0      0 -1334.52576     1   5.000   -1.000 lightdock_12.pdb      0 -888.938
  182     22     (18.645, -1.519, 20.369, -0.410, -0.030, -0.856, -0.313)      0      0 -1332.85750     2   5.000   -1.000 lightdock_22.pdb      0 -888.938
  200     20       (3.399, -21.771, 14.974, 0.515, -0.141, -0.504, 0.679)      0      0 -1333.42327     0   5.000   -1.000 lightdock_20.pdb      0 -888.948
  144     21       (-24.543, -13.515, 9.552, 0.584, 0.729, -0.356, 0.019)      0      0 -1334.04425     3   5.000   -1.000 lightdock_21.pdb      0 -888.952
  103     24      (-14.962, -19.456, 8.373, -0.106, -0.076, 0.494, 0.859)      0      0 -1337.33882     1   5.000   -1.000 lightdock_24.pdb      0 -888.983
  218     16     (-5.194, -26.279, -7.594, -0.565, -0.047, 0.424, -0.706)      0      0 -1335.25441     2   5.000   -1.000 lightdock_16.pdb      0 -888.983
   38      5        (-0.362, 26.535, 1.795, -0.418, 0.813, -0.292, 0.282)      0      0 -1334.29541     3   5.000   -1.000  lightdock_5.pdb      0 -889.015
   38     15        (-0.602, 26.475, 2.258, -0.418, 0.813, -0.292, 0.282)      0      0 -1334.07729     2   5.000   -1.000 lightdock_15.pdb      0 -889.027
  101      2        (10.453, 28.224, 2.179, -0.141, 0.387, 0.513, -0.753)      0      0 -1333.35412     2   5.000   -1.000  lightdock_2.pdb      0 -889.029
   88      6        (18.080, 22.505, 1.387, -0.335, 0.655, -0.338, 0.587)      0      0 -1333.48797     2   5.000   -1.000  lightdock_6.pdb      0 -889.045
  176     16      (-14.165, 5.955, 15.497, -0.035, -0.656, 0.678, -0.329)      0      0 -1333.58409     0   5.000   -1.000 lightdock_16.pdb      0 -889.056
  144      2       (-24.442, -13.875, 9.729, 0.584, 0.729, -0.356, 0.019)      0      0 -1334.07251     4   5.000   -1.000  lightdock_2.pdb      0 -889.058
  101      4        (10.922, 28.087, 2.599, -0.141, 0.387, 0.513, -0.753)      0      0 -1334.01205     3   5.000   -1.000  lightdock_4.pdb      0 -889.062
  200      1       (3.562, -21.991, 15.133, 0.515, -0.141, -0.504, 0.679)      0      0 -1334.24232     4   5.000   -1.000  lightdock_1.pdb      0 -889.081
   32     12         (22.607, 1.537, 0.648, 0.302, 0.770, -0.064, -0.558)      0      0 -1334.92289     0   5.000   -1.000 lightdock_12.pdb      0 -889.155
  144      8       (-24.506, -13.484, 9.686, 0.584, 0.729, -0.356, 0.019)      0      0 -1333.57044     2   5.000   -1.000  lightdock_8.pdb      0 -889.166
  195     11       (-23.117, -0.590, -5.365, -0.587, 0.262, 0.690, 0.332)      0      0 -1333.80582     0   5.000   -1.000 lightdock_11.pdb      0 -889.201
   96     23       (-21.406, -7.377, -4.023, 0.694, 0.517, 0.001, -0.502)      0      0 -1334.54516     1   5.000   -1.000 lightdock_23.pdb      0 -889.250
  182      6     (18.389, -1.616, 20.479, -0.410, -0.030, -0.856, -0.313)      0      0 -1333.10838     3   5.000   -1.000  lightdock_6.pdb      0 -889.257
  101     16        (5.424, 32.293, 0.789, -0.377, -0.282, 0.612, -0.636)      0      0 -1334.68642     1   5.000   -1.000 lightdock_16.pdb      0 -889.271
  101     12        (5.112, 32.056, 0.483, -0.377, -0.282, 0.612, -0.636)      0      0 -1334.01954     0   5.000   -1.000 lightdock_12.pdb      0 -889.314
   88     22       (24.294, 25.110, -8.051, 0.977, -0.162, -0.024, 0.137)      0      0 -1334.36450     1   5.000   -1.000 lightdock_22.pdb      0 -889.359
  191      1        (-7.377, -3.031, 28.669, -0.418, 0.197, 0.776, 0.429)      0      0 -1334.04867     0   5.000   -1.000  lightdock_1.pdb      0 -889.366
   98     23       (6.769, 15.086, -14.120, -0.559, -0.350, 0.716, 0.229)      0      0 -1334.59364     2   5.000   -1.000 lightdock_23.pdb      0 -889.393
  135      6     (-2.576, -12.262, 21.603, -0.969, 0.039, -0.090, -0.229)      0      0 -1334.85756     1   5.000   -1.000  lightdock_6.pdb      0 -889.411
   83      9       (21.765, -14.095, 7.722, -0.408, 0.842, -0.093, 0.341)      0      0 -1333.09372     3   5.000   -1.000  lightdock_9.pdb      0 -889.414
  180     23     (-25.441, 11.894, -11.203, 0.116, -0.122, -0.385, 0.907)      0      0 -1334.14549     0   5.000   -1.000 lightdock_23.pdb      0 -889.430
  123     10        (10.050, 5.961, 21.811, 0.172, -0.573, -0.695, 0.399)      0      0 -1332.55100     2   5.000   -1.000 lightdock_10.pdb      0 -889.437
   12     16       (17.236, 2.345, -15.576, -0.919, 0.126, 0.371, -0.041)      0      0 -1334.17432     0   5.000   -1.000 lightdock_16.pdb      0 -889.450
  131     23       (3.027, 13.647, -21.257, 0.224, 0.290, -0.723, -0.586)      0      0 -1333.75263     1   5.000   -1.000 lightdock_23.pdb      0 -889.451
   88      2       (24.281, 25.006, -8.247, 0.977, -0.162, -0.024, 0.137)      0      0 -1334.19072     0   5.000   -1.000  lightdock_2.pdb      0 -889.460
  177      1       (-6.872, -19.995, 12.591, -0.344, 0.602, 0.668, 0.269)      0      0 -1332.69789     2   5.000   -1.000  lightdock_1.pdb      0 -889.464
   20     22       (21.929, 9.632, 15.587, -0.223, 0.048, -0.618, -0.753)      0      0 -1334.03122     1   5.000   -1.000 lightdock_22.pdb      0 -889.468
  151     10     (-4.727, -12.234, 21.216, -0.661, -0.023, -0.563, 0.496)      0      0 -1333.55710     1   5.000   -1.000 lightdock_10.pdb      0 -889.478
   88     23        (18.409, 22.565, 1.290, -0.335, 0.655, -0.338, 0.587)      0      0 -1334.37643     5   5.000   -1.000 lightdock_23.pdb      0 -889.480
   88     21        (17.954, 22.454, 1.345, -0.335, 0.655, -0.338, 0.587)      0      0 -1334.30843     4   5.000   -1.000 lightdock_21.pdb      0 -889.481
   58     14      (-2.101, 0.152, -27.207, -0.251, 0.631, -0.036, -0.733)      0      0 -1333.03825     1   5.000   -1.000 lightdock_14.pdb      0 -889.502
   60      7         (24.205, 12.155, -4.067, 0.019, 0.218, 0.626, 0.749)      0      0 -1332.76479     3   5.000   -1.000  lightdock_7.pdb      0 -889.514
  200     21       (3.469, -21.860, 15.057, 0.515, -0.141, -0.504, 0.679)      0      0 -1333.98439     3   5.000   -1.000 lightdock_21.pdb      0 -889.551
  101     24        (5.394, 32.270, 0.759, -0.377, -0.282, 0.612, -0.636)      0      0 -1335.24718     3   5.000   -1.000 lightdock_24.pdb      0 -889.577
  104      0     (12.254, -26.221, 15.990, -0.079, -0.105, -0.301, 0.945)      0      0 -1333.35286     3   5.000   -1.000  lightdock_0.pdb      0 -889.582
   20     17       (21.833, 9.662, 15.516, -0.223, 0.048, -0.618, -0.753)      0      0 -1336.08075     3   5.000   -1.000 lightdock_17.pdb      0 -889.622
  131     24       (3.347, 12.943, -21.048, 0.224, 0.290, -0.723, -0.586)      0      0 -1334.70784     2   5.000   -1.000 lightdock_24.pdb      0 -889.723
   83     13       (22.580, -13.735, 7.485, -0.408, 0.842, -0.093, 0.341)      0      0 -1333.10006     4   5.000   -1.000 lightdock_13.pdb      0 -889.729
  103      0      (-15.108, -19.134, 8.642, -0.106, -0.076, 0.494, 0.859)      0      0 -1334.59725     0   5.000   -1.000  lightdock_0.pdb      0 -889.732
   98     16       (7.089, 15.032, -14.266, -0.559, -0.350, 0.716, 0.229)      0      0 -1334.57538     1   5.000   -1.000 lightdock_16.pdb      0 -889.734
  109      1       (-10.113, 13.402, 20.521, -0.077, 0.500, 0.483, 0.714)      0      0 -1336.97427     1   5.000   -1.000  lightdock_1.pdb      0 -889.743
    8     19     (-4.138, 12.784, -23.695, -0.589, -0.140, -0.083, 0.792)      0      0 -1334.62576     0   5.000   -1.000 lightdock_19.pdb      0 -889.751
   34     19      (1.730, -31.833, -4.099, -0.055, -0.913, -0.398, 0.071)      0      0 -1334.65826     0   5.000   -1.000 lightdock_19.pdb      0 -889.772
   96      1       (-27.755, -0.560, 1.565, 0.324, -0.839, -0.010, 0.438)      0      0 -1334.74876     0   5.000   -1.000  lightdock_1.pdb      0 -889.818
  135     12       (2.254, -19.129, 19.028, -0.440, 0.063, 0.124, -0.887)      0      0 -1334.74059     0   5.000   -1.000 lightdock_12.pdb      0 -889.827
  172     11        (5.984, 29.902, 1.424, -0.563, -0.776, -0.269, 0.090)      0      0 -1334.76421     0   5.000   -1.000 lightdock_11.pdb      0 -889.843
  180      7     (-25.454, 12.297, -10.945, 0.116, -0.122, -0.385, 0.907)      0      0 -1334.86930     1   5.000   -1.000  lightdock_7.pdb      0 -889.852
  168     20       (-18.278, -12.948, 3.749, 0.823, 0.077, -0.457, 0.328)      0      0 -1334.77900     0   5.000   -1.000 lightdock_20.pdb      0 -889.853
   32     22         (22.549, 1.536, 0.644, 0.302, 0.770, -0.064, -0.558)      0      0 -1334.99894     1   5.000   -1.000 lightdock_22.pdb      0 -889.857
  178     14   (-15.994, 12.390, -16.766, -0.001, -0.297, -0.076, -0.952)      0      0 -1336.59500     1   5.000   -1.000 lightdock_14.pdb      0 -889.868
  158      8     (-2.642, 21.268, 10.146, -0.203, -0.579, -0.217, -0.759)      0      0 -1335.01806     0   5.000   -1.000  lightdock_8.pdb      0 -889.913
   32     16         (22.520, 1.533, 0.642, 0.302, 0.770, -0.064, -0.558)      0      0 -1335.07644     2   5.000   -1.000 lightdock_16.pdb      0 -889.934
   58      7        (5.915, 9.917, -20.251, 0.430, 0.744, -0.458, -0.227)      0      0 -1334.94311     0   5.000   -1.000  lightdock_7.pdb      0 -889.962
  181     10    (-11.791, -23.539, 10.824, 0.090, -0.356, -0.785, -0.498)      0      0 -1332.23464     2   5.000   -1.000 lightdock_10.pdb      0 -889.966
  161     10       (-18.296, 12.098, 5.901, 0.060, 0.004, -0.821, -0.567)      0      0 -1333.59900     1   5.000   -1.000 lightdock_10.pdb      0 -889.984
    8     11     (-3.909, 13.028, -23.651, -0.589, -0.140, -0.083, 0.792)      0      0 -1336.41524     2   5.000   -1.000 lightdock_11.pdb      0 -890.003
  109     19        (-9.740, 13.202, 20.431, -0.077, 0.500, 0.483, 0.714)      0      0 -1335.09996     0   5.000   -1.000 lightdock_19.pdb      0 -890.035
   20      0      (22.287, 10.095, 15.919, -0.223, 0.048, -0.618, -0.753)      0      0 -1335.52132     2   5.000   -1.000  lightdock_0.pdb      0 -890.040
  180     15     (-25.440, 11.878, -11.213, 0.116, -0.122, -0.385, 0.907)      0      0 -1335.02456     2   5.000   -1.000 lightdock_15.pdb      0 -890.067
   85     21         (-19.645, 5.277, 1.926, -0.393, 0.553, 0.013, 0.734)      0      0 -1335.10385     0   5.000   -1.000 lightdock_21.pdb      0 -890.069
  163      8        (1.713, 20.060, -19.682, 0.033, 0.618, 0.498, -0.608)      0      0 -1335.14551     0   5.000   -1.000  lightdock_8.pdb      0 -890.097
  214      3      (-20.630, -15.847, 10.074, 0.898, 0.366, -0.001, 0.244)      0      0 -1335.15330     0   5.000   -1.000  lightdock_3.pdb      0 -890.102
  107      9       (-23.881, 9.835, -1.806, 0.021, -0.915, -0.249, 0.316)      0      0 -1335.74843     1   5.000   -1.000  lightdock_9.pdb      0 -890.160
   16     22     (7.754, -19.393, 16.071, -0.892, -0.158, -0.412, -0.099)      0      0 -1335.24026     0   5.000   -1.000 lightdock_22.pdb      0 -890.160
  206      2      (8.912, -10.831, -11.865, -0.365, -0.540, 0.491, 0.578)      0      0 -1335.25363     0   5.000   -1.000  lightdock_2.pdb      0 -890.169
  214     22      (-20.731, -15.906, 10.155, 0.898, 0.366, -0.001, 0.244)      0      0 -1335.24241     1   5.000   -1.000 lightdock_22.pdb      0 -890.185
  172     13        (6.143, 29.965, 1.665, -0.563, -0.776, -0.269, 0.090)      0      0 -1335.47861     1   5.000   -1.000 lightdock_13.pdb      0 -890.202
   96      7       (-27.703, -0.463, 1.612, 0.324, -0.839, -0.010, 0.438)      0      0 -1335.36590     2   5.000   -1.000  lightdock_7.pdb      0 -890.220
   88      1       (24.261, 24.850, -8.541, 0.977, -0.162, -0.024, 0.137)      0      0 -1335.12399     2   5.000   -1.000  lightdock_1.pdb      0 -890.239
   32      2         (22.596, 1.706, 0.724, 0.302, 0.770, -0.064, -0.558)      0      0 -1335.69222     3   5.000   -1.000  lightdock_2.pdb      0 -890.251
   42      0     (-8.200, -21.446, 26.648, 0.322, -0.432, -0.267, -0.799)      0      0 -1335.39101     0   5.000   -1.000  lightdock_0.pdb      0 -890.261
   96     10       (-27.781, -0.259, 1.834, 0.324, -0.839, -0.010, 0.438)      0      0 -1335.65371     3   5.000   -1.000 lightdock_10.pdb      0 -890.268
  144     15       (-24.726, -13.403, 9.970, 0.584, 0.729, -0.356, 0.019)      0      0 -1334.34766     5   5.000   -1.000 lightdock_15.pdb      0 -890.282
    8      6     (-4.394, 12.510, -23.744, -0.589, -0.140, -0.083, 0.792)      0      0 -1335.66907     1   5.000   -1.000  lightdock_6.pdb      0 -890.311
   43     24        (4.704, -17.405, 32.143, 0.705, 0.461, 0.286, -0.457)      0      0 -1335.49166     0   5.000   -1.000 lightdock_24.pdb      0 -890.316
   16      0     (7.432, -19.497, 16.130, -0.892, -0.158, -0.412, -0.099)      0      0 -1335.47574     1   5.000   -1.000  lightdock_0.pdb      0 -890.316
  188     14     (-23.790, -0.514, -11.805, 0.454, -0.376, 0.033, -0.807)      0      0 -1335.49304     0   5.000   -1.000 lightdock_14.pdb      0 -890.329
  101     13        (10.639, 28.169, 2.339, -0.141, 0.387, 0.513, -0.753)      0      0 -1334.72505     4   5.000   -1.000 lightdock_13.pdb      0 -890.341
   15     10     (-5.446, -3.191, 21.501, -0.136, -0.593, -0.721, -0.331)      0      0 -1335.52239     0   5.000   -1.000 lightdock_10.pdb      0 -890.348
  143     21         (24.396, -8.340, -8.699, 0.146, 0.392, 0.855, 0.307)      0      0 -1335.55158     0   5.000   -1.000 lightdock_21.pdb      0 -890.367
    4     17          (-2.370, 26.494, 0.138, 0.481, 0.488, 0.132, 0.716)      0      0 -1336.11124     1   5.000   -1.000 lightdock_17.pdb      0 -890.386
    1     17         (-2.433, 9.037, -17.821, 0.163, 0.212, 0.724, 0.636)      0      0 -1335.57853     0   5.000   -1.000 lightdock_17.pdb      0 -890.386
  133      3        (-23.842, 18.359, 9.896, -0.982, 0.007, 0.052, 0.179)      0      0 -1337.30047     1   5.000   -1.000  lightdock_3.pdb      0 -890.423
  107     22       (-23.907, 9.594, -1.642, 0.021, -0.915, -0.249, 0.316)      0      0 -1335.68201     0   5.000   -1.000 lightdock_22.pdb      0 -890.455
   42     18     (-8.100, -21.798, 26.551, 0.322, -0.432, -0.267, -0.799)      0      0 -1336.13903     1   5.000   -1.000 lightdock_18.pdb      0 -890.479
   16     11     (7.511, -19.467, 15.836, -0.892, -0.158, -0.412, -0.099)      0      0 -1335.85052     2   5.000   -1.000 lightdock_11.pdb      0 -890.501
   16     10     (7.948, -19.330, 16.035, -0.892, -0.158, -0.412, -0.099)      0      0 -1335.90414     3   5.000   -1.000 lightdock_10.pdb      0 -890.542
    4     14          (-2.751, 26.792, 0.172, 0.481, 0.488, 0.132, 0.716)      0      0 -1335.84573     0   5.000   -1.000 lightdock_14.pdb      0 -890.564
  178      6   (-15.946, 12.213, -16.990, -0.001, -0.297, -0.076, -0.952)      0      0 -1335.87887     0   5.000   -1.000  lightdock_6.pdb      0 -890.586
  133      6        (-23.741, 18.153, 9.852, -0.982, 0.007, 0.052, 0.179)      0      0 -1335.90238     0   5.000   -1.000  lightdock_6.pdb      0 -890.602
   70      3        (13.410, -16.962, 8.914, 0.141, 0.321, 0.896, -0.273)      0      0 -1335.77789     1   5.000   -1.000  lightdock_3.pdb      0 -890.652
   99      6    (-16.450, 12.439, -18.301, -0.144, -0.350, -0.639, 0.670)      0      0 -1336.35001     1   5.000   -1.000  lightdock_6.pdb      0 -890.657
   88      7       (24.268, 24.905, -8.437, 0.977, -0.162, -0.024, 0.137)      0      0 -1335.13192     3   5.000   -1.000  lightdock_7.pdb      0 -890.666
   64      2     (-21.978, 10.876, -10.269, 0.633, 0.384, -0.645, -0.191)      0      0 -1336.06107     0   5.000   -1.000  lightdock_2.pdb      0 -890.691
  219     11       (-18.379, -3.557, 9.031, 0.645, -0.362, -0.531, 0.415)      0      0 -1336.03773     0   5.000   -1.000 lightdock_11.pdb      0 -890.692
  193     20     (21.691, 2.329, -10.273, -0.061, -0.067, -0.967, -0.238)      0      0 -1336.04341     0   5.000   -1.000 lightdock_20.pdb      0 -890.696
  107     11       (-23.942, 9.277, -1.427, 0.021, -0.915, -0.249, 0.316)      0      0 -1336.48919     2   5.000   -1.000 lightdock_11.pdb      0 -890.721
  171      0      (-8.210, 6.311, -14.716, -0.799, 0.321, -0.306, -0.406)      0      0 -1336.08349     0   5.000   -1.000  lightdock_0.pdb      0 -890.722
   99     20    (-16.606, 12.042, -18.348, -0.144, -0.350, -0.639, 0.670)      0      0 -1336.10140     0   5.000   -1.000 lightdock_20.pdb      0 -890.734
   43     10       (8.195, -17.411, 24.838, 0.083, 0.618, -0.768, -0.148)      0      0 -1336.10227     0   5.000   -1.000 lightdock_10.pdb      0 -890.735
  143     13         (24.276, -8.588, -8.710, 0.146, 0.392, 0.855, 0.307)      0      0 -1336.73913     1   5.000   -1.000 lightdock_13.pdb      0 -890.756
   42     23     (-9.556, -12.896, 18.532, -0.211, -0.645, 0.253, -0.690)      0      0 -1336.13473     0   5.000   -1.000 lightdock_23.pdb      0 -890.756
  158      6     (-2.505, 21.597, 10.326, -0.203, -0.579, -0.217, -0.759)      0      0 -1337.34779     2   5.000   -1.000  lightdock_6.pdb      0 -890.763
  143      2         (24.321, -8.487, -8.705, 0.146, 0.392, 0.855, 0.307)      0      0 -1337.39585     3   5.000   -1.000  lightdock_2.pdb      0 -890.784
  215     12        (18.482, 20.315, 1.616, -0.039, -0.264, 0.792, 0.548)      0      0 -1336.17790     0   5.000   -1.000 lightdock_12.pdb      0 -890.785
   84     10       (23.103, -10.910, 2.730, -0.639, 0.632, 0.145, -0.414)      0      0 -1336.18452     0   5.000   -1.000 lightdock_10.pdb      0 -890.790
   21     17     (-15.781, 11.347, 18.613, -0.971, -0.017, -0.218, 0.098)      0      0 -1336.20626     0   5.000   -1.000 lightdock_17.pdb      0 -890.804
  165     10     (-2.427, -16.021, 16.951, 0.123, -0.226, -0.817, -0.516)      0      0 -1336.25102     0   5.000   -1.000 lightdock_10.pdb      0 -890.834
   27     11   (-23.181, 16.906, -10.114, -0.444, -0.018, -0.742, -0.502)      0      0 -1338.37563     1   5.000   -1.000 lightdock_11.pdb      0 -890.844
  151      6     (-0.855, -12.682, 28.216, -0.233, -0.710, 0.001, -0.664)      0      0 -1336.36575     0   5.000   -1.000  lightdock_6.pdb      0 -890.910
  193     11     (21.652, 2.559, -10.289, -0.061, -0.067, -0.967, -0.238)      0      0 -1336.86664     1   5.000   -1.000 lightdock_11.pdb      0 -890.915
   16     15     (7.131, -19.598, 16.353, -0.892, -0.158, -0.412, -0.099)      0      0 -1336.36315     4   5.000   -1.000 lightdock_15.pdb      0 -890.924
  200     18       (3.388, -21.758, 14.961, 0.515, -0.141, -0.504, 0.679)      0      0 -1335.18472     5   5.000   -1.000 lightdock_18.pdb      0 -890.940
   24     22      (14.143, -1.870, -10.306, -0.771, 0.164, -0.201, 0.582)      0      0 -1336.44495     0   5.000   -1.000 lightdock_22.pdb      0 -890.963
   32     20         (22.818, 1.636, 0.707, 0.302, 0.770, -0.064, -0.558)      0      0 -1337.17308     5   5.000   -1.000 lightdock_20.pdb      0 -890.967
  172      1        (5.938, 29.879, 1.352, -0.563, -0.776, -0.269, 0.090)      0      0 -1335.59327     2   5.000   -1.000  lightdock_1.pdb      0 -890.986
  125     14     (-14.454, -24.536, 14.234, -0.330, 0.331, -0.026, 0.884)      0      0 -1336.48752     0   5.000   -1.000 lightdock_14.pdb      0 -890.992
  178      8      (-17.470, 21.448, -8.027, 0.619, -0.214, -0.068, 0.753)      0      0 -1336.55457     0   5.000   -1.000  lightdock_8.pdb      0 -891.036
  163     20      (2.971, 19.654, -20.503, 0.437, -0.011, -0.855, -0.279)      0      0 -1336.60383     0   5.000   -1.000 lightdock_20.pdb      0 -891.069
  166     20   (-10.348, -7.213, -19.987, -0.180, -0.574, -0.783, -0.159)      0      0 -1336.61472     0   5.000   -1.000 lightdock_20.pdb      0 -891.076
   85      6         (-19.766, 5.268, 1.851, -0.393, 0.553, 0.013, 0.734)      0      0 -1336.19717     1   5.000   -1.000  lightdock_6.pdb      0 -891.109
  215      4         (16.821, 23.491, 3.880, -0.678, 0.121, 0.400, 0.605)      0      0 -1340.00281     0   5.000   -1.000  lightdock_4.pdb      0 -891.157
   17     24       (10.273, 6.775, 13.765, 0.404, -0.312, -0.844, -0.164)      0      0 -1336.75470     0   5.000   -1.000 lightdock_24.pdb      0 -891.170
  122     13       (10.253, -19.673, 18.079, 0.889, -0.105, 0.202, 0.397)      0      0 -1336.79659     0   5.000   -1.000 lightdock_13.pdb      0 -891.173
   32     14         (22.760, 1.643, 0.703, 0.302, 0.770, -0.064, -0.558)      0      0 -1337.01355     4   5.000   -1.000 lightdock_14.pdb      0 -891.177
  215      1        (18.489, 20.175, 1.657, -0.039, -0.264, 0.792, 0.548)      0      0 -1337.04352     2   5.000   -1.000  lightdock_1.pdb      0 -891.179
  215     16         (16.374, 23.526, 3.827, -0.678, 0.121, 0.400, 0.605)      0      0 -1341.47385     1   5.000   -1.000 lightdock_16.pdb      0 -891.204
  140      9        (-6.132, 30.090, -6.769, -0.305, 0.297, 0.280, 0.861)      0      0 -1336.86276     0   5.000   -1.000  lightdock_9.pdb      0 -891.233
  218      6     (-5.524, -26.004, -7.232, -0.565, -0.047, 0.424, -0.706)      0      0 -1334.76203     1   5.000   -1.000  lightdock_6.pdb      0 -891.237
  158     19     (-2.586, 21.278, 10.370, -0.203, -0.579, -0.217, -0.759)      0      0 -1337.10907     1   5.000   -1.000 lightdock_19.pdb      0 -891.254
  159      5        (-2.711, 26.624, 2.983, -0.165, 0.756, 0.605, -0.188)      0      0 -1336.88515     0   5.000   -1.000  lightdock_5.pdb      0 -891.257
  163      2      (2.960, 19.857, -20.654, 0.437, -0.011, -0.855, -0.279)      0      0 -1338.27621     2   5.000   -1.000  lightdock_2.pdb      0 -891.276
  199     21       (12.970, 9.008, 15.408, -0.153, -0.354, 0.824, -0.415)      0      0 -1334.82434     3   5.000   -1.000 lightdock_21.pdb      0 -891.291
   43      8        (4.576, -17.547, 31.988, 0.705, 0.461, 0.286, -0.457)      0      0 -1337.13149     1   5.000   -1.000  lightdock_8.pdb      0 -891.295
  214     19       (-20.492, -15.766, 9.962, 0.898, 0.366, -0.001, 0.244)      0      0 -1336.51902     2   5.000   -1.000 lightdock_19.pdb      0 -891.312
   14      8          (9.219, 26.091, -5.203, 0.683, 0.359, 0.202, 0.604)      0      0 -1337.00276     0   5.000   -1.000  lightdock_8.pdb      0 -891.335
  215     14        (18.501, 19.919, 1.734, -0.039, -0.264, 0.792, 0.548)      0      0 -1336.84795     1   5.000   -1.000 lightdock_14.pdb      0 -891.367
  156      1         (27.529, -2.427, 2.599, -0.223, 0.491, 0.204, 0.817)      0      0 -1337.05095     0   5.000   -1.000  lightdock_1.pdb      0 -891.367
  107     21       (-23.898, 9.687, -1.705, 0.021, -0.915, -0.249, 0.316)      0      0 -1336.70811     3   5.000   -1.000 lightdock_21.pdb      0 -891.382
  140      0        (-17.024, 25.216, -8.929, 0.330, 0.332, 0.883, 0.036)      0      0 -1337.18741     0   5.000   -1.000  lightdock_0.pdb      0 -891.458
  133     23       (-13.642, 13.698, 5.989, -0.482, -0.276, 0.790, 0.260)      0      0 -1337.22517     0   5.000   -1.000 lightdock_23.pdb      0 -891.483
  178     21    (-18.145, 13.824, -8.726, -0.078, -0.485, -0.283, -0.824)      0      0 -1337.27247     0   5.000   -1.000 lightdock_21.pdb      0 -891.515
   28      0         (18.844, 8.897, 13.419, 0.530, 0.798, -0.268, 0.099)      0      0 -1337.27895     0   5.000   -1.000  lightdock_0.pdb      0 -891.519
  170      3       (-17.281, 15.326, 11.918, 0.342, 0.413, 0.167, -0.827)      0      0 -1337.28811     0   5.000   -1.000  lightdock_3.pdb      0 -891.525
  141      4       (14.976, -16.763, -6.434, 0.216, 0.365, -0.905, 0.038)      0      0 -1337.34489     0   5.000   -1.000  lightdock_4.pdb      0 -891.561
   18     16       (21.725, 21.734, -3.687, -0.963, 0.235, 0.087, -0.095)      0      0 -1337.35551     0   5.000   -1.000 lightdock_16.pdb      0 -891.570
    5      5      (22.231, 14.059, -0.097, -0.850, -0.360, 0.372, -0.097)      0      0 -1337.37251     0   5.000   -1.000  lightdock_5.pdb      0 -891.582
  152     19       (24.267, 11.304, 2.650, -0.372, 0.031, -0.854, -0.363)      0      0 -1336.65504     5   5.000   -1.000 lightdock_19.pdb      0 -891.582
   51     17        (-5.476, -22.713, 13.347, 0.697, 0.717, 0.006, 0.026)      0      0 -1337.45107     0   5.000   -1.000 lightdock_17.pdb      0 -891.634
  183     14     (-10.223, -4.875, 17.177, -0.301, -0.606, 0.057, -0.734)      0      0 -1338.46690     1   5.000   -1.000 lightdock_14.pdb      0 -891.657
   10     16         (10.344, 24.567, 3.719, 0.687, -0.154, 0.670, 0.234)      0      0 -1337.51481     0   5.000   -1.000 lightdock_16.pdb      0 -891.677
   64      7     (-21.761, 10.657, -10.132, 0.633, 0.384, -0.645, -0.191)      0      0 -1337.57956     1   5.000   -1.000  lightdock_7.pdb      0 -891.685
   68      6       (-0.685, -30.484, 9.592, 0.525, 0.345, -0.518, -0.580)      0      0 -1337.53638     0   5.000   -1.000  lightdock_6.pdb      0 -891.691
  170     18       (-23.503, 15.842, 0.277, -0.001, 0.124, 0.894, -0.431)      0      0 -1337.57584     0   5.000   -1.000 lightdock_18.pdb      0 -891.717
  170      6       (-23.347, 16.207, 0.217, -0.001, 0.124, 0.894, -0.431)      0      0 -1338.11989     1   5.000   -1.000  lightdock_6.pdb      0 -891.729
   47      9       (5.860, -25.022, 18.704, 0.717, 0.017, -0.526, -0.456)      0      0 -1337.59289     0   5.000   -1.000  lightdock_9.pdb      0 -891.729
   80      8      (0.938, -10.708, -25.466, -0.459, 0.235, 0.765, -0.387)      0      0 -1337.61952     0   5.000   -1.000  lightdock_8.pdb      0 -891.746
    7     17       (23.762, 22.077, -13.931, -0.561, 0.491, 0.110, 0.657)      0      0 -1337.65626     0   5.000   -1.000 lightdock_17.pdb      0 -891.771
  140     20        (-5.701, 30.169, -6.784, -0.305, 0.297, 0.280, 0.861)      0      0 -1338.29872     1   5.000   -1.000 lightdock_20.pdb      0 -891.805
  175     18       (-11.721, 25.320, -6.165, 0.377, 0.682, 0.376, -0.501)      0      0 -1337.80721     0   5.000   -1.000 lightdock_18.pdb      0 -891.819
  140     18        (-6.450, 30.032, -6.758, -0.305, 0.297, 0.280, 0.861)      0      0 -1338.69690     2   5.000   -1.000 lightdock_18.pdb      0 -891.820
  156     10         (27.432, -2.222, 2.897, -0.223, 0.491, 0.204, 0.817)      0      0 -1339.84339     1   5.000   -1.000 lightdock_10.pdb      0 -891.850
   45     18       (14.744, 23.716, -8.943, -0.431, -0.792, 0.075, 0.427)      0      0 -1338.72604     1   5.000   -1.000 lightdock_18.pdb      0 -891.851
   45      6       (14.564, 23.437, -8.668, -0.431, -0.792, 0.075, 0.427)      0      0 -1337.78335     0   5.000   -1.000  lightdock_6.pdb      0 -891.856
   24      8       (13.927, 0.498, -11.782, -0.338, -0.223, 0.914, 0.026)      0      0 -1337.78380     0   5.000   -1.000  lightdock_8.pdb      0 -891.856
  143     24         (24.534, -8.063, -8.688, 0.146, 0.392, 0.855, 0.307)      0      0 -1336.96256     2   5.000   -1.000 lightdock_24.pdb      0 -891.881
   27     17   (-23.185, 16.900, -10.113, -0.444, -0.018, -0.742, -0.502)      0      0 -1337.82347     0   5.000   -1.000 lightdock_17.pdb      0 -891.882
   43     20        (4.822, -17.275, 32.284, 0.705, 0.461, 0.286, -0.457)      0      0 -1337.66719     2   5.000   -1.000 lightdock_20.pdb      0 -891.950
  163      6        (1.514, 19.871, -19.809, 0.033, 0.618, 0.498, -0.608)      0      0 -1337.69616     1   5.000   -1.000  lightdock_6.pdb      0 -891.968
  183      9     (-10.352, -4.773, 17.230, -0.301, -0.606, 0.057, -0.734)      0      0 -1337.96651     0   5.000   -1.000  lightdock_9.pdb      0 -891.978
   64     22     (-22.033, 10.936, -10.308, 0.633, 0.384, -0.645, -0.191)      0      0 -1338.04216     2   5.000   -1.000 lightdock_22.pdb      0 -891.999
  163     13      (-8.256, 24.763, -14.950, -0.225, -0.919, 0.170, 0.276)      0      0 -1338.99385     1   5.000   -1.000 lightdock_13.pdb      0 -892.015
   56      1         (9.104, 10.466, 18.656, 0.050, 0.046, 0.293, -0.954)      0      0 -1338.07807     0   5.000   -1.000  lightdock_1.pdb      0 -892.051
  125     16     (-14.271, -24.471, 14.542, -0.330, 0.331, -0.026, 0.884)      0      0 -1337.70217     1   5.000   -1.000 lightdock_16.pdb      0 -892.147
  214     21     (-17.109, -23.853, 15.622, 0.318, -0.630, -0.176, 0.686)      0      0 -1338.26542     0   5.000   -1.000 lightdock_21.pdb      0 -892.167
  122      5       (10.122, -19.645, 17.976, 0.889, -0.105, 0.202, 0.397)      0      0 -1338.67844     1   5.000   -1.000  lightdock_5.pdb      0 -892.200
  214     11     (-17.274, -23.814, 15.216, 0.318, -0.630, -0.176, 0.686)      0      0 -1338.53396     2   5.000   -1.000 lightdock_11.pdb      0 -892.210
  168      8      (-15.041, -8.148, 8.147, 0.595, -0.302, -0.138, -0.732)      0      0 -1338.35054     0   5.000   -1.000  lightdock_8.pdb      0 -892.234
   24     14       (14.038, 0.517, -11.761, -0.338, -0.223, 0.914, 0.026)      0      0 -1339.11967     1   5.000   -1.000 lightdock_14.pdb      0 -892.248
  122      7        (9.899, -19.599, 17.801, 0.889, -0.105, 0.202, 0.397)      0      0 -1339.05861     3   5.000   -1.000  lightdock_7.pdb      0 -892.259
   76      1      (4.162, 15.897, -24.354, -0.112, 0.068, -0.073, -0.989)      0      0 -1339.83880     1   5.000   -1.000  lightdock_1.pdb      0 -892.275
   92      3      (-29.308, 15.264, -1.149, 0.029, -0.070, 0.992, -0.097)      0      0 -1338.43751     0   5.000   -1.000  lightdock_3.pdb      0 -892.292
  128     11     (-11.548, 24.817, -12.329, 0.005, -0.472, -0.745, 0.471)      0      0 -1338.44041     0   5.000   -1.000 lightdock_11.pdb      0 -892.294
   76     20      (4.551, 15.789, -24.405, -0.112, 0.068, -0.073, -0.989)      0      0 -1338.44311     0   5.000   -1.000 lightdock_20.pdb      0 -892.295
   72      3      (-4.911, -5.581, 25.300, -0.799, 0.214, -0.262, -0.498)      0      0 -1341.09421     1   5.000   -1.000  lightdock_3.pdb      0 -892.327
  193      4     (21.753, 1.967, -10.248, -0.061, -0.067, -0.967, -0.238)      0      0 -1337.87938     2   5.000   -1.000  lightdock_4.pdb      0 -892.345
   72     24       (1.984, -9.244, 21.050, -0.003, -0.924, 0.224, -0.311)      0      0 -1338.52599     0   5.000   -1.000 lightdock_24.pdb      0 -892.351
  112     12        (17.240, 15.710, -4.995, 0.881, 0.066, -0.225, 0.410)      0      0 -1338.53196     0   5.000   -1.000 lightdock_12.pdb      0 -892.355
  214     16     (-17.088, -23.858, 15.674, 0.318, -0.630, -0.176, 0.686)      0      0 -1338.42965     1   5.000   -1.000 lightdock_16.pdb      0 -892.392
  202     17         (9.319, -6.159, -15.765, 0.348, 0.368, 0.640, 0.578)      0      0 -1338.60893     0   5.000   -1.000 lightdock_17.pdb      0 -892.406
   47     10       (5.776, -25.341, 18.712, 0.717, 0.017, -0.526, -0.456)      0      0 -1338.92014     1   5.000   -1.000 lightdock_10.pdb      0 -892.430
  163      1      (-8.156, 24.796, -14.795, -0.225, -0.919, 0.170, 0.276)      0      0 -1338.65033     0   5.000   -1.000  lightdock_1.pdb      0 -892.434
  111      0     (23.839, -6.816, 16.554, -0.511, -0.448, -0.730, -0.071)      0      0 -1338.66012     0   5.000   -1.000  lightdock_0.pdb      0 -892.440
  214      1     (-13.328, -14.862, 16.887, -0.915, 0.221, 0.237, -0.240)      0      0 -1338.73954     0   5.000   -1.000  lightdock_1.pdb      0 -892.493
    5     13      (22.235, 14.059, -0.101, -0.850, -0.360, 0.372, -0.097)      0      0 -1338.16711     1   5.000   -1.000 lightdock_13.pdb      0 -892.494
  192     13    (-23.623, 16.530, -15.636, -0.396, -0.762, 0.506, -0.078)      0      0 -1339.54288     1   5.000   -1.000 lightdock_13.pdb      0 -892.499
   42      8       (-1.487, -16.775, 25.646, 0.326, -0.870, 0.369, 0.038)      0      0 -1339.96140     1   5.000   -1.000  lightdock_8.pdb      0 -892.512
  214      0     (-11.463, -22.714, 10.761, -0.719, 0.156, 0.016, -0.677)      0      0 -1340.10800     1   5.000   -1.000  lightdock_0.pdb      0 -892.520
  192     24    (-24.038, 16.332, -15.695, -0.396, -0.762, 0.506, -0.078)      0      0 -1338.82592     0   5.000   -1.000 lightdock_24.pdb      0 -892.551
  105     22      (7.305, -1.598, -25.468, -0.132, -0.035, 0.915, -0.379)      0      0 -1338.84339     0   5.000   -1.000 lightdock_22.pdb      0 -892.562
  165      5        (3.717, -24.902, 15.985, -0.511, 0.834, 0.073, 0.197)      0      0 -1338.87559     0   5.000   -1.000  lightdock_5.pdb      0 -892.584
  178     16      (-8.808, 17.369, -15.595, 0.630, 0.539, -0.559, -0.002)      0      0 -1338.88193     0   5.000   -1.000 lightdock_16.pdb      0 -892.588
  163     24       (-3.810, 20.623, -11.849, 0.122, -0.666, 0.599, 0.428)      0      0 -1339.03183     0   5.000   -1.000 lightdock_24.pdb      0 -892.628
  175     22       (-11.694, 25.291, -6.261, 0.377, 0.682, 0.376, -0.501)      0      0 -1339.10043     1   5.000   -1.000 lightdock_22.pdb      0 -892.645
   87     12     (5.292, -13.068, -7.616, -0.580, -0.807, -0.081, -0.074)      0      0 -1338.99756     0   5.000   -1.000 lightdock_12.pdb      0 -892.665
   43     12        (4.710, -17.399, 32.150, 0.705, 0.461, 0.286, -0.457)      0      0 -1337.75661     3   5.000   -1.000 lightdock_12.pdb      0 -892.667
  213      1     (-19.691, -1.968, -7.462, -0.020, 0.836, -0.544, -0.066)      0      0 -1339.26334     1   5.000   -1.000  lightdock_1.pdb      0 -892.679
  133     12        (-23.573, 17.811, 9.780, -0.982, 0.007, 0.052, 0.179)      0      0 -1338.33112     2   5.000   -1.000 lightdock_12.pdb      0 -892.686
   27     24   (-23.258, 16.736, -10.551, -0.444, -0.018, -0.742, -0.502)      0      0 -1340.10101     4   5.000   -1.000 lightdock_24.pdb      0 -892.707
  213     20     (-19.553, -2.051, -7.328, -0.020, 0.836, -0.544, -0.066)      0      0 -1339.12144     0   5.000   -1.000 lightdock_20.pdb      0 -892.748
  151     24     (-0.847, -12.673, 28.214, -0.233, -0.710, 0.001, -0.664)      0      0 -1337.98600     1   5.000   -1.000 lightdock_24.pdb      0 -892.797
  214      7     (-11.485, -22.871, 10.902, -0.719, 0.156, 0.016, -0.677)      0      0 -1339.27385     0   5.000   -1.000  lightdock_7.pdb      0 -892.849
  141     16       (14.974, -16.763, -6.425, 0.216, 0.365, -0.905, 0.038)      0      0 -1338.72878     1   5.000   -1.000 lightdock_16.pdb      0 -892.871
   42     13       (-1.468, -16.627, 25.710, 0.326, -0.870, 0.369, 0.038)      0      0 -1339.35135     0   5.000   -1.000 lightdock_13.pdb      0 -892.901
    6     14      (-18.125, -14.279, 2.645, -0.755, 0.502, 0.215, -0.364)      0      0 -1339.42140     0   5.000   -1.000 lightdock_14.pdb      0 -892.948
  122     17       (10.504, -19.725, 18.276, 0.889, -0.105, 0.202, 0.397)      0      0 -1339.01395     2   5.000   -1.000 lightdock_17.pdb      0 -892.955
  128     19     (-11.672, 24.775, -12.454, 0.005, -0.472, -0.745, 0.471)      0      0 -1339.28659     1   5.000   -1.000 lightdock_19.pdb      0 -892.986
   98     11     (-0.617, 21.623, -19.728, 0.774, -0.448, -0.293, -0.337)      0      0 -1345.56253     0   5.000   -1.000 lightdock_11.pdb      0 -892.991
  191     22        (-7.344, -3.042, 28.628, -0.418, 0.197, 0.776, 0.429)      0      0 -1337.79224     1   5.000   -1.000 lightdock_22.pdb      0 -893.039
  155     18     (23.006, -19.571, 13.283, -0.380, -0.425, -0.638, 0.518)      0      0 -1339.61276     0   5.000   -1.000 lightdock_18.pdb      0 -893.075
  163     17      (2.984, 19.404, -20.317, 0.437, -0.011, -0.855, -0.279)      0      0 -1337.97224     1   5.000   -1.000 lightdock_17.pdb      0 -893.085
   98      7     (-0.618, 21.524, -20.202, 0.774, -0.448, -0.293, -0.337)      0      0 -1347.26806     2   5.000   -1.000  lightdock_7.pdb      0 -893.099
   56     12         (9.163, 10.697, 18.530, 0.050, 0.046, 0.293, -0.954)      0      0 -1339.38717     1   5.000   -1.000 lightdock_12.pdb      0 -893.117
  159      7          (3.284, 22.817, 2.109, 0.206, 0.948, 0.238, -0.045)      0      0 -1339.68645     0   5.000   -1.000  lightdock_7.pdb      0 -893.124
   36     22     (-18.135, -17.550, -9.344, -0.048, -0.366, 0.368, 0.854)      0      0 -1339.69048     0   5.000   -1.000 lightdock_22.pdb      0 -893.127
   43      5       (8.096, -17.433, 24.764, 0.083, 0.618, -0.768, -0.148)      0      0 -1338.84822     1   5.000   -1.000  lightdock_5.pdb      0 -893.163
  175      9       (-11.898, 25.414, -6.109, 0.377, 0.682, 0.376, -0.501)      0      0 -1339.29018     2   5.000   -1.000  lightdock_9.pdb      0 -893.172
  135     16       (-5.870, -18.987, 24.184, 0.093, -0.045, 0.980, 0.171)      0      0 -1341.26888     0   5.000   -1.000 lightdock_16.pdb      0 -893.178
   43      0        (3.708, -5.835, 26.575, -0.609, 0.436, 0.194, -0.633)      0      0 -1339.77148     0   5.000   -1.000  lightdock_0.pdb      0 -893.181
    6     21      (-18.119, -14.277, 2.640, -0.755, 0.502, 0.215, -0.364)      0      0 -1339.69202     1   5.000   -1.000 lightdock_21.pdb      0 -893.192
  165     23        (2.392, -22.487, 5.545, -0.834, 0.476, -0.139, 0.243)      0      0 -1339.80559     0   5.000   -1.000 lightdock_23.pdb      0 -893.204
   99      4      (-17.948, 12.981, -5.874, 0.045, -0.327, -0.632, 0.701)      0      0 -1339.83055     0   5.000   -1.000  lightdock_4.pdb      0 -893.220
   27      2    (-23.389, 16.621, -9.813, -0.444, -0.018, -0.742, -0.502)      0      0 -1340.02310     3   5.000   -1.000  lightdock_2.pdb      0 -893.223
  126      5      (-13.439, 8.228, 17.952, -0.145, -0.726, -0.671, 0.038)      0      0 -1339.83455     0   5.000   -1.000  lightdock_5.pdb      0 -893.223
  140      2       (-1.852, 24.591, -4.175, 0.423, 0.028, -0.573, -0.702)      0      0 -1339.84814     0   5.000   -1.000  lightdock_2.pdb      0 -893.232
   67      5        (8.664, 8.073, -15.907, -0.858, 0.110, 0.373, -0.336)      0      0 -1339.85929     0   5.000   -1.000  lightdock_5.pdb      0 -893.240
   34     10      (1.724, -31.823, -4.103, -0.055, -0.913, -0.398, 0.071)      0      0 -1337.99169     1   5.000   -1.000 lightdock_10.pdb      0 -893.254
  122     23       (10.314, -19.686, 18.127, 0.889, -0.105, 0.202, 0.397)      0      0 -1339.50764     4   5.000   -1.000 lightdock_23.pdb      0 -893.294
  199      4         (9.904, 5.062, 23.347, -0.221, 0.054, 0.877, -0.424)      0      0 -1340.20796     0   5.000   -1.000  lightdock_4.pdb      0 -893.294
  178     15      (-9.022, 17.183, -15.697, 0.630, 0.539, -0.559, -0.002)      0      0 -1340.62790     1   5.000   -1.000 lightdock_15.pdb      0 -893.295
  121      1       (5.259, -22.499, 23.869, 0.040, -0.460, -0.058, 0.885)      0      0 -1339.94393     0   5.000   -1.000  lightdock_1.pdb      0 -893.296
  159      9           (0.111, 29.656, 1.765, 0.392, 0.897, 0.038, 0.199)      0      0 -1352.89735     0   5.000   -1.000  lightdock_9.pdb      0 -893.313
  165      6        (3.488, -25.023, 15.772, -0.511, 0.834, 0.073, 0.197)      0      0 -1340.34250     1   5.000   -1.000  lightdock_6.pdb      0 -893.315
   92     21      (-29.033, 15.385, -1.415, 0.029, -0.070, 0.992, -0.097)      0      0 -1340.70026     2   5.000   -1.000 lightdock_21.pdb      0 -893.330
   56     24         (9.076, 10.356, 18.715, 0.050, 0.046, 0.293, -0.954)      0      0 -1339.80069     2   5.000   -1.000 lightdock_24.pdb      0 -893.353
  215     11         (16.536, 23.499, 3.856, -0.678, 0.121, 0.400, 0.605)      0      0 -1343.71787     2   5.000   -1.000 lightdock_11.pdb      0 -893.355
  165     11       (3.349, -16.714, 14.086, 0.619, -0.245, -0.745, 0.040)      0      0 -1340.04175     0   5.000   -1.000 lightdock_11.pdb      0 -893.361
  155     16     (23.334, -19.693, 13.230, -0.380, -0.425, -0.638, 0.518)      0      0 -1340.78344     1   5.000   -1.000 lightdock_16.pdb      0 -893.376
  206     21      (16.015, -19.259, -6.234, 0.929, -0.318, -0.174, 0.069)      0      0 -1340.10880     0   5.000   -1.000 lightdock_21.pdb      0 -893.406
   59     10        (20.419, 5.788, 10.401, 0.405, -0.209, 0.240, -0.857)      0      0 -1340.13456     0   5.000   -1.000 lightdock_10.pdb      0 -893.423
  136      1         (-21.814, 5.698, 5.671, 0.151, -0.889, 0.136, 0.411)      0      0 -1340.18430     0   5.000   -1.000  lightdock_1.pdb      0 -893.456
  140     14        (-5.952, 30.209, -6.880, -0.305, 0.297, 0.280, 0.861)      0      0 -1339.65625     4   5.000   -1.000 lightdock_14.pdb      0 -893.465
  182     23      (19.327, -0.185, 12.446, -0.785, 0.114, -0.399, -0.460)      0      0 -1340.20328     0   5.000   -1.000 lightdock_23.pdb      0 -893.469
  107      7       (-23.903, 9.355, -1.597, 0.021, -0.915, -0.249, 0.316)      0      0 -1338.57325     4   5.000   -1.000  lightdock_7.pdb      0 -893.472
  135     13       (-5.386, -19.433, 24.508, 0.093, -0.045, 0.980, 0.171)      0      0 -1343.19214     5   3.320   -1.000 lightdock_13.pdb      0 -893.480
  125     11     (-14.406, -24.519, 14.314, -0.330, 0.331, -0.026, 0.884)      0      0 -1339.27560     2   5.000   -1.000 lightdock_11.pdb      0 -893.488
  120     20        (-23.306, 8.141, -7.080, -0.361, 0.408, 0.166, 0.822)      0      0 -1340.26138     0   5.000   -1.000 lightdock_20.pdb      0 -893.508
   92     24      (-29.540, 15.169, -0.936, 0.029, -0.070, 0.992, -0.097)      0      0 -1339.93038     1   5.000   -1.000 lightdock_24.pdb      0 -893.531
  192      8       (-19.432, 16.234, -7.929, 0.065, 0.132, 0.818, -0.556)      0      0 -1341.09484     1   5.000   -1.000  lightdock_8.pdb      0 -893.561
   21     16     (-15.785, 11.340, 18.611, -0.971, -0.017, -0.218, 0.098)      0      0 -1338.84774     1   5.000   -1.000 lightdock_16.pdb      0 -893.566
   50      4     (-10.127, 24.052, -1.512, -0.545, 0.810, -0.082, -0.200)      0      0 -1340.36243     0   5.000   -1.000  lightdock_4.pdb      0 -893.575
  140     13        (-5.950, 30.123, -6.776, -0.305, 0.297, 0.280, 0.861)      0      0 -1339.51304     3   5.000   -1.000 lightdock_13.pdb      0 -893.578
  163     12      (-8.032, 24.837, -14.604, -0.225, -0.919, 0.170, 0.276)      0      0 -1339.47571     2   5.000   -1.000 lightdock_12.pdb      0 -893.591
  162     15          (8.499, 15.974, 6.729, 0.407, 0.097, 0.568, -0.709)      0      0 -1340.38790     0   5.000   -1.000 lightdock_15.pdb      0 -893.592
  199     10         (9.674, 4.901, 23.634, -0.221, 0.054, 0.877, -0.424)      0      0 -1340.75424     1   5.000   -1.000 lightdock_10.pdb      0 -893.626
  163      7       (-9.505, 13.361, -12.957, 0.807, 0.574, -0.050, 0.127)      0      0 -1340.45378     0   5.000   -1.000  lightdock_7.pdb      0 -893.636
  172     20       (-1.282, 24.245, -4.587, -0.487, -0.739, 0.272, 0.378)      0      0 -1341.51689     1   5.000   -1.000 lightdock_20.pdb      0 -893.637
   87      6     (14.257, -17.186, -9.236, 0.182, -0.533, -0.826, -0.029)      0      0 -1340.45589     0   5.000   -1.000  lightdock_6.pdb      0 -893.637
   30     13      (-16.726, -20.646, -0.845, 0.096, 0.907, 0.286, -0.294)      0      0 -1340.46957     0   5.000   -1.000 lightdock_13.pdb      0 -893.646
  192     11       (-19.375, 16.050, -7.978, 0.065, 0.132, 0.818, -0.556)      0      0 -1340.47927     0   5.000   -1.000 lightdock_11.pdb      0 -893.653
  178     23    (-18.129, 13.827, -8.739, -0.078, -0.485, -0.283, -0.824)      0      0 -1339.57740     1   5.000   -1.000 lightdock_23.pdb      0 -893.669
   43     17        (4.063, -5.589, 26.478, -0.609, 0.436, 0.194, -0.633)      0      0 -1340.49243     1   5.000   -1.000 lightdock_17.pdb      0 -893.690
   72      6      (-5.109, -5.472, 25.302, -0.799, 0.214, -0.262, -0.498)      0      0 -1340.54268     0   5.000   -1.000  lightdock_6.pdb      0 -893.695
  120     24        (-23.244, 8.143, -7.122, -0.361, 0.408, 0.166, 0.822)      0      0 -1340.54874     1   5.000   -1.000 lightdock_24.pdb      0 -893.701
  214      9     (-11.494, -22.939, 10.963, -0.719, 0.156, 0.016, -0.677)      0      0 -1340.24960     2   5.000   -1.000  lightdock_9.pdb      0 -893.704
  214      4     (-12.991, -14.824, 16.873, -0.915, 0.221, 0.237, -0.240)      0      0 -1341.53684     1   5.000   -1.000  lightdock_4.pdb      0 -893.709
   96      9        (-19.467, 2.382, 3.640, 0.496, -0.805, 0.002, -0.327)      0      0 -1340.58051     0   5.000   -1.000  lightdock_9.pdb      0 -893.720
  120      2        (-23.690, 8.129, -6.821, -0.361, 0.408, 0.166, 0.822)      0      0 -1340.68601     2   5.000   -1.000  lightdock_2.pdb      0 -893.770
  111     17      (14.117, -15.603, 14.371, -0.469, 0.542, 0.681, -0.149)      0      0 -1340.70787     0   5.000   -1.000 lightdock_17.pdb      0 -893.805
   41      6          (23.662, 8.326, 7.049, 0.065, 0.481, -0.280, 0.828)      0      0 -1343.34828     2   5.000   -1.000  lightdock_6.pdb      0 -893.811
  165     16        (3.833, -24.840, 16.093, -0.511, 0.834, 0.073, 0.197)      0      0 -1340.42898     2   5.000   -1.000 lightdock_16.pdb      0 -893.813
   25      0        (-5.902, 0.399, 14.047, -0.603, -0.438, 0.571, 0.345)      0      0 -1340.72049     0   5.000   -1.000  lightdock_0.pdb      0 -893.814
   95      3       (-0.120, -9.500, -20.987, 0.437, -0.469, 0.646, 0.415)      0      0 -1340.73150     0   5.000   -1.000  lightdock_3.pdb      0 -893.821
   17      0       (15.718, 12.139, 21.022, 0.034, 0.283, -0.418, -0.863)      0      0 -1342.59084     1   5.000   -1.000  lightdock_0.pdb      0 -893.870
   24      4       (17.690, -6.632, -17.018, 0.424, 0.629, -0.612, 0.225)      0      0 -1343.58491     0   5.000   -1.000  lightdock_4.pdb      0 -893.874
  214     23     (-13.313, -14.867, 16.886, -0.913, 0.225, 0.237, -0.244)      0      0 -1345.56159     3   5.000   -1.000 lightdock_23.pdb      0 -893.876
   24     16       (17.453, -6.887, -16.761, 0.424, 0.629, -0.612, 0.225)      0      0 -1344.09231     1   5.000   -1.000 lightdock_16.pdb      0 -893.889
  126     14      (-13.597, 8.101, 17.561, -0.145, -0.726, -0.671, 0.038)      0      0 -1341.26019     1   5.000   -1.000 lightdock_14.pdb      0 -893.891
  160     16     (-16.178, -10.275, 17.093, -0.374, 0.736, -0.558, 0.084)      0      0 -1340.84448     0   5.000   -1.000 lightdock_16.pdb      0 -893.896
  106      4         (9.996, -19.684, 4.169, 0.158, 0.276, 0.921, -0.226)      0      0 -1340.86235     0   5.000   -1.000  lightdock_4.pdb      0 -893.908
  135     15       (-5.946, -18.954, 24.165, 0.093, -0.045, 0.980, 0.171)      0      0 -1341.45756     1   5.000   -1.000 lightdock_15.pdb      0 -893.980
   27      3   (-23.351, 16.614, -10.058, -0.444, -0.018, -0.742, -0.502)      0      0 -1340.01236     2   5.000   -1.000  lightdock_3.pdb      0 -894.002
   65      0      (12.137, 15.418, -19.857, 0.407, -0.215, -0.042, 0.887)      0      0 -1341.00774     0   5.000   -1.000  lightdock_0.pdb      0 -894.005
  199      0         (9.694, 4.918, 23.603, -0.221, 0.054, 0.877, -0.424)      0      0 -1341.33132     2   5.000   -1.000  lightdock_0.pdb      0 -894.030
  139      1       (17.706, 23.245, -3.124, 0.039, -0.361, -0.560, 0.745)      0      0 -1343.02882     2   5.000   -1.000  lightdock_1.pdb      0 -894.049
  161     23       (-19.157, 21.800, 8.862, -0.396, -0.658, 0.350, 0.536)      0      0 -1341.09801     0   5.000   -1.000 lightdock_23.pdb      0 -894.065
  204     13       (5.759, -1.633, -16.210, 0.642, -0.524, 0.517, -0.214)      0      0 -1341.13602     0   5.000   -1.000 lightdock_13.pdb      0 -894.091
  172     17       (-0.928, 24.017, -4.700, -0.487, -0.739, 0.272, 0.378)      0      0 -1341.15431     0   5.000   -1.000 lightdock_17.pdb      0 -894.103
   30     14      (-16.688, -20.604, -0.853, 0.096, 0.907, 0.286, -0.294)      0      0 -1341.07373     1   5.000   -1.000 lightdock_14.pdb      0 -894.109
  103      1        (-6.632, -18.758, 9.986, 0.798, 0.416, 0.408, -0.153)      0      0 -1343.77794     1   5.000   -1.000  lightdock_1.pdb      0 -894.131
   22      0       (19.884, -8.447, -2.316, 0.259, -0.597, 0.759, -0.018)      0      0 -1341.25093     0   5.000   -1.000  lightdock_0.pdb      0 -894.167
   40     12        (3.279, 14.392, 15.680, 0.271, -0.162, -0.947, 0.052)      0      0 -1341.28173     0   5.000   -1.000 lightdock_12.pdb      0 -894.188
   10     10         (10.098, 24.543, 3.794, 0.687, -0.154, 0.670, 0.234)      0      0 -1339.45201     1   5.000   -1.000 lightdock_10.pdb      0 -894.191
  160     15     (-16.296, -10.386, 16.929, -0.374, 0.736, -0.558, 0.084)      0      0 -1341.60496     1   5.000   -1.000 lightdock_15.pdb      0 -894.192
  216      7       (-3.353, 19.743, -7.057, 0.675, -0.242, 0.589, -0.373)      0      0 -1343.02129     1   5.000   -1.000  lightdock_7.pdb      0 -894.215
  140      7     (-1.440, 22.112, -12.058, -0.476, 0.136, -0.258, -0.829)      0      0 -1342.60504     1   5.000   -1.000  lightdock_7.pdb      0 -894.298
  172      8       (-0.625, 23.905, -4.852, -0.487, -0.739, 0.272, 0.378)      0      0 -1341.54971     2   5.000   -1.000  lightdock_8.pdb      0 -894.303
   75     17     (-22.142, 0.122, -10.116, -0.371, -0.075, -0.906, 0.188)      0      0 -1341.48216     0   5.000   -1.000 lightdock_17.pdb      0 -894.321
  139      7       (17.672, 23.259, -3.140, 0.039, -0.361, -0.560, 0.745)      0      0 -1346.01266     4   5.000   -1.000  lightdock_7.pdb      0 -894.329
  148      4        (22.587, -7.471, 7.371, -0.071, 0.077, 0.321, -0.941)      0      0 -1341.56143     0   5.000   -1.000  lightdock_4.pdb      0 -894.374
  103     12        (-6.261, -18.863, 9.737, 0.798, 0.416, 0.408, -0.153)      0      0 -1341.56227     0   5.000   -1.000 lightdock_12.pdb      0 -894.375
  139     19       (17.397, 23.390, -3.384, 0.039, -0.361, -0.560, 0.745)      0      0 -1341.65314     0   5.000   -1.000 lightdock_19.pdb      0 -894.405
  135      4       (-5.860, -18.992, 24.188, 0.093, -0.045, 0.980, 0.171)      0      0 -1341.86002     2   5.000   -1.000  lightdock_4.pdb      0 -894.435
  140     15     (-1.041, 22.211, -12.193, -0.476, 0.136, -0.258, -0.829)      0      0 -1341.65899     0   5.000   -1.000 lightdock_15.pdb      0 -894.439
  135      8       (-5.824, -19.016, 24.204, 0.093, -0.045, 0.980, 0.171)      0      0 -1341.98506     3   5.000   -1.000  lightdock_8.pdb      0 -894.458
   17     22       (15.710, 11.707, 20.934, 0.034, 0.283, -0.418, -0.863)      0      0 -1341.76417     0   5.000   -1.000 lightdock_22.pdb      0 -894.509
  184     24      (-11.954, -18.796, 24.487, 0.004, -0.487, 0.031, 0.873)      0      0 -1341.80926     0   5.000   -1.000 lightdock_24.pdb      0 -894.540
  126     22      (-13.410, 8.251, 18.023, -0.145, -0.726, -0.671, 0.038)      0      0 -1341.63200     2   5.000   -1.000 lightdock_22.pdb      0 -894.563
   49      6     (18.499, -6.751, -6.683, -0.387, -0.312, -0.615, -0.612)      0      0 -1341.85547     0   5.000   -1.000  lightdock_6.pdb      0 -894.570
  214     18     (-17.202, -23.846, 15.449, 0.318, -0.630, -0.176, 0.686)      0      0 -1340.78815     3   5.000   -1.000 lightdock_18.pdb      0 -894.609
  206     10      (15.734, -19.407, -6.025, 0.929, -0.318, -0.174, 0.069)      0      0 -1341.18031     1   5.000   -1.000 lightdock_10.pdb      0 -894.645
   18     20         (9.326, 25.239, -5.408, 0.643, 0.558, -0.500, 0.158)      0      0 -1341.98094     0   5.000   -1.000 lightdock_20.pdb      0 -894.654
  182     19        (13.175, 4.529, 17.350, 0.519, -0.767, -0.334, 0.176)      0      0 -1342.01769     0   5.000   -1.000 lightdock_19.pdb      0 -894.678
   62     18      (11.687, -4.447, -13.510, -0.357, 0.751, -0.100, 0.547)      0      0 -1342.03336     0   5.000   -1.000 lightdock_18.pdb      0 -894.689
  183     19        (-6.292, 4.487, 19.548, 0.548, -0.377, 0.261, -0.700)      0      0 -1342.05251     0   5.000   -1.000 lightdock_19.pdb      0 -894.702
  104      2      (12.696, -19.289, 13.914, 0.338, -0.935, 0.080, -0.071)      0      0 -1342.05497     0   5.000   -1.000  lightdock_2.pdb      0 -894.703
  174     20      (-7.368, -8.021, -13.147, -0.466, -0.823, 0.215, 0.242)      0      0 -1342.06950     0   5.000   -1.000 lightdock_20.pdb      0 -894.713
  119     12        (9.012, 17.284, -14.599, 0.321, 0.782, -0.351, 0.403)      0      0 -1344.06709     1   5.000   -1.000 lightdock_12.pdb      0 -894.718
   29      7     (4.104, -14.424, -7.352, -0.270, -0.527, -0.601, -0.536)      0      0 -1342.10119     0   5.000   -1.000  lightdock_7.pdb      0 -894.737
  169     23      (-19.679, -10.738, 5.868, 0.158, 0.820, -0.352, -0.422)      0      0 -1342.12936     0   5.000   -1.000 lightdock_23.pdb      0 -894.753
   18     13         (9.160, 25.647, -5.327, 0.643, 0.558, -0.500, 0.158)      0      0 -1342.54461     1   5.000   -1.000 lightdock_13.pdb      0 -894.768
  129     12      (-18.722, 32.551, 2.191, -0.325, 0.618, -0.611, -0.373)      0      0 -1342.82544     1   5.000   -1.000 lightdock_12.pdb      0 -894.772
  162     19        (17.845, 16.702, 4.599, -0.377, 0.545, 0.338, -0.669)      0      0 -1342.16280     0   5.000   -1.000 lightdock_19.pdb      0 -894.775
  184      7     (-4.068, -14.546, 24.756, -0.154, 0.768, -0.613, -0.102)      0      0 -1342.16473     0   5.000   -1.000  lightdock_7.pdb      0 -894.776
   91     17     (-11.714, -24.844, -3.560, -0.804, 0.360, -0.460, 0.115)      0      0 -1342.17030     0   5.000   -1.000 lightdock_17.pdb      0 -894.780
   62     23      (7.050, -12.521, -9.226, -0.898, 0.098, -0.076, -0.422)      0      0 -1342.21561     0   5.000   -1.000 lightdock_23.pdb      0 -894.810
    0      7       (12.254, -7.097, 17.082, 0.720, -0.452, 0.333, -0.409)      0      0 -1342.23746     0   5.000   -1.000  lightdock_7.pdb      0 -894.825
  112     18     (24.077, 21.607, -11.867, 0.346, -0.375, -0.344, -0.788)      0      0 -1342.25852     0   5.000   -1.000 lightdock_18.pdb      0 -894.839
  174     21      (-7.131, -8.042, -13.047, -0.466, -0.823, 0.215, 0.242)      0      0 -1342.74205     1   5.000   -1.000 lightdock_21.pdb      0 -894.851
  128     13     (-2.636, 30.004, -10.005, 0.635, -0.271, -0.502, -0.521)      0      0 -1342.29613     0   5.000   -1.000 lightdock_13.pdb      0 -894.864
  170      9       (-18.821, 20.570, -1.098, -0.488, 0.698, 0.243, 0.465)      0      0 -1342.29647     0   5.000   -1.000  lightdock_9.pdb      0 -894.864
  113     10        (0.018, -3.120, 25.457, 0.138, -0.636, -0.724, 0.227)      0      0 -1342.30102     0   5.000   -1.000 lightdock_10.pdb      0 -894.867
   12      7        (16.436, 2.528, -14.584, -0.718, 0.342, 0.601, 0.071)      0      0 -1358.50051     4   5.000   -1.000  lightdock_7.pdb      0 -894.878
  216      5       (-3.686, 19.663, -7.018, 0.675, -0.242, 0.589, -0.373)      0      0 -1342.33969     0   5.000   -1.000  lightdock_5.pdb      0 -894.893
  129     13      (-18.370, 32.617, 1.886, -0.325, 0.618, -0.611, -0.373)      0      0 -1342.35623     0   5.000   -1.000 lightdock_13.pdb      0 -894.904
   76     15      (4.706, 15.746, -24.426, -0.112, 0.068, -0.073, -0.989)      0      0 -1340.90009     2   5.000   -1.000 lightdock_15.pdb      0 -894.955
  214      6     (-13.663, -14.899, 16.903, -0.915, 0.221, 0.237, -0.240)      0      0 -1342.44702     2   5.000   -1.000  lightdock_6.pdb      0 -894.969
   79      3       (-19.131, -3.686, -4.261, 0.377, -0.242, 0.178, 0.876)      0      0 -1342.46005     0   5.000   -1.000  lightdock_3.pdb      0 -894.973
   55     21       (-18.261, -13.707, -3.526, 0.351, 0.406, 0.627, 0.565)      0      0 -1342.46908     0   5.000   -1.000 lightdock_21.pdb      0 -894.979
  131     18     (11.563, 15.672, -19.067, -0.682, -0.043, 0.103, -0.723)      0      0 -1342.47818     0   5.000   -1.000 lightdock_18.pdb      0 -894.985
   42     21       (-1.447, -16.489, 25.771, 0.326, -0.870, 0.369, 0.038)      0      0 -1341.07846     2   5.000   -1.000 lightdock_21.pdb      0 -894.993
   65     23      (12.042, 15.332, -20.185, 0.407, -0.215, -0.042, 0.887)      0      0 -1342.33331     1   5.000   -1.000 lightdock_23.pdb      0 -895.034
  101     21        (17.136, 20.944, -1.790, 0.506, 0.087, -0.421, 0.747)      0      0 -1342.63792     0   5.000   -1.000 lightdock_21.pdb      0 -895.092
    9     16      (-9.354, -6.135, -19.639, 0.456, -0.430, -0.770, 0.120)      0      0 -1342.65152     0   5.000   -1.000 lightdock_16.pdb      0 -895.101
   98     12     (-0.588, 21.698, -19.358, 0.774, -0.448, -0.293, -0.337)      0      0 -1349.88220     4   5.000   -1.000 lightdock_12.pdb      0 -895.110
  120      5        (-23.459, 8.136, -6.977, -0.361, 0.408, 0.166, 0.822)      0      0 -1341.82379     3   5.000   -1.000  lightdock_5.pdb      0 -895.127
  130     15       (24.805, -4.692, -1.911, 0.576, 0.221, -0.733, -0.285)      0      0 -1342.78341     0   5.000   -1.000 lightdock_15.pdb      0 -895.189
  159      8        (-2.625, 26.429, 2.928, -0.165, 0.756, 0.605, -0.188)      0      0 -1339.73996     1   5.000   -1.000  lightdock_8.pdb      0 -895.234
   39     24         (-25.219, 8.880, -5.773, 0.593, 0.246, 0.767, 0.013)      0      0 -1344.88957     1   5.000   -1.000 lightdock_24.pdb      0 -895.237
   91      2     (-11.968, -24.993, -3.439, -0.804, 0.360, -0.460, 0.115)      0      0 -1342.95644     1   5.000   -1.000  lightdock_2.pdb      0 -895.259
   59     18       (23.683, 0.553, 15.856, 0.143, -0.865, -0.367, -0.311)      0      0 -1342.92962     0   5.000   -1.000 lightdock_18.pdb      0 -895.286
   36      5     (-18.021, -17.587, -9.164, -0.048, -0.366, 0.368, 0.854)      0      0 -1342.89731     1   5.000   -1.000  lightdock_5.pdb      0 -895.295
   95     18       (-0.068, -9.221, -21.004, 0.437, -0.469, 0.646, 0.415)      0      0 -1342.16727     1   5.000   -1.000 lightdock_18.pdb      0 -895.296
  206      3    (22.904, -16.539, -2.407, -0.358, -0.623, -0.471, -0.511)      0      0 -1342.94708     0   5.000   -1.000  lightdock_3.pdb      0 -895.298
  156     20         (27.569, -2.510, 2.478, -0.223, 0.491, 0.204, 0.817)      0      0 -1341.09556     2   5.000   -1.000 lightdock_20.pdb      0 -895.335
  139     13       (17.179, 23.492, -3.567, 0.039, -0.361, -0.560, 0.745)      0      0 -1342.68318     1   5.000   -1.000 lightdock_13.pdb      0 -895.415
  121     19       (5.248, -22.508, 23.821, 0.040, -0.460, -0.058, 0.885)      0      0 -1342.23669     1   5.000   -1.000 lightdock_19.pdb      0 -895.444
   64     16     (-22.250, 11.791, -10.072, 0.354, -0.376, 0.148, -0.844)      0      0 -1343.17481     0   5.000   -1.000 lightdock_16.pdb      0 -895.450
  158     16         (8.520, 25.115, 5.574, 0.023, 0.166, -0.075, -0.983)      0      0 -1343.19650     0   5.000   -1.000 lightdock_16.pdb      0 -895.464
   29     18   (13.804, -16.723, -13.076, -0.260, -0.106, -0.959, -0.044)      0      0 -1346.24976     1   5.000   -1.000 lightdock_18.pdb      0 -895.466
  184     22      (-11.993, -18.944, 24.445, 0.004, -0.487, 0.031, 0.873)      0      0 -1342.66796     1   5.000   -1.000 lightdock_22.pdb      0 -895.498
   39     14         (-25.093, 8.697, -5.715, 0.593, 0.246, 0.766, 0.013)      0      0 -1343.28581     0   5.000   -1.000 lightdock_14.pdb      0 -895.524
  111     15     (23.845, -6.811, 16.545, -0.511, -0.448, -0.730, -0.071)      0      0 -1341.65943     1   5.000   -1.000 lightdock_15.pdb      0 -895.582
  130     10       (24.852, -4.519, -1.828, 0.576, 0.221, -0.733, -0.285)      0      0 -1344.05666     2   5.000   -1.000 lightdock_10.pdb      0 -895.601
  119      3        (8.869, 17.249, -14.683, 0.321, 0.782, -0.351, 0.403)      0      0 -1343.50410     0   5.000   -1.000  lightdock_3.pdb      0 -895.669
  157     24      (-17.493, 11.212, -6.260, 0.940, -0.034, -0.209, 0.269)      0      0 -1343.51881     0   5.000   -1.000 lightdock_24.pdb      0 -895.679
  212      7         (6.424, 21.959, -11.059, 0.681, 0.407, 0.256, 0.552)      0      0 -1343.52007     0   5.000   -1.000  lightdock_7.pdb      0 -895.680
   82     18     (-11.585, -18.510, -1.045, -0.609, -0.785, 0.116, 0.024)      0      0 -1343.52108     0   5.000   -1.000 lightdock_18.pdb      0 -895.681
   25     14     (-11.200, -2.571, 19.813, 0.483, -0.079, -0.638, -0.595)      0      0 -1343.55683     0   5.000   -1.000 lightdock_14.pdb      0 -895.705
  115      0      (0.345, -29.952, 12.966, 0.645, -0.732, -0.178, -0.129)      0      0 -1344.19343     1   5.000   -1.000  lightdock_0.pdb      0 -895.715
   71      0      (-25.415, 2.485, 8.612, -0.350, -0.244, -0.850, -0.308)      0      0 -1343.60764     0   5.000   -1.000  lightdock_0.pdb      0 -895.738
  115     19      (0.799, -29.834, 12.954, 0.645, -0.732, -0.178, -0.129)      0      0 -1343.65965     0   5.000   -1.000 lightdock_19.pdb      0 -895.772
  132     17      (18.175, -1.240, 21.046, -0.178, 0.966, -0.107, -0.157)      0      0 -1343.67035     0   5.000   -1.000 lightdock_17.pdb      0 -895.780
   81     23       (14.092, -4.360, -14.384, 0.719, 0.617, -0.196, 0.252)      0      0 -1343.76289     0   5.000   -1.000 lightdock_23.pdb      0 -895.842
   24     20       (17.631, -6.696, -16.953, 0.424, 0.629, -0.612, 0.225)      0      0 -1344.72799     2   5.000   -1.000 lightdock_20.pdb      0 -895.850
  103      3      (-15.125, -19.095, 8.674, -0.106, -0.076, 0.494, 0.859)      0      0 -1339.94917     2   5.000   -1.000  lightdock_3.pdb      0 -895.881
   41     16      (22.813, 0.121, 14.900, -0.280, -0.028, -0.882, -0.378)      0      0 -1343.82979     0   5.000   -1.000 lightdock_16.pdb      0 -895.887
  175     11       (-23.259, 26.205, -6.334, 0.524, -0.050, 0.202, 0.826)      0      0 -1343.83309     0   5.000   -1.000 lightdock_11.pdb      0 -895.889
   76      5     (-4.645, 19.444, -13.480, -0.047, -0.882, 0.285, -0.374)      0      0 -1343.85513     0   5.000   -1.000  lightdock_5.pdb      0 -895.903
  199      1         (9.864, 4.973, 23.533, -0.221, 0.054, 0.877, -0.424)      0      0 -1342.50176     3   5.000   -1.000  lightdock_1.pdb      0 -895.923
  193     13     (17.538, 11.122, -15.096, -0.190, -0.696, 0.634, -0.279)      0      0 -1344.55783     1   5.000   -1.000 lightdock_13.pdb      0 -895.937
  201      8      (-14.668, 7.457, -19.987, 0.460, 0.876, -0.028, -0.142)      0      0 -1343.92748     0   5.000   -1.000  lightdock_8.pdb      0 -895.951
  174      4      (-7.576, -8.004, -13.234, -0.466, -0.823, 0.215, 0.242)      0      0 -1343.69778     2   5.000   -1.000  lightdock_4.pdb      0 -895.960
  129     20      (-18.245, 32.646, 1.772, -0.325, 0.618, -0.611, -0.373)      0      0 -1343.20756     2   5.000   -1.000 lightdock_20.pdb      0 -895.976
   29     22   (13.786, -16.805, -12.642, -0.260, -0.106, -0.959, -0.044)      0      0 -1343.97031     0   5.000   -1.000 lightdock_22.pdb      0 -895.980
  135     10       (-5.790, -19.056, 24.234, 0.093, -0.045, 0.980, 0.171)      0      0 -1343.19165     4   5.000   -1.000 lightdock_10.pdb      0 -895.984
  106     12         (9.885, -19.491, 4.020, 0.158, 0.276, 0.921, -0.226)      0      0 -1343.59726     1   5.000   -1.000 lightdock_12.pdb      0 -895.992
  175      2       (-23.263, 25.776, -6.249, 0.524, -0.050, 0.202, 0.826)      0      0 -1344.18707     1   5.000   -1.000  lightdock_2.pdb      0 -896.004
  133     13        (-19.555, 18.336, 2.756, 0.201, 0.433, 0.007, -0.878)      0      0 -1344.04226     0   5.000   -1.000 lightdock_13.pdb      0 -896.028
  174     11      (-7.574, -8.004, -13.233, -0.466, -0.823, 0.215, 0.242)      0      0 -1344.17814     3   5.000   -1.000 lightdock_11.pdb      0 -896.034
  130     12       (24.772, -4.813, -1.969, 0.576, 0.221, -0.733, -0.285)      0      0 -1343.32000     1   5.000   -1.000 lightdock_12.pdb      0 -896.071
   98     10     (-0.624, 21.690, -19.406, 0.774, -0.448, -0.293, -0.337)      0      0 -1347.05110     1   5.000   -1.000 lightdock_10.pdb      0 -896.077
  165      4       (3.263, -16.620, 14.062, 0.619, -0.245, -0.745, 0.040)      0      0 -1342.38158     1   5.000   -1.000  lightdock_4.pdb      0 -896.083
    0      0       (12.343, -7.059, 16.950, 0.720, -0.452, 0.333, -0.409)      0      0 -1343.48344     1   5.000   -1.000  lightdock_0.pdb      0 -896.130
  193      3     (17.751, 11.175, -15.225, -0.190, -0.696, 0.634, -0.279)      0      0 -1344.20538     0   5.000   -1.000  lightdock_3.pdb      0 -896.137
   98     20     (-0.664, 21.649, -19.613, 0.774, -0.448, -0.293, -0.337)      0      0 -1348.39898     3   5.000   -1.000 lightdock_20.pdb      0 -896.166
    0     13        (12.172, -8.507, 20.326, 0.890, -0.308, 0.021, 0.336)      0      0 -1344.26973     0   5.000   -1.000 lightdock_13.pdb      0 -896.180
   24     19       (17.690, -6.633, -17.017, 0.424, 0.629, -0.612, 0.225)      0      0 -1345.38192     3   5.000   -1.000 lightdock_19.pdb      0 -896.204
  188      1     (-21.662, -10.294, -8.664, 0.799, -0.241, 0.065, -0.548)      0      0 -1344.30918     0   5.000   -1.000  lightdock_1.pdb      0 -896.206
  133      0    (-11.026, 18.344, 11.943, -0.336, -0.656, -0.295, -0.608)      0      0 -1344.33092     0   5.000   -1.000  lightdock_0.pdb      0 -896.221
  111      3       (10.170, -5.658, 17.000, 0.717, -0.368, -0.485, 0.338)      0      0 -1344.35257     0   5.000   -1.000  lightdock_3.pdb      0 -896.235
  138     17        (-7.683, 9.092, -17.920, -0.129, 0.656, 0.391, 0.633)      0      0 -1344.35400     0   5.000   -1.000 lightdock_17.pdb      0 -896.236
  201      3      (-14.465, 7.802, -19.827, 0.460, 0.876, -0.028, -0.142)      0      0 -1344.62689     1   5.000   -1.000  lightdock_3.pdb      0 -896.271
   71      2      (-25.654, 2.336, 8.555, -0.350, -0.244, -0.850, -0.308)      0      0 -1344.56020     1   5.000   -1.000  lightdock_2.pdb      0 -896.298
   81      9       (14.536, -4.241, -14.319, 0.719, 0.617, -0.196, 0.252)      0      0 -1345.20644     1   5.000   -1.000  lightdock_9.pdb      0 -896.342
  137     14      (-17.849, 14.644, 2.507, 0.777, -0.076, -0.464, -0.419)      0      0 -1344.52218     0   5.000   -1.000 lightdock_14.pdb      0 -896.348
    0      6        (12.222, -8.561, 20.533, 0.890, -0.308, 0.021, 0.336)      0      0 -1345.10753     1   5.000   -1.000  lightdock_6.pdb      0 -896.384
  200      8      (-0.656, -24.174, 6.816, -0.655, -0.432, -0.509, 0.353)      0      0 -1346.32474     0   5.000   -1.000  lightdock_8.pdb      0 -896.403
   65      1      (18.767, 15.548, -11.546, -0.921, 0.289, 0.164, -0.202)      0      0 -1344.62455     0   5.000   -1.000  lightdock_1.pdb      0 -896.416
  135      7       (-5.341, -19.061, 24.183, 0.093, -0.045, 0.980, 0.171)      0      0 -1343.52570     6   4.920   -1.000  lightdock_7.pdb      0 -896.420
   32     15      (26.456, -5.769, -7.530, -0.940, -0.261, -0.058, 0.214)      0      0 -1344.64701     0   5.000   -1.000 lightdock_15.pdb      0 -896.431
  175     19       (-11.319, 18.059, -1.319, 0.327, 0.369, 0.851, -0.182)      0      0 -1344.70209     0   5.000   -1.000 lightdock_19.pdb      0 -896.468
   68     21      (4.573, -28.844, 11.961, 0.264, -0.182, -0.821, -0.471)      0      0 -1344.70435     0   5.000   -1.000 lightdock_21.pdb      0 -896.470
   96      5        (-19.325, 2.373, 3.750, 0.496, -0.805, 0.002, -0.327)      0      0 -1342.89536     1   5.000   -1.000  lightdock_5.pdb      0 -896.489
  201     12      (-14.761, 7.124, -20.156, 0.460, 0.876, -0.028, -0.142)      0      0 -1346.53242     4   5.000   -1.000 lightdock_12.pdb      0 -896.500
  206     22       (14.554, -18.184, -0.813, 0.960, -0.231, 0.159, 0.010)      0      0 -1344.75185     0   5.000   -1.000 lightdock_22.pdb      0 -896.501
   32      5       (24.578, -0.070, -8.624, -0.790, 0.179, 0.268, -0.522)      0      0 -1344.82520     0   5.000   -1.000  lightdock_5.pdb      0 -896.550
   29     20     (4.269, -14.561, -7.397, -0.270, -0.527, -0.601, -0.536)      0      0 -1346.29650     1   5.000   -1.000 lightdock_20.pdb      0 -896.559
   32     21      (26.322, -6.190, -7.384, -0.940, -0.261, -0.058, 0.214)      0      0 -1345.91408     1   5.000   -1.000 lightdock_21.pdb      0 -896.559
  175      4       (-14.735, 28.484, 4.021, 0.758, -0.477, 0.434, -0.101)      0      0 -1344.87702     0   5.000   -1.000  lightdock_4.pdb      0 -896.585
  201      6      (-24.856, 14.774, -17.660, 0.458, -0.036, 0.888, 0.026)      0      0 -1344.95058     0   5.000   -1.000  lightdock_6.pdb      0 -896.634
  201     21      (-14.702, 7.379, -20.025, 0.460, 0.876, -0.028, -0.142)      0      0 -1345.16860     2   5.000   -1.000 lightdock_21.pdb      0 -896.642
  200      4      (-0.654, -24.588, 6.801, -0.655, -0.432, -0.509, 0.353)      0      0 -1349.32124     2   5.000   -1.000  lightdock_4.pdb      0 -896.643
  154     16      (-22.327, -5.791, -7.632, 0.335, -0.890, -0.162, 0.265)      0      0 -1344.97631     0   5.000   -1.000 lightdock_16.pdb      0 -896.651
  126      7        (-15.079, 11.152, 7.814, 0.063, 0.238, -0.892, 0.379)      0      0 -1344.98485     0   5.000   -1.000  lightdock_7.pdb      0 -896.657
  175      8       (-23.256, 26.460, -6.385, 0.524, -0.050, 0.202, 0.826)      0      0 -1345.26295     3   5.000   -1.000  lightdock_8.pdb      0 -896.670
  162      5        (8.491, 21.134, 13.807, -0.084, -0.134, 0.433, 0.887)      0      0 -1345.00965     0   5.000   -1.000  lightdock_5.pdb      0 -896.673
    9     15     (-7.263, -13.297, -18.041, -0.002, -0.045, 0.445, 0.895)      0      0 -1347.61008     1   5.000   -1.000 lightdock_15.pdb      0 -896.711
  100     13      (15.271, 17.506, 10.854, -0.599, -0.144, -0.622, 0.483)      0      0 -1345.13150     0   5.000   -1.000 lightdock_13.pdb      0 -896.754
  193      9     (17.826, 11.190, -15.258, -0.190, -0.696, 0.634, -0.279)      0      0 -1344.93260     2   5.000   -1.000  lightdock_9.pdb      0 -896.774
  128     21        (0.144, 17.920, -8.590, 0.106, -0.724, 0.485, -0.479)      0      0 -1345.20872     0   5.000   -1.000 lightdock_21.pdb      0 -896.806
  201      7      (-14.727, 7.115, -20.167, 0.460, 0.876, -0.028, -0.142)      0      0 -1346.81536     5   5.000   -1.000  lightdock_7.pdb      0 -896.823
  139     15       (17.332, 23.420, -3.436, 0.039, -0.361, -0.560, 0.745)      0      0 -1343.66197     3   5.000   -1.000 lightdock_15.pdb      0 -896.828
  152     10        (14.587, 16.672, 6.219, 0.440, -0.765, -0.259, 0.393)      0      0 -1345.24783     0   5.000   -1.000 lightdock_10.pdb      0 -896.832
  111     11    (12.926, -12.019, 11.192, -0.492, -0.662, -0.313, -0.471)      0      0 -1345.27175     0   5.000   -1.000 lightdock_11.pdb      0 -896.848
  197     23     (16.396, 12.383, -9.576, -0.298, -0.364, -0.595, -0.652)      0      0 -1345.34733     0   5.000   -1.000 lightdock_23.pdb      0 -896.898
  162      7           (18.147, 6.174, 9.839, 0.258, 0.377, 0.451, 0.767)      0      0 -1345.35364     0   5.000   -1.000  lightdock_7.pdb      0 -896.902
   56     22        (17.739, 8.475, 15.920, -0.672, 0.550, -0.442, 0.226)      0      0 -1345.38187     0   5.000   -1.000 lightdock_22.pdb      0 -896.921
  175      1       (-23.257, 26.362, -6.366, 0.524, -0.050, 0.202, 0.826)      0      0 -1345.01170     2   5.000   -1.000  lightdock_1.pdb      0 -896.927
  106     18       (10.073, -22.560, 1.838, 0.089, 0.186, -0.633, -0.746)      0      0 -1346.57324     1   5.000   -1.000 lightdock_18.pdb      0 -896.932
  201     11      (-24.775, 15.037, -17.388, 0.458, -0.036, 0.888, 0.026)      0      0 -1346.10858     1   5.000   -1.000 lightdock_11.pdb      0 -896.943
  151     16      (-11.366, -3.615, 30.625, -0.486, -0.462, 0.329, 0.665)      0      0 -1345.42781     0   5.000   -1.000 lightdock_16.pdb      0 -896.945
   63      7    (-11.329, 21.504, -6.597, -0.798, -0.041, -0.237, -0.553)      0      0 -1345.42929     0   5.000   -1.000  lightdock_7.pdb      0 -896.953
   66     23       (27.485, 19.154, -13.649, -0.083, 0.271, 0.924, 0.255)      0      0 -1345.43300     0   5.000   -1.000 lightdock_23.pdb      0 -896.955
  215      6        (23.312, 15.307, -3.389, 0.142, 0.008, 0.986, -0.090)      0      0 -1345.44057     0   5.000   -1.000  lightdock_6.pdb      0 -896.960
  146     21       (27.953, 1.013, -8.324, -0.172, 0.606, -0.186, -0.754)      0      0 -1345.50246     0   5.000   -1.000 lightdock_21.pdb      0 -896.998
  165     14     (-1.507, -33.546, 10.129, -0.421, -0.522, 0.008, -0.742)      0      0 -1346.88733     1   5.000   -1.000 lightdock_14.pdb      0 -897.002
   71      8     (-21.070, 14.853, 11.141, -0.231, -0.476, -0.193, 0.826)      0      0 -1345.50853     0   5.000   -1.000  lightdock_8.pdb      0 -897.006
  142     19      (8.973, -22.134, -10.730, -0.503, -0.377, 0.066, 0.775)      0      0 -1345.56337     0   5.000   -1.000 lightdock_19.pdb      0 -897.035
  168     13     (-14.405, -12.248, 8.501, -0.563, 0.277, -0.703, -0.336)      0      0 -1345.63146     0   5.000   -1.000 lightdock_13.pdb      0 -897.088
  175     14       (-14.630, 28.318, 3.745, 0.758, -0.477, 0.434, -0.101)      0      0 -1345.82291     1   5.000   -1.000 lightdock_14.pdb      0 -897.151
   22     14       (19.884, -8.448, -2.314, 0.259, -0.597, 0.759, -0.018)      0      0 -1344.10381     1   5.000   -1.000 lightdock_14.pdb      0 -897.168
   34     14       (-4.892, -28.602, 6.164, -0.780, 0.569, -0.058, 0.253)      0      0 -1345.80634     0   5.000   -1.000 lightdock_14.pdb      0 -897.204
  115     12      (0.819, -29.829, 12.953, 0.645, -0.732, -0.178, -0.129)      0      0 -1344.96965     2   5.000   -1.000 lightdock_12.pdb      0 -897.223
  169     12    (-14.899, -13.018, 4.701, -0.663, -0.221, -0.697, -0.162)      0      0 -1345.84477     0   5.000   -1.000 lightdock_12.pdb      0 -897.230
   74      3     (-12.573, 18.326, -6.358, -0.046, 0.739, -0.472, -0.479)      0      0 -1345.86509     0   5.000   -1.000  lightdock_3.pdb      0 -897.243
   33      8        (18.603, 23.320, 6.901, -0.540, 0.510, 0.668, -0.057)      0      0 -1345.90145     0   5.000   -1.000  lightdock_8.pdb      0 -897.250
   39     18     (-18.692, 11.288, -7.405, -0.144, -0.476, 0.320, -0.806)      0      0 -1345.89019     0   5.000   -1.000 lightdock_18.pdb      0 -897.260
  206     16    (22.964, -16.395, -2.241, -0.358, -0.623, -0.471, -0.511)      0      0 -1345.00931     1   5.000   -1.000 lightdock_16.pdb      0 -897.301
  142     18       (15.885, -17.482, -3.359, 0.323, -0.018, 0.929, 0.181)      0      0 -1345.96773     0   5.000   -1.000 lightdock_18.pdb      0 -897.312
   58      0        (6.456, 2.384, -17.628, -0.801, 0.250, -0.375, 0.395)      0      0 -1345.96950     0   5.000   -1.000  lightdock_0.pdb      0 -897.313
  106     19       (10.085, -22.335, 1.831, 0.089, 0.186, -0.633, -0.746)      0      0 -1345.98431     0   5.000   -1.000 lightdock_19.pdb      0 -897.323
   34     20       (-4.597, -28.595, 6.442, -0.780, 0.569, -0.058, 0.253)      0      0 -1346.38477     2   5.000   -1.000 lightdock_20.pdb      0 -897.332
  110      4      (0.353, 10.235, 11.694, -0.713, -0.141, -0.101, -0.679)      0      0 -1346.00889     0   5.000   -1.000  lightdock_4.pdb      0 -897.339
   39      3      (-18.584, 18.733, -4.587, -0.438, 0.035, -0.808, 0.393)      0      0 -1346.04289     0   5.000   -1.000  lightdock_3.pdb      0 -897.362
  150     15    (-0.079, -15.792, -13.969, -0.549, -0.694, 0.028, -0.465)      0      0 -1346.11233     0   5.000   -1.000 lightdock_15.pdb      0 -897.408
  187     12      (-0.252, -18.872, 25.688, 0.849, -0.301, -0.041, 0.433)      0      0 -1346.21448     0   5.000   -1.000 lightdock_12.pdb      0 -897.426
  151      5      (-11.213, -3.520, 30.379, -0.486, -0.462, 0.329, 0.665)      0      0 -1346.81500     2   5.000   -1.000  lightdock_5.pdb      0 -897.437
  188     23     (-21.392, -10.423, -8.787, 0.799, -0.241, 0.065, -0.548)      0      0 -1346.44435     1   5.000   -1.000 lightdock_23.pdb      0 -897.447
   34      6       (-4.837, -28.601, 6.215, -0.780, 0.569, -0.058, 0.253)      0      0 -1346.33178     1   5.000   -1.000  lightdock_6.pdb      0 -897.454
   17      4          (16.006, 0.594, 19.969, 0.530, 0.720, 0.087, 0.440)      0      0 -1346.26785     0   5.000   -1.000  lightdock_4.pdb      0 -897.512
   58     21        (1.471, 10.899, -28.398, 0.585, -0.570, 0.280, 0.505)      0      0 -1346.32780     0   5.000   -1.000 lightdock_21.pdb      0 -897.552
  200     22          (3.660, -26.116, 1.657, 0.127, 0.782, 0.583, 0.182)      0      0 -1346.36051     0   5.000   -1.000 lightdock_22.pdb      0 -897.574
  165     15      (-1.463, -33.179, 9.952, -0.421, -0.522, 0.008, -0.742)      0      0 -1346.36279     0   5.000   -1.000 lightdock_15.pdb      0 -897.575
  188     11     (-21.472, -10.406, -8.712, 0.799, -0.241, 0.065, -0.548)      0      0 -1346.66668     2   5.000   -1.000 lightdock_11.pdb      0 -897.586
  142     24      (8.742, -22.560, -10.739, -0.503, -0.377, 0.066, 0.775)      0      0 -1346.74769     1   5.000   -1.000 lightdock_24.pdb      0 -897.603
   76      8     (-4.392, 19.615, -13.668, -0.047, -0.882, 0.285, -0.374)      0      0 -1345.23667     1   5.000   -1.000  lightdock_8.pdb      0 -897.613
   10     22        (10.770, 25.883, 7.609, -0.426, 0.822, -0.342, 0.161)      0      0 -1346.75919     1   5.000   -1.000 lightdock_22.pdb      0 -897.631
   76     24     (-4.587, 19.326, -13.082, -0.047, -0.882, 0.285, -0.374)      0      0 -1345.61822     2   5.000   -1.000 lightdock_24.pdb      0 -897.669
   39     16         (-24.915, 8.439, -5.634, 0.593, 0.246, 0.767, 0.013)      0      0 -1345.23763     2   5.000   -1.000 lightdock_16.pdb      0 -897.675
  120     14        (-27.487, 2.409, 0.775, -0.241, 0.776, 0.521, -0.260)      0      0 -1346.51762     0   5.000   -1.000 lightdock_14.pdb      0 -897.678
   98     19       (4.347, 23.251, -14.563, -0.600, 0.021, 0.061, -0.797)      0      0 -1346.57496     0   5.000   -1.000 lightdock_19.pdb      0 -897.717
   70     12         (9.427, -17.877, 4.200, -0.624, 0.399, 0.450, 0.499)      0      0 -1346.58929     0   5.000   -1.000 lightdock_12.pdb      0 -897.726
   10     11        (10.580, 25.927, 7.574, -0.426, 0.822, -0.342, 0.161)      0      0 -1346.59553     0   5.000   -1.000 lightdock_11.pdb      0 -897.730
   94     19       (-14.241, -15.997, 4.033, 0.798, 0.229, -0.544, 0.122)      0      0 -1349.23606     1   5.000   -1.000 lightdock_19.pdb      0 -897.731
  188     10     (-22.458, -4.769, -11.149, 0.612, -0.422, 0.249, -0.620)      0      0 -1346.67487     0   5.000   -1.000 lightdock_10.pdb      0 -897.783
   71      9     (-21.421, 14.703, 11.298, -0.231, -0.476, -0.193, 0.826)      0      0 -1347.19507     1   5.000   -1.000  lightdock_9.pdb      0 -897.804
  201      4      (-14.607, 7.665, -19.881, 0.460, 0.876, -0.028, -0.142)      0      0 -1346.39082     3   5.000   -1.000  lightdock_4.pdb      0 -897.814
   24     21         (5.157, 2.540, -15.461, 0.664, 0.671, 0.328, -0.031)      0      0 -1346.75028     0   5.000   -1.000 lightdock_21.pdb      0 -897.834
  151     14      (-11.295, -3.560, 30.510, -0.486, -0.462, 0.329, 0.665)      0      0 -1346.59771     1   5.000   -1.000 lightdock_14.pdb      0 -897.842
  111     23      (14.118, -15.554, 14.341, -0.469, 0.542, 0.681, -0.149)      0      0 -1344.81727     1   5.000   -1.000 lightdock_23.pdb      0 -897.844
  176     17        (-17.816, 6.291, 14.627, 0.384, 0.149, 0.855, -0.315)      0      0 -1348.23453     1   5.000   -1.000 lightdock_17.pdb      0 -897.846
  116      6       (-28.569, 6.370, 4.088, -0.054, -0.660, 0.054, -0.747)      0      0 -1347.57661     2   5.000   -1.000  lightdock_6.pdb      0 -897.861
   74     15     (-27.090, 21.079, -9.191, -0.341, 0.054, -0.257, -0.903)      0      0 -1349.44673     1   5.000   -1.000 lightdock_15.pdb      0 -897.889
   33      9        (18.686, 23.554, 7.280, -0.540, 0.510, 0.668, -0.057)      0      0 -1346.63198     1   5.000   -1.000  lightdock_9.pdb      0 -897.906
   99     15    (-24.984, 23.635, -6.408, -0.548, -0.040, -0.429, -0.717)      0      0 -1346.87884     0   5.000   -1.000 lightdock_15.pdb      0 -897.919
  129     16        (-15.714, 24.676, 6.658, -0.675, 0.726, 0.074, 0.112)      0      0 -1346.88949     0   5.000   -1.000 lightdock_16.pdb      0 -897.926
  161      2       (-17.805, 14.301, 16.548, 0.958, 0.271, 0.079, -0.053)      0      0 -1346.91829     0   5.000   -1.000  lightdock_2.pdb      0 -897.946
  104     13       (0.085, -27.519, 11.013, -0.530, 0.132, 0.664, -0.510)      0      0 -1346.97437     0   5.000   -1.000 lightdock_13.pdb      0 -897.983
  188     16     (-22.483, -4.608, -11.112, 0.612, -0.422, 0.249, -0.620)      0      0 -1347.99933     1   5.000   -1.000 lightdock_16.pdb      0 -898.026
   10     20        (10.297, 25.993, 7.522, -0.426, 0.822, -0.342, 0.161)      0      0 -1346.83900     2   5.000   -1.000 lightdock_20.pdb      0 -898.071
  166     16      (-21.503, -3.046, -19.387, 0.323, -0.361, 0.726, 0.489)      0      0 -1347.10859     0   5.000   -1.000 lightdock_16.pdb      0 -898.072
  187     13      (-0.352, -18.946, 25.859, 0.849, -0.301, -0.041, 0.433)      0      0 -1347.85584     1   5.000   -1.000 lightdock_13.pdb      0 -898.081
  216     17       (-1.428, 34.077, -6.575, -0.651, 0.621, -0.434, 0.046)      0      0 -1347.16644     0   5.000   -1.000 lightdock_17.pdb      0 -898.111
   67      9        (18.274, 9.052, -18.655, -0.412, 0.411, 0.614, 0.533)      0      0 -1347.17523     0   5.000   -1.000  lightdock_9.pdb      0 -898.117
   12     20       (14.821, 8.700, -14.435, -0.856, -0.053, 0.460, 0.230)      0      0 -1347.18407     0   5.000   -1.000 lightdock_20.pdb      0 -898.123
  116      4       (-28.508, 6.497, 4.188, -0.054, -0.660, 0.054, -0.747)      0      0 -1347.21802     0   5.000   -1.000  lightdock_4.pdb      0 -898.145
  196     18        (6.197, -24.516, 15.602, 0.966, 0.039, -0.076, 0.245)      0      0 -1347.22724     0   5.000   -1.000 lightdock_18.pdb      0 -898.151
  129      4        (-15.573, 24.709, 6.607, -0.675, 0.726, 0.074, 0.112)      0      0 -1347.13723     1   5.000   -1.000  lightdock_4.pdb      0 -898.166
  120     12        (-27.437, 2.501, 0.789, -0.241, 0.776, 0.521, -0.260)      0      0 -1346.94173     1   5.000   -1.000 lightdock_12.pdb      0 -898.167
   10      2        (10.580, 25.927, 7.574, -0.426, 0.822, -0.342, 0.161)      0      0 -1347.04912     3   5.000   -1.000  lightdock_2.pdb      0 -898.194
  200     11      (-0.793, -24.360, 6.891, -0.655, -0.432, -0.509, 0.353)      0      0 -1348.70411     1   5.000   -1.000 lightdock_11.pdb      0 -898.208
  173     22       (-29.700, 7.881, -2.770, -0.751, 0.473, -0.414, 0.204)      0      0 -1347.31757     1   5.000   -1.000 lightdock_22.pdb      0 -898.212
   99     18    (-24.711, 23.476, -6.764, -0.548, -0.040, -0.429, -0.717)      0      0 -1347.30742     1   5.000   -1.000 lightdock_18.pdb      0 -898.229
  126     12      (-14.957, 14.301, 14.533, -0.748, -0.178, 0.474, 0.428)      0      0 -1347.34637     0   5.000   -1.000 lightdock_12.pdb      0 -898.231
  173      8       (-29.701, 7.878, -2.769, -0.751, 0.473, -0.414, 0.204)      0      0 -1347.54585     2   5.000   -1.000  lightdock_8.pdb      0 -898.279
  176     21        (-17.672, 6.486, 14.770, 0.384, 0.149, 0.855, -0.315)      0      0 -1347.74603     0   5.000   -1.000 lightdock_21.pdb      0 -898.318
   74     21     (-27.032, 21.277, -8.783, -0.341, 0.054, -0.257, -0.903)      0      0 -1349.88079     3   5.000   -1.000 lightdock_21.pdb      0 -898.322
    9     19     (-7.084, -13.445, -17.783, -0.002, -0.045, 0.445, 0.895)      0      0 -1347.49099     0   5.000   -1.000 lightdock_19.pdb      0 -898.327
    0     10        (12.147, -8.480, 20.222, 0.890, -0.308, 0.021, 0.336)      0      0 -1346.44712     2   5.000   -1.000 lightdock_10.pdb      0 -898.331
  115     17     (-8.976, -21.209, 10.570, 0.696, -0.638, -0.244, -0.222)      0      0 -1347.50595     0   5.000   -1.000 lightdock_17.pdb      0 -898.337
  147      5      (15.549, 1.963, 11.422, -0.067, -0.424, -0.525, -0.735)      0      0 -1347.57471     0   5.000   -1.000  lightdock_5.pdb      0 -898.383
   74      4     (-26.892, 21.359, -8.732, -0.341, 0.054, -0.257, -0.903)      0      0 -1349.77020     2   5.000   -1.000  lightdock_4.pdb      0 -898.387
  176     12        (-17.458, 6.777, 14.984, 0.384, 0.149, 0.855, -0.315)      0      0 -1348.57689     2   5.000   -1.000 lightdock_12.pdb      0 -898.389
    0      1        (12.122, -8.452, 20.118, 0.890, -0.308, 0.021, 0.336)      0      0 -1346.79307     3   5.000   -1.000  lightdock_1.pdb      0 -898.416
  139     18        (16.008, 29.560, 6.058, -0.480, 0.622, 0.614, -0.079)      0      0 -1347.62781     0   5.000   -1.000 lightdock_18.pdb      0 -898.419
  126      2      (-15.027, 14.753, 14.683, -0.748, -0.178, 0.474, 0.428)      0      0 -1348.96512     1   5.000   -1.000  lightdock_2.pdb      0 -898.441
  142     21      (9.129, -21.829, -10.725, -0.503, -0.377, 0.066, 0.775)      0      0 -1348.61994     2   5.000   -1.000 lightdock_21.pdb      0 -898.451
  161     17       (-15.706, 14.007, 10.417, 0.256, 0.854, -0.299, 0.341)      0      0 -1347.68688     0   5.000   -1.000 lightdock_17.pdb      0 -898.458
  188      4     (-21.689, -10.273, -8.669, 0.799, -0.241, 0.065, -0.548)      0      0 -1346.68193     3   5.000   -1.000  lightdock_4.pdb      0 -898.465
   99     11    (-24.904, 23.587, -6.515, -0.548, -0.040, -0.429, -0.717)      0      0 -1347.76622     2   5.000   -1.000 lightdock_11.pdb      0 -898.472
  150     14       (6.600, -22.868, -10.000, 0.310, 0.354, -0.872, 0.135)      0      0 -1347.72795     0   5.000   -1.000 lightdock_14.pdb      0 -898.485
   20     24         (17.901, 7.844, 20.495, -0.752, 0.111, 0.035, 0.649)      0      0 -1349.82117     1   5.000   -1.000 lightdock_24.pdb      0 -898.502
   82     23     (-15.846, -20.371, 5.565, -0.386, -0.441, -0.630, 0.509)      0      0 -1347.76590     0   5.000   -1.000 lightdock_23.pdb      0 -898.511
  157      9      (-28.261, 22.763, -8.107, -0.165, 0.012, -0.984, 0.065)      0      0 -1348.70790     3   5.000   -1.000  lightdock_9.pdb      0 -898.546
  157     14      (-28.588, 22.236, -7.538, -0.165, 0.012, -0.984, 0.065)      0      0 -1348.36085     1   5.000   -1.000 lightdock_14.pdb      0 -898.548
  116      2       (-28.372, 6.780, 4.413, -0.054, -0.660, 0.054, -0.747)      0      0 -1347.51168     1   5.000   -1.000  lightdock_2.pdb      0 -898.562
   33      2        (18.675, 23.561, 7.202, -0.540, 0.510, 0.668, -0.057)      0      0 -1347.18009     2   5.000   -1.000  lightdock_2.pdb      0 -898.573
   98      6      (-0.660, 18.138, -12.938, -0.536, 0.617, -0.343, 0.463)      0      0 -1347.90376     0   5.000   -1.000  lightdock_6.pdb      0 -898.603
  139      9        (16.479, 29.637, 6.015, -0.480, 0.622, 0.614, -0.079)      0      0 -1348.10162     1   5.000   -1.000  lightdock_9.pdb      0 -898.623
   39      6     (-18.580, 11.283, -7.316, -0.144, -0.476, 0.320, -0.806)      0      0 -1347.93491     1   5.000   -1.000  lightdock_6.pdb      0 -898.624
  157     18      (-28.522, 22.443, -7.872, -0.165, 0.012, -0.984, 0.065)      0      0 -1347.95266     0   5.000   -1.000 lightdock_18.pdb      0 -898.631
   34      9       (-4.985, -28.604, 6.077, -0.780, 0.569, -0.058, 0.253)      0      0 -1347.35532     3   5.000   -1.000  lightdock_9.pdb      0 -898.666
  126     15      (-15.007, 14.675, 14.671, -0.748, -0.178, 0.474, 0.428)      0      0 -1349.20730     2   5.000   -1.000 lightdock_15.pdb      0 -898.671
   10      5        (10.994, 25.833, 7.648, -0.426, 0.822, -0.342, 0.161)      0      0 -1348.38788     4   5.000   -1.000  lightdock_5.pdb      0 -898.675
  150     17        (6.605, -22.936, -9.889, 0.310, 0.354, -0.872, 0.135)      0      0 -1347.99526     1   5.000   -1.000 lightdock_17.pdb      0 -898.686
  203      5        (7.778, 24.113, 10.033, -0.635, 0.555, 0.495, -0.211)      0      0 -1348.06815     0   5.000   -1.000  lightdock_5.pdb      0 -898.712
  196      5        (6.153, -24.434, 15.705, 0.966, 0.039, -0.076, 0.245)      0      0 -1348.02229     1   5.000   -1.000  lightdock_5.pdb      0 -898.717
   20     18         (17.716, 8.066, 20.342, -0.752, 0.111, 0.035, 0.649)      0      0 -1348.07932     0   5.000   -1.000 lightdock_18.pdb      0 -898.720
   99      9    (-25.049, 23.670, -6.329, -0.548, -0.040, -0.429, -0.717)      0      0 -1348.38563     3   5.000   -1.000  lightdock_9.pdb      0 -898.732
   52     12    (13.775, -11.450, 24.718, -0.755, -0.195, -0.546, -0.305)      0      0 -1348.10531     0   5.000   -1.000 lightdock_12.pdb      0 -898.737
   74      5     (-27.093, 21.058, -9.123, -0.341, 0.054, -0.257, -0.903)      0      0 -1349.94980     4   5.000   -1.000  lightdock_5.pdb      0 -898.746
   74     23     (-27.177, 20.798, -9.613, -0.341, 0.054, -0.258, -0.902)      0      0 -1348.87109     0   5.000   -1.000 lightdock_23.pdb      0 -898.757
  175     23       (-23.260, 26.079, -6.309, 0.524, -0.050, 0.202, 0.826)      0      0 -1346.88363     4   5.000   -1.000 lightdock_23.pdb      0 -898.757
  153      1     (-19.159, -8.966, 14.550, -0.047, -0.667, -0.358, 0.652)      0      0 -1349.61144     1   5.000   -1.000  lightdock_1.pdb      0 -898.761
  157      8      (-28.613, 22.194, -7.486, -0.165, 0.012, -0.984, 0.065)      0      0 -1348.85801     4   5.000   -1.000  lightdock_8.pdb      0 -898.802
  203     23        (7.806, 24.469, 10.009, -0.635, 0.555, 0.495, -0.211)      0      0 -1349.69978     1   5.000   -1.000 lightdock_23.pdb      0 -898.815
  209      9     (23.399, -7.101, 17.749, -0.547, -0.470, -0.595, -0.355)      0      0 -1348.30511     0   5.000   -1.000  lightdock_9.pdb      0 -898.870
   35      6    (-10.358, -22.377, -11.063, 0.151, 0.536, -0.547, -0.626)      0      0 -1350.96269     1   5.000   -1.000  lightdock_6.pdb      0 -898.902
  169      4       (-20.130, -14.345, 9.866, -0.478, 0.684, 0.147, 0.531)      0      0 -1348.37160     0   5.000   -1.000  lightdock_4.pdb      0 -898.914
  157      0      (-28.486, 22.517, -7.971, -0.165, 0.012, -0.984, 0.065)      0      0 -1348.46016     2   5.000   -1.000  lightdock_0.pdb      0 -898.932
  212      4         (6.419, 21.956, -11.053, 0.682, 0.407, 0.255, 0.552)      0      0 -1350.57816     1   5.000   -1.000  lightdock_4.pdb      0 -898.942
    9      1     (-14.254, -5.150, -17.574, -0.686, -0.708, 0.021, 0.165)      0      0 -1348.41561     0   5.000   -1.000  lightdock_1.pdb      0 -898.944
   94      8       (-13.909, -16.027, 4.182, 0.798, 0.229, -0.544, 0.122)      0      0 -1348.52534     0   5.000   -1.000  lightdock_8.pdb      0 -899.017
  173      3       (-29.817, 7.862, -3.249, 0.492, -0.171, 0.692, -0.500)      0      0 -1348.24453     2   5.000   -1.000  lightdock_3.pdb      0 -899.020
   46     12      (-17.966, 11.410, -18.259, 0.764, 0.062, 0.184, -0.615)      0      0 -1350.34012     1   5.000   -1.000 lightdock_12.pdb      0 -899.077
   10     24        (9.057, 22.539, 10.606, -0.497, 0.715, -0.436, 0.227)      0      0 -1348.63121     0   5.000   -1.000 lightdock_24.pdb      0 -899.087
  104     17      (-0.234, -27.583, 11.018, -0.530, 0.132, 0.664, -0.510)      0      0 -1348.81629     1   5.000   -1.000 lightdock_17.pdb      0 -899.096
   62     11    (12.118, -8.395, -19.692, -0.517, -0.618, -0.489, -0.335)      0      0 -1349.43692     1   5.000   -1.000 lightdock_11.pdb      0 -899.106
  150     13       (6.587, -22.697, -10.277, 0.310, 0.354, -0.872, 0.135)      0      0 -1348.32150     2   5.000   -1.000 lightdock_13.pdb      0 -899.111
   32     18      (26.166, -7.743, -6.532, -0.411, 0.547, -0.247, -0.687)      0      0 -1349.03822     2   5.000   -1.000 lightdock_18.pdb      0 -899.168
  217     15       (-12.094, 14.780, 13.351, -0.337, 0.600, 0.561, 0.460)      0      0 -1348.75509     0   5.000   -1.000 lightdock_15.pdb      0 -899.170
   59     15       (23.591, 0.570, 15.814, 0.143, -0.865, -0.367, -0.311)      0      0 -1347.11156     1   5.000   -1.000 lightdock_15.pdb      0 -899.188
  146     15       (27.942, 1.035, -8.347, -0.172, 0.606, -0.186, -0.754)      0      0 -1347.44581     1   5.000   -1.000 lightdock_15.pdb      0 -899.194
   62     13    (11.764, -8.370, -19.911, -0.517, -0.618, -0.489, -0.335)      0      0 -1348.83617     0   5.000   -1.000 lightdock_13.pdb      0 -899.224
   32     24      (26.171, -7.742, -6.616, -0.411, 0.547, -0.247, -0.687)      0      0 -1348.85160     0   5.000   -1.000 lightdock_24.pdb      0 -899.234
  153     15     (-19.095, -9.193, 14.202, -0.047, -0.667, -0.358, 0.652)      0      0 -1348.95520     0   5.000   -1.000 lightdock_15.pdb      0 -899.279
  147      0      (15.850, 1.963, 11.451, -0.067, -0.424, -0.525, -0.735)      0      0 -1350.92459     1   5.000   -1.000  lightdock_0.pdb      0 -899.280
   32      3      (26.181, -7.740, -6.783, -0.411, 0.547, -0.247, -0.687)      0      0 -1348.88586     1   5.000   -1.000  lightdock_3.pdb      0 -899.281
  120      0        (-26.438, 2.194, -9.314, -0.261, 0.650, 0.713, 0.027)      0      0 -1349.97816     1   5.000   -1.000  lightdock_0.pdb      0 -899.322
  210     23     (-18.692, -1.841, -18.683, -0.640, 0.026, 0.745, -0.186)      0      0 -1348.98895     0   5.000   -1.000 lightdock_23.pdb      0 -899.324
   48     24          (9.337, 21.595, -8.770, 0.260, 0.092, 0.651, 0.707)      0      0 -1348.98697     0   5.000   -1.000 lightdock_24.pdb      0 -899.325
  146     22     (20.675, 6.174, -12.507, -0.715, -0.398, -0.119, -0.562)      0      0 -1352.29200     1   5.000   -1.000 lightdock_22.pdb      0 -899.334
  188      0     (-22.429, -5.005, -11.146, 0.612, -0.422, 0.249, -0.620)      0      0 -1348.32230     2   5.000   -1.000  lightdock_0.pdb      0 -899.352
   87      8    (14.284, -16.148, -15.143, -0.438, -0.673, -0.096, 0.589)      0      0 -1349.02899     0   5.000   -1.000  lightdock_8.pdb      0 -899.353
  109     10       (-1.374, 10.976, 16.478, 0.032, 0.936, -0.350, -0.012)      0      0 -1325.19393     6   4.840   -1.000 lightdock_10.pdb      0 -899.357
    3     20       (20.939, -15.059, -0.588, 0.497, -0.620, 0.470, 0.383)      0      0 -1349.41631     1   5.000   -1.000 lightdock_20.pdb      0 -899.369
   86      9       (8.684, 31.525, -13.351, -0.161, 0.460, -0.851, 0.193)      0      0 -1349.13246     0   5.000   -1.000  lightdock_9.pdb      0 -899.422
   12      3       (14.991, 8.672, -14.817, -0.856, -0.053, 0.460, 0.230)      0      0 -1348.95849     1   5.000   -1.000  lightdock_3.pdb      0 -899.444
  117      8     (-6.487, -21.228, 21.158, -0.225, 0.087, -0.968, -0.066)      0      0 -1349.62586     1   5.000   -1.000  lightdock_8.pdb      0 -899.484
    3      9       (20.697, -15.311, -0.680, 0.497, -0.620, 0.470, 0.383)      0      0 -1349.22981     0   5.000   -1.000  lightdock_9.pdb      0 -899.487
  202      9       (1.901, -4.299, -17.665, 0.221, -0.966, 0.011, -0.131)      0      0 -1349.23512     0   5.000   -1.000  lightdock_9.pdb      0 -899.490
  136      7       (-31.128, -4.588, -4.113, 0.748, 0.399, -0.403, 0.345)      0      0 -1349.25157     0   5.000   -1.000  lightdock_7.pdb      0 -899.501
  177      8        (-2.790, -21.322, 6.873, 0.030, 0.447, 0.804, -0.392)      0      0 -1349.28709     0   5.000   -1.000  lightdock_8.pdb      0 -899.525
  133     15    (-10.856, 18.525, 11.854, -0.336, -0.656, -0.295, -0.608)      0      0 -1346.80802     1   5.000   -1.000 lightdock_15.pdb      0 -899.581
   28      8       (21.976, 10.847, 15.101, 0.323, 0.793, -0.504, -0.115)      0      0 -1349.37939     0   5.000   -1.000  lightdock_8.pdb      0 -899.586
  210      4    (-26.108, -4.999, -17.389, -0.546, -0.214, 0.710, -0.390)      0      0 -1349.38529     0   5.000   -1.000  lightdock_4.pdb      0 -899.590
   86     23       (8.852, 31.451, -13.260, -0.161, 0.460, -0.851, 0.193)      0      0 -1350.23814     1   5.000   -1.000 lightdock_23.pdb      0 -899.600
   35     22    (-10.393, -22.348, -11.070, 0.151, 0.536, -0.547, -0.626)      0      0 -1349.43443     0   5.000   -1.000 lightdock_22.pdb      0 -899.613
  117     19     (-6.514, -21.288, 21.115, -0.225, 0.087, -0.968, -0.066)      0      0 -1349.42873     0   5.000   -1.000 lightdock_19.pdb      0 -899.619
  205      6        (-24.078, 14.688, -0.705, 0.473, 0.002, 0.599, 0.646)      0      0 -1349.50123     0   5.000   -1.000  lightdock_6.pdb      0 -899.667
  120     13        (-26.299, 2.018, -9.608, -0.261, 0.650, 0.713, 0.027)      0      0 -1349.52623     0   5.000   -1.000 lightdock_13.pdb      0 -899.684
   44     24          (14.397, 3.479, 6.455, -0.798, 0.084, 0.335, 0.494)      0      0 -1349.52817     0   5.000   -1.000 lightdock_24.pdb      0 -899.685
   32      1      (26.136, -7.749, -6.030, -0.411, 0.547, -0.247, -0.687)      0      0 -1349.34984     3   5.000   -1.000  lightdock_1.pdb      0 -899.689
   43     14        (2.262, -16.513, 26.892, 0.624, 0.635, 0.122, -0.439)      0      0 -1349.54505     0   5.000   -1.000 lightdock_14.pdb      0 -899.697
   46     13      (-17.546, 11.186, -18.249, 0.764, 0.062, 0.184, -0.615)      0      0 -1349.56686     0   5.000   -1.000 lightdock_13.pdb      0 -899.711
  127     12         (-9.452, 25.942, 0.631, -0.559, 0.426, 0.065, 0.709)      0      0 -1349.57051     0   5.000   -1.000 lightdock_12.pdb      0 -899.714
  142     11       (15.981, -17.428, -3.543, 0.323, -0.018, 0.929, 0.181)      0      0 -1349.08451     1   5.000   -1.000 lightdock_11.pdb      0 -899.715
   92     19        (-25.287, 10.531, 4.956, -0.731, 0.610, 0.268, 0.147)      0      0 -1349.60334     0   5.000   -1.000 lightdock_19.pdb      0 -899.736
  212     10      (14.660, 21.113, -14.899, 0.683, -0.048, -0.287, 0.671)      0      0 -1349.63123     0   5.000   -1.000 lightdock_10.pdb      0 -899.754
  186     14       (10.353, -21.493, 26.534, 0.071, 0.863, -0.253, 0.432)      0      0 -1351.08239     2   5.000   -1.000 lightdock_14.pdb      0 -899.759
  170     10        (-21.947, 14.813, 7.372, 0.200, 0.387, 0.270, -0.859)      0      0 -1349.64769     0   5.000   -1.000 lightdock_10.pdb      0 -899.765
  210      6    (-26.081, -5.340, -17.549, -0.546, -0.214, 0.710, -0.390)      0      0 -1350.79901     1   5.000   -1.000  lightdock_6.pdb      0 -899.775
   43     11        (2.488, -16.396, 27.038, 0.624, 0.635, 0.122, -0.439)      0      0 -1349.79672     1   5.000   -1.000 lightdock_11.pdb      0 -899.781
  137     15      (-17.412, 14.866, 9.467, -0.589, 0.727, -0.228, -0.271)      0      0 -1349.67854     0   5.000   -1.000 lightdock_15.pdb      0 -899.786
  121      3      (1.354, -19.139, 29.888, -0.362, -0.740, 0.463, -0.328)      0      0 -1349.69893     0   5.000   -1.000  lightdock_3.pdb      0 -899.799
  206      7    (22.666, -10.632, -6.192, -0.734, -0.247, -0.273, -0.570)      0      0 -1349.73258     0   5.000   -1.000  lightdock_7.pdb      0 -899.822
   66      1      (19.395, 15.897, -18.042, -0.522, -0.477, 0.072, 0.703)      0      0 -1349.74286     0   5.000   -1.000  lightdock_1.pdb      0 -899.825
    9     18     (-14.233, -5.067, -17.553, -0.686, -0.708, 0.021, 0.165)      0      0 -1349.34525     1   5.000   -1.000 lightdock_18.pdb      0 -899.826
  187     11      (-0.153, -18.798, 25.521, 0.849, -0.301, -0.041, 0.433)      0      0 -1349.07840     2   5.000   -1.000 lightdock_11.pdb      0 -899.867
  186     23       (10.043, -21.277, 26.299, 0.071, 0.863, -0.253, 0.432)      0      0 -1350.75654     1   5.000   -1.000 lightdock_23.pdb      0 -899.884
  217      8       (-12.117, 15.078, 13.300, -0.337, 0.600, 0.561, 0.460)      0      0 -1349.81956     1   5.000   -1.000  lightdock_8.pdb      0 -899.885
  170      0        (-16.770, 13.957, 4.495, 0.437, 0.325, -0.460, 0.701)      0      0 -1349.83001     0   5.000   -1.000  lightdock_0.pdb      0 -899.887
  169      3      (-19.906, -13.974, 10.073, -0.478, 0.684, 0.147, 0.531)      0      0 -1350.24883     1   5.000   -1.000  lightdock_3.pdb      0 -899.895
  186     15       (10.045, -21.288, 26.298, 0.071, 0.863, -0.253, 0.432)      0      0 -1350.08545     0   5.000   -1.000 lightdock_15.pdb      0 -899.915
  101     15        (10.564, 25.290, -5.554, -0.028, 0.192, 0.586, 0.787)      0      0 -1349.88487     0   5.000   -1.000 lightdock_15.pdb      0 -899.923
   83     19      (21.188, -15.180, 0.168, -0.131, -0.275, -0.928, 0.214)      0      0 -1349.92706     0   5.000   -1.000 lightdock_19.pdb      0 -899.951
  149     18     (-1.812, -14.081, -17.941, -0.426, 0.347, 0.828, -0.108)      0      0 -1349.92985     0   5.000   -1.000 lightdock_18.pdb      0 -899.953
  117      5     (-6.563, -21.397, 21.038, -0.225, 0.087, -0.968, -0.066)      0      0 -1349.87134     2   5.000   -1.000  lightdock_5.pdb      0 -899.955
   62      4    (11.361, -8.325, -20.150, -0.517, -0.618, -0.489, -0.335)      0      0 -1351.06078     4   5.000   -1.000  lightdock_4.pdb      0 -899.967
  149     20     (-1.464, -14.150, -17.636, -0.426, 0.347, 0.828, -0.108)      0      0 -1351.01495     2   5.000   -1.000 lightdock_20.pdb      0 -899.978
   74     16     (-26.960, 21.513, -8.374, -0.341, 0.052, -0.255, -0.904)      0      0 -1351.79711     5   5.000   -1.000 lightdock_16.pdb      0 -899.982
  179     12    (20.465, 20.092, -15.615, -0.966, -0.144, -0.205, -0.068)      0      0 -1350.03033     0   5.000   -1.000 lightdock_12.pdb      0 -900.020
  136     13       (-31.388, -4.516, -3.848, 0.748, 0.399, -0.403, 0.345)      0      0 -1350.98886     1   5.000   -1.000 lightdock_13.pdb      0 -900.044
  116      8       (-28.487, 6.542, 4.224, -0.054, -0.660, 0.054, -0.747)      0      0 -1349.47089     3   5.000   -1.000  lightdock_8.pdb      0 -900.074
   48     21       (23.642, 23.145, -8.401, -0.535, 0.213, 0.525, -0.627)      0      0 -1351.95469     1   5.000   -1.000 lightdock_21.pdb      0 -900.076
  200      6      (-0.657, -24.090, 6.819, -0.655, -0.432, -0.509, 0.353)      0      0 -1349.32786     3   5.000   -1.000  lightdock_6.pdb      0 -900.085
   64     19     (-21.463, 2.495, -11.617, -0.492, 0.104, -0.678, -0.536)      0      0 -1350.16471     0   5.000   -1.000 lightdock_19.pdb      0 -900.110
   62     10      (14.331, -2.040, -19.344, -0.594, -0.338, 0.479, 0.551)      0      0 -1350.20088     0   5.000   -1.000 lightdock_10.pdb      0 -900.134
  132      8       (23.279, -3.360, 13.019, 0.396, -0.740, -0.181, 0.512)      0      0 -1350.22699     0   5.000   -1.000  lightdock_8.pdb      0 -900.149
  183      1       (-4.930, -5.707, 17.581, 0.897, -0.093, -0.166, 0.399)      0      0 -1350.26307     0   5.000   -1.000  lightdock_1.pdb      0 -900.175
  132      3       (23.411, -3.582, 13.353, 0.396, -0.740, -0.181, 0.513)      0      0 -1351.32620     3   5.000   -1.000  lightdock_3.pdb      0 -900.180
  151      8      (-7.880, -5.674, 24.408, -0.344, -0.369, 0.384, -0.773)      0      0 -1350.33330     0   5.000   -1.000  lightdock_8.pdb      0 -900.222
   98      1       (9.571, 21.113, -14.090, -0.408, 0.316, -0.848, 0.119)      0      0 -1350.35688     0   5.000   -1.000  lightdock_1.pdb      0 -900.238
   43     18        (2.109, -16.590, 26.793, 0.624, 0.635, 0.122, -0.439)      0      0 -1350.25944     2   5.000   -1.000 lightdock_18.pdb      0 -900.243
  146      5     (20.388, 6.179, -12.118, -0.715, -0.398, -0.119, -0.562)      0      0 -1350.44738     0   5.000   -1.000  lightdock_5.pdb      0 -900.298
  153     24     (-19.182, -9.110, 14.384, -0.047, -0.667, -0.358, 0.652)      0      0 -1350.79528     2   5.000   -1.000 lightdock_24.pdb      0 -900.314
   99     12      (-17.055, 23.317, -8.271, 0.165, 0.535, -0.436, -0.705)      0      0 -1350.50482     0   5.000   -1.000 lightdock_12.pdb      0 -900.325
  181      4       (-6.893, -28.205, 3.113, 0.620, 0.079, -0.255, -0.738)      0      0 -1350.49312     0   5.000   -1.000  lightdock_4.pdb      0 -900.329
   10      3       (16.994, 26.750, 8.098, -0.577, -0.763, 0.291, -0.018)      0      0 -1350.52180     0   5.000   -1.000  lightdock_3.pdb      0 -900.348
  196     11        (13.854, -25.698, 22.581, 0.208, 0.109, 0.034, 0.971)      0      0 -1351.95458     2   5.000   -1.000 lightdock_11.pdb      0 -900.351
   10     21       (17.095, 26.345, 7.990, -0.577, -0.763, 0.291, -0.018)      0      0 -1350.88086     1   5.000   -1.000 lightdock_21.pdb      0 -900.352
   48     22       (23.536, 22.865, -8.558, -0.535, 0.213, 0.525, -0.627)      0      0 -1350.62317     0   5.000   -1.000 lightdock_22.pdb      0 -900.415
  210     24     (-19.006, -1.790, -18.770, -0.640, 0.026, 0.745, -0.186)      0      0 -1350.87573     2   5.000   -1.000 lightdock_24.pdb      0 -900.427
   66      3      (19.601, 15.750, -18.159, -0.522, -0.477, 0.072, 0.703)      0      0 -1352.49321     1   5.000   -1.000  lightdock_3.pdb      0 -900.476
  149      4     (-1.798, -14.084, -17.929, -0.426, 0.347, 0.828, -0.108)      0      0 -1350.56824     1   5.000   -1.000  lightdock_4.pdb      0 -900.480
  104     23       (0.223, -27.492, 11.010, -0.530, 0.132, 0.664, -0.510)      0      0 -1350.04479     2   5.000   -1.000 lightdock_23.pdb      0 -900.499
    9     20     (-14.154, -4.765, -17.474, -0.686, -0.708, 0.021, 0.165)      0      0 -1349.78768     2   5.000   -1.000 lightdock_20.pdb      0 -900.502
  210     21     (-18.391, -1.890, -18.600, -0.640, 0.026, 0.745, -0.186)      0      0 -1349.78138     1   5.000   -1.000 lightdock_21.pdb      0 -900.503
  132      0       (23.330, -3.451, 13.157, 0.396, -0.740, -0.181, 0.513)      0      0 -1351.09980     1   5.000   -1.000  lightdock_0.pdb      0 -900.526
  111      5      (12.603, -9.682, 20.066, -0.309, -0.238, 0.549, -0.739)      0      0 -1350.80721     0   5.000   -1.000  lightdock_5.pdb      0 -900.538
  137     12      (-17.356, 15.258, 9.450, -0.589, 0.727, -0.228, -0.271)      0      0 -1351.48737     1   5.000   -1.000 lightdock_12.pdb      0 -900.583
  151      9      (-7.930, -5.927, 24.453, -0.344, -0.369, 0.384, -0.773)      0      0 -1351.52802     1   5.000   -1.000  lightdock_9.pdb      0 -900.593
   43     23        (2.150, -16.575, 26.819, 0.624, 0.635, 0.122, -0.439)      0      0 -1351.01920     3   5.000   -1.000 lightdock_23.pdb      0 -900.617
  150      0       (6.691, -22.696, -10.235, 0.310, 0.354, -0.872, 0.135)      0      0 -1349.69867     3   5.000   -1.000  lightdock_0.pdb      0 -900.633
  196      3        (13.805, -25.609, 22.658, 0.208, 0.109, 0.034, 0.971)      0      0 -1352.04155     3   5.000   -1.000  lightdock_3.pdb      0 -900.633
   62      3    (11.637, -8.367, -19.994, -0.517, -0.618, -0.489, -0.335)      0      0 -1350.24140     2   5.000   -1.000  lightdock_3.pdb      0 -900.648
  209      4     (23.412, -7.184, 17.655, -0.547, -0.470, -0.595, -0.355)      0      0 -1350.39359     1   5.000   -1.000  lightdock_4.pdb      0 -900.652
  141     23    (14.575, -10.042, -11.442, -0.044, 0.658, -0.512, -0.551)      0      0 -1351.01455     0   5.000   -1.000 lightdock_23.pdb      0 -900.676
   62      0      (14.587, -2.216, -19.300, -0.594, -0.338, 0.479, 0.551)      0      0 -1351.02969     1   5.000   -1.000  lightdock_0.pdb      0 -900.685
  170     12        (-21.942, 14.808, 7.393, 0.200, 0.387, 0.270, -0.859)      0      0 -1350.67113     1   5.000   -1.000 lightdock_12.pdb      0 -900.704
   32     11         (29.797, -7.779, 7.478, -0.915, 0.328, 0.206, 0.115)      0      0 -1351.06005     0   5.000   -1.000 lightdock_11.pdb      0 -900.707
  169     16       (-20.046, -14.193, 9.945, -0.478, 0.684, 0.147, 0.531)      0      0 -1350.99307     3   5.000   -1.000 lightdock_16.pdb      0 -900.719
   12     11       (21.473, -1.245, -14.748, 0.903, -0.045, 0.428, 0.002)      0      0 -1351.11772     0   5.000   -1.000 lightdock_11.pdb      0 -900.745
  126     11      (-14.952, 14.269, 14.523, -0.748, -0.178, 0.474, 0.428)      0      0 -1349.91311     3   5.000   -1.000 lightdock_11.pdb      0 -900.750
  107      2      (-27.201, 10.680, -3.818, -0.599, -0.610, 0.012, 0.519)      0      0 -1351.12979     0   5.000   -1.000  lightdock_2.pdb      0 -900.753
   62      6    (11.636, -8.374, -20.000, -0.517, -0.618, -0.489, -0.335)      0      0 -1350.52489     3   5.000   -1.000  lightdock_6.pdb      0 -900.759
   96     13       (-22.331, -12.052, 0.937, 0.761, 0.533, 0.058, -0.366)      0      0 -1351.17887     0   5.000   -1.000 lightdock_13.pdb      0 -900.786
   86     10       (8.423, 31.639, -13.491, -0.161, 0.460, -0.851, 0.193)      0      0 -1350.41495     2   5.000   -1.000 lightdock_10.pdb      0 -900.794
   10     23       (16.866, 26.895, 8.159, -0.577, -0.763, 0.291, -0.018)      0      0 -1351.64358     3   5.000   -1.000 lightdock_23.pdb      0 -900.823
   75     20      (-29.765, 3.820, -8.904, -0.189, 0.339, -0.668, -0.635)      0      0 -1351.24124     0   5.000   -1.000 lightdock_20.pdb      0 -900.827
   10     13       (16.983, 26.896, 8.131, -0.577, -0.763, 0.291, -0.018)      0      0 -1352.19272     5   5.000   -1.000 lightdock_13.pdb      0 -900.861
  117      6    (-12.467, -17.350, 28.585, -0.746, 0.258, -0.172, -0.589)      0      0 -1351.30795     0   5.000   -1.000  lightdock_6.pdb      0 -900.872
  105      5        (-1.647, 5.368, -17.870, 0.227, 0.288, 0.747, -0.555)      0      0 -1351.36743     0   5.000   -1.000  lightdock_5.pdb      0 -900.912
   99      3      (-16.857, 23.237, -8.201, 0.165, 0.535, -0.436, -0.705)      0      0 -1351.78574     2   5.000   -1.000  lightdock_3.pdb      0 -900.919
  195      2        (-28.691, 3.097, 1.922, 0.707, -0.624, -0.149, 0.298)      0      0 -1351.39291     0   5.000   -1.000  lightdock_2.pdb      0 -900.929
  181      0       (-7.335, -28.088, 3.245, 0.620, 0.079, -0.255, -0.738)      0      0 -1351.95451     1   5.000   -1.000  lightdock_0.pdb      0 -900.957
   10     18       (17.243, 26.526, 7.991, -0.577, -0.763, 0.291, -0.018)      0      0 -1351.28737     2   5.000   -1.000 lightdock_18.pdb      0 -900.965
   97     10      (-12.019, -9.628, 21.570, -0.800, -0.096, 0.035, 0.591)      0      0 -1351.62112     1   5.000   -1.000 lightdock_10.pdb      0 -900.992
  107     10      (-27.569, 10.657, -3.987, -0.599, -0.610, 0.012, 0.519)      0      0 -1351.95947     1   5.000   -1.000 lightdock_10.pdb      0 -901.002
   96      6       (-22.138, -12.231, 0.736, 0.761, 0.533, 0.058, -0.366)      0      0 -1352.19108     1   5.000   -1.000  lightdock_6.pdb      0 -901.022
   97      9      (-12.114, -9.732, 21.218, -0.800, -0.096, 0.035, 0.591)      0      0 -1351.56130     0   5.000   -1.000  lightdock_9.pdb      0 -901.041
  196      0        (13.917, -25.936, 22.584, 0.208, 0.109, 0.034, 0.971)      0      0 -1351.89891     1   5.000   -1.000  lightdock_0.pdb      0 -901.061
  186      5        (9.992, -21.468, 26.218, 0.071, 0.863, -0.253, 0.432)      0      0 -1351.26838     3   5.000   -1.000  lightdock_5.pdb      0 -901.076
  196     10        (13.937, -25.979, 22.560, 0.208, 0.109, 0.034, 0.971)      0      0 -1351.65552     0   5.000   -1.000 lightdock_10.pdb      0 -901.103
  196     22        (14.106, -26.340, 22.360, 0.208, 0.109, 0.034, 0.971)      0      0 -1352.10546     4   5.000   -1.000 lightdock_22.pdb      0 -901.112
  175     15        (-10.770, 21.594, 0.989, 0.522, 0.761, 0.037, -0.383)      0      0 -1351.66836     0   5.000   -1.000 lightdock_15.pdb      0 -901.112
   29     14      (1.408, -22.312, -14.683, 0.059, -0.615, -0.646, 0.448)      0      0 -1351.69187     0   5.000   -1.000 lightdock_14.pdb      0 -901.128
  150      9     (0.117, -15.858, -13.871, -0.549, -0.694, 0.028, -0.465)      0      0 -1350.03559     1   5.000   -1.000  lightdock_9.pdb      0 -901.130
  187     18      (-0.201, -18.865, 25.591, 0.849, -0.301, -0.041, 0.433)      0      0 -1349.64135     3   5.000   -1.000 lightdock_18.pdb      0 -901.134
  126     17     (-6.846, 13.273, 11.126, -0.712, -0.356, -0.208, -0.568)      0      0 -1351.70483     0   5.000   -1.000 lightdock_17.pdb      0 -901.137
   33     19        (9.681, 21.146, -1.270, -0.357, 0.457, -0.368, 0.727)      0      0 -1351.72145     0   5.000   -1.000 lightdock_19.pdb      0 -901.148
   58      3       (-2.078, 1.652, -26.115, -0.268, 0.644, 0.012, -0.716)      0      0 -1377.01390     5   5.000   -1.000  lightdock_3.pdb      0 -901.187
   93     24          (2.507, 7.217, 18.740, 0.777, 0.473, -0.411, 0.063)      0      0 -1351.79353     0   5.000   -1.000 lightdock_24.pdb      0 -901.196
  169     14       (-20.297, -14.646, 9.711, -0.478, 0.684, 0.147, 0.531)      0      0 -1350.94175     2   5.000   -1.000 lightdock_14.pdb      0 -901.218
  210      5    (-26.101, -4.824, -17.290, -0.546, -0.214, 0.710, -0.390)      0      0 -1351.44872     2   5.000   -1.000  lightdock_5.pdb      0 -901.223
  132     19       (23.233, -3.284, 12.906, 0.396, -0.740, -0.181, 0.513)      0      0 -1351.26084     2   5.000   -1.000 lightdock_19.pdb      0 -901.228
  125      9       (-16.332, -15.973, 1.399, 0.284, 0.919, 0.273, -0.010)      0      0 -1351.85271     0   5.000   -1.000  lightdock_9.pdb      0 -901.235
   34     24     (6.548, -26.425, -2.760, -0.184, -0.716, -0.624, -0.255)      0      0 -1351.88317     0   5.000   -1.000 lightdock_24.pdb      0 -901.255
  180      0        (-33.370, 3.739, -4.882, 0.302, -0.845, 0.137, 0.420)      0      0 -1351.95762     0   5.000   -1.000  lightdock_0.pdb      0 -901.305
   99     14      (-16.824, 23.194, -8.168, 0.165, 0.535, -0.436, -0.705)      0      0 -1351.74696     1   5.000   -1.000 lightdock_14.pdb      0 -901.358
  120      6        (-26.186, 1.844, -9.876, -0.261, 0.650, 0.713, 0.027)      0      0 -1351.90182     3   5.000   -1.000  lightdock_6.pdb      0 -901.426
   98     17     (-2.978, 12.968, -20.395, 0.783, -0.016, -0.621, -0.006)      0      0 -1352.17928     0   5.000   -1.000 lightdock_17.pdb      0 -901.453
   84      0      (22.775, -13.925, 13.928, 0.550, 0.135, -0.795, -0.218)      0      0 -1352.26538     0   5.000   -1.000  lightdock_0.pdb      0 -901.462
   63     20    (-16.604, 16.435, -13.363, 0.645, -0.719, -0.014, -0.260)      0      0 -1352.20857     0   5.000   -1.000 lightdock_20.pdb      0 -901.472
  152     15      (20.869, 8.926, -2.659, -0.872, -0.222, -0.008, -0.437)      0      0 -1352.28883     0   5.000   -1.000 lightdock_15.pdb      0 -901.526
  149     15     (-1.943, -14.056, -18.063, -0.426, 0.347, 0.828, -0.108)      0      0 -1351.94602     3   5.000   -1.000 lightdock_15.pdb      0 -901.564
   20     16         (17.564, 8.250, 20.216, -0.752, 0.111, 0.035, 0.649)      0      0 -1350.46929     2   5.000   -1.000 lightdock_16.pdb      0 -901.635
  117     14    (-12.841, -17.515, 28.565, -0.746, 0.258, -0.172, -0.589)      0      0 -1352.22780     1   5.000   -1.000 lightdock_14.pdb      0 -901.662
  120      3        (-26.271, 1.977, -9.673, -0.261, 0.650, 0.713, 0.027)      0      0 -1351.48583     2   5.000   -1.000  lightdock_3.pdb      0 -901.721
   33     24        (9.859, 21.398, -1.351, -0.357, 0.457, -0.368, 0.727)      0      0 -1353.26238     1   5.000   -1.000 lightdock_24.pdb      0 -901.740
   25     21       (-6.328, 10.715, 17.074, 0.521, -0.841, -0.041, 0.137)      0      0 -1352.62538     0   5.000   -1.000 lightdock_21.pdb      0 -901.750
    6      5     (-19.980, -10.797, -5.975, -0.775, -0.411, 0.368, 0.309)      0      0 -1352.69931     0   5.000   -1.000  lightdock_5.pdb      0 -901.800
  102      6        (8.939, -25.831, 9.479, 0.572, -0.621, 0.359, -0.398)      0      0 -1352.70404     0   5.000   -1.000  lightdock_6.pdb      0 -901.803
   66     16      (17.224, 12.289, -9.209, -0.544, -0.550, -0.634, 0.018)      0      0 -1353.40126     1   5.000   -1.000 lightdock_16.pdb      0 -901.804
   10      8       (17.105, 26.786, 8.078, -0.577, -0.763, 0.291, -0.018)      0      0 -1351.74782     4   5.000   -1.000  lightdock_8.pdb      0 -901.825
   75     15      (-29.832, 3.540, -8.731, -0.189, 0.339, -0.668, -0.635)      0      0 -1352.10080     1   5.000   -1.000 lightdock_15.pdb      0 -901.831
  210      0    (-26.118, -4.873, -17.330, -0.546, -0.214, 0.710, -0.390)      0      0 -1351.73551     3   5.000   -1.000  lightdock_0.pdb      0 -901.840
  149     10     (-1.791, -14.110, -18.050, -0.426, 0.347, 0.828, -0.108)      0      0 -1352.15563     4   5.000   -1.000 lightdock_10.pdb      0 -901.928
   58     15        (6.301, 2.398, -17.552, -0.801, 0.250, -0.375, 0.395)      0      0 -1350.08794     1   5.000   -1.000 lightdock_15.pdb      0 -901.959
  189     19       (-1.176, 20.740, 13.053, -0.413, 0.527, -0.130, 0.731)      0      0 -1352.95326     0   5.000   -1.000 lightdock_19.pdb      0 -901.969
  212     21       (2.361, 30.358, -19.433, -0.220, 0.423, -0.858, 0.188)      0      0 -1354.32930     2   5.000   -1.000 lightdock_21.pdb      0 -901.982
  136     21       (-31.091, -4.598, -4.151, 0.748, 0.399, -0.403, 0.345)      0      0 -1351.67456     2   5.000   -1.000 lightdock_21.pdb      0 -902.035
  115      9        (2.401, -20.172, 11.833, 0.154, 0.828, 0.234, -0.486)      0      0 -1353.05592     0   5.000   -1.000  lightdock_9.pdb      0 -902.037
   66      4      (16.990, 12.386, -9.409, -0.544, -0.550, -0.634, 0.018)      0      0 -1353.10481     0   5.000   -1.000  lightdock_4.pdb      0 -902.070
   32      6         (20.641, -2.284, -1.478, 0.533, 0.374, 0.701, 0.292)      0      0 -1353.11568     0   5.000   -1.000  lightdock_6.pdb      0 -902.077
   13     20      (-18.399, -9.315, -4.754, -0.655, -0.386, 0.301, 0.576)      0      0 -1353.13538     0   5.000   -1.000 lightdock_20.pdb      0 -902.090
  101     10        (10.482, 25.300, -5.565, -0.028, 0.192, 0.586, 0.787)      0      0 -1351.61927     1   5.000   -1.000 lightdock_10.pdb      0 -902.102
  145     14         (2.780, 20.489, -13.187, 0.289, 0.073, 0.317, 0.900)      0      0 -1353.17137     0   5.000   -1.000 lightdock_14.pdb      0 -902.114
  212     11       (2.492, 30.276, -19.013, -0.220, 0.423, -0.858, 0.188)      0      0 -1354.17263     0   5.000   -1.000 lightdock_11.pdb      0 -902.137
  129      3       (-16.773, 23.696, 0.340, 0.406, -0.795, -0.157, 0.422)      0      0 -1353.23184     0   5.000   -1.000  lightdock_3.pdb      0 -902.155
  120     17      (-31.308, 3.694, -13.152, 0.437, -0.338, 0.283, -0.784)      0      0 -1353.30838     0   5.000   -1.000 lightdock_17.pdb      0 -902.206
  212      2       (2.692, 30.286, -19.618, -0.220, 0.423, -0.858, 0.188)      0      0 -1354.64784     3   5.000   -1.000  lightdock_2.pdb      0 -902.251
  160      6     (-11.742, -5.377, 23.631, -0.070, -0.729, 0.362, -0.577)      0      0 -1354.20266     1   5.000   -1.000  lightdock_6.pdb      0 -902.274
   49      3         (20.087, -9.243, 0.857, 0.361, 0.264, 0.350, -0.823)      0      0 -1353.41971     0   5.000   -1.000  lightdock_3.pdb      0 -902.280
  212     18       (2.722, 30.166, -18.632, -0.220, 0.423, -0.858, 0.188)      0      0 -1354.70864     4   5.000   -1.000 lightdock_18.pdb      0 -902.286
   81     20        (26.369, 3.955, -5.654, -0.421, 0.064, -0.899, 0.100)      0      0 -1353.43045     0   5.000   -1.000 lightdock_20.pdb      0 -902.287
  160     12     (-11.274, -5.342, 23.582, -0.070, -0.729, 0.362, -0.577)      0      0 -1353.43372     0   5.000   -1.000 lightdock_12.pdb      0 -902.289
  212     22       (2.461, 30.249, -18.669, -0.220, 0.423, -0.858, 0.188)      0      0 -1354.25593     1   5.000   -1.000 lightdock_22.pdb      0 -902.292
  161     12       (-14.904, 7.717, 10.226, -0.425, 0.240, 0.867, -0.103)      0      0 -1353.53642     0   5.000   -1.000 lightdock_12.pdb      0 -902.358
  207     21      (23.658, 16.546, 5.769, -0.007, -0.193, -0.233, -0.953)      0      0 -1353.59464     0   5.000   -1.000 lightdock_21.pdb      0 -902.396
  120      9      (-31.308, 3.747, -12.918, 0.437, -0.338, 0.283, -0.784)      0      0 -1353.86309     2   5.000   -1.000  lightdock_9.pdb      0 -902.459
  187      3       (3.170, -14.126, 16.965, 0.684, 0.286, -0.383, -0.551)      0      0 -1353.73898     0   5.000   -1.000  lightdock_3.pdb      0 -902.493
  120     15      (-31.308, 3.629, -13.437, 0.437, -0.338, 0.283, -0.784)      0      0 -1353.55458     1   5.000   -1.000 lightdock_15.pdb      0 -902.520
  145     21         (2.664, 20.484, -13.446, 0.289, 0.073, 0.317, 0.900)      0      0 -1353.86288     1   5.000   -1.000 lightdock_21.pdb      0 -902.563
   93      9       (13.904, 0.331, 20.059, -0.324, -0.734, 0.378, -0.462)      0      0 -1353.85951     0   5.000   -1.000  lightdock_9.pdb      0 -902.573
   76     11    (-8.747, 10.576, -19.187, -0.993, -0.051, -0.098, -0.032)      0      0 -1353.86665     0   5.000   -1.000 lightdock_11.pdb      0 -902.578
   86      8      (12.991, 26.263, -6.429, -0.864, -0.340, 0.326, -0.178)      0      0 -1353.87643     0   5.000   -1.000  lightdock_8.pdb      0 -902.584
  191      9    (-4.855, -11.090, 21.922, -0.625, -0.139, -0.110, -0.760)      0      0 -1353.88919     0   5.000   -1.000  lightdock_9.pdb      0 -902.593
    0     19       (7.960, -12.733, 30.460, -0.126, -0.426, 0.188, 0.876)      0      0 -1353.94742     0   5.000   -1.000 lightdock_19.pdb      0 -902.631
   26     15       (6.231, -23.345, -5.223, -0.834, 0.146, -0.159, 0.508)      0      0 -1353.99835     0   5.000   -1.000 lightdock_15.pdb      0 -902.666
  173      6       (-27.986, 4.261, -6.647, 0.803, -0.171, -0.288, 0.492)      0      0 -1354.05749     0   5.000   -1.000  lightdock_6.pdb      0 -902.705
  147      6       (20.790, -5.433, 15.127, -0.015, 0.295, -0.291, 0.910)      0      0 -1354.11255     0   5.000   -1.000  lightdock_6.pdb      0 -902.742
   69     21         (14.517, 22.058, 5.582, 0.501, -0.568, 0.151, 0.635)      0      0 -1354.11319     0   5.000   -1.000 lightdock_21.pdb      0 -902.742
  112     14        (19.197, 12.414, -11.049, 0.067, 0.322, 0.665, 0.671)      0      0 -1354.16671     0   5.000   -1.000 lightdock_14.pdb      0 -902.778
   84     16      (22.762, -13.782, 14.028, 0.550, 0.135, -0.795, -0.218)      0      0 -1354.06238     1   5.000   -1.000 lightdock_16.pdb      0 -902.781
   25     17       (-6.377, 10.450, 17.266, 0.521, -0.841, -0.041, 0.136)      0      0 -1359.09768     1   5.000   -1.000 lightdock_17.pdb      0 -902.784
  129     11       (-19.891, 19.148, 2.496, 0.891, -0.291, -0.343, 0.060)      0      0 -1354.20004     0   5.000   -1.000 lightdock_11.pdb      0 -902.800
   84      6      (22.763, -13.796, 14.019, 0.550, 0.135, -0.795, -0.218)      0      0 -1354.09355     2   5.000   -1.000  lightdock_6.pdb      0 -902.824
   24     23     (17.587, 6.458, -11.168, -0.212, -0.265, -0.148, -0.929)      0      0 -1354.26707     0   5.000   -1.000 lightdock_23.pdb      0 -902.845
   49      2         (20.068, -8.834, 0.629, 0.361, 0.264, 0.350, -0.823)      0      0 -1354.26927     1   5.000   -1.000  lightdock_2.pdb      0 -902.849
  164      7     (-6.540, -8.793, -10.989, -0.073, -0.633, -0.646, 0.420)      0      0 -1354.27551     0   5.000   -1.000  lightdock_7.pdb      0 -902.850
    5     15        (25.185, 20.636, 1.112, 0.321, -0.824, -0.460, 0.076)      0      0 -1354.46280     0   5.000   -1.000 lightdock_15.pdb      0 -902.975
  198      0       (-4.180, 12.800, 23.265, -0.877, -0.343, 0.116, 0.315)      0      0 -1354.46311     0   5.000   -1.000  lightdock_0.pdb      0 -902.975
   39     20   (-32.788, 11.981, -10.086, -0.480, -0.364, -0.465, -0.649)      0      0 -1354.49988     0   5.000   -1.000 lightdock_20.pdb      0 -903.000
  136      2         (-31.605, 4.319, 4.508, 0.483, -0.721, 0.013, 0.497)      0      0 -1354.52701     0   5.000   -1.000  lightdock_2.pdb      0 -903.018
  122     19       (18.477, -9.553, 17.986, 0.457, -0.042, -0.848, 0.265)      0      0 -1354.53269     0   5.000   -1.000 lightdock_19.pdb      0 -903.022
   55     15      (-16.214, -23.811, 1.257, -0.315, 0.421, 0.820, -0.227)      0      0 -1354.53996     0   5.000   -1.000 lightdock_15.pdb      0 -903.027
  107     24      (-28.057, 5.754, -0.507, 0.596, -0.549, -0.571, -0.131)      0      0 -1354.56301     0   5.000   -1.000 lightdock_24.pdb      0 -903.042
   59     24         (14.193, -4.309, 14.448, 0.852, 0.301, 0.355, 0.241)      0      0 -1354.57751     0   5.000   -1.000 lightdock_24.pdb      0 -903.052
   96     21       (-28.285, -5.053, 3.446, 0.431, -0.633, -0.120, 0.631)      0      0 -1354.59681     0   5.000   -1.000 lightdock_21.pdb      0 -903.065
   36     12     (-12.607, -5.852, -4.682, 0.269, -0.771, -0.382, -0.433)      0      0 -1358.72800     3   5.000   -1.000 lightdock_12.pdb      0 -903.073
   31      7       (6.689, 12.897, 20.387, -0.005, -0.472, 0.796, -0.379)      0      0 -1354.66363     0   5.000   -1.000  lightdock_7.pdb      0 -903.073
    4     22        (13.084, 33.450, 3.569, -0.833, 0.037, 0.340, -0.435)      0      0 -1355.20561     1   5.000   -1.000 lightdock_22.pdb      0 -903.074
   22     21     (12.671, -13.280, -12.882, -0.957, 0.002, -0.105, 0.269)      0      0 -1354.72003     0   5.000   -1.000 lightdock_21.pdb      0 -903.147
  168     22       (-21.082, -9.519, 11.215, 0.865, 0.154, 0.019, -0.478)      0      0 -1354.72612     0   5.000   -1.000 lightdock_22.pdb      0 -903.151
   78     10         (19.116, -4.283, -8.488, 0.556, 0.191, 0.354, 0.728)      0      0 -1354.77050     0   5.000   -1.000 lightdock_10.pdb      0 -903.180
    4      7        (12.974, 33.487, 3.411, -0.833, 0.037, 0.340, -0.435)      0      0 -1354.78933     0   5.000   -1.000  lightdock_7.pdb      0 -903.192
  129     15      (-16.521, 24.348, -4.828, 0.044, -0.990, -0.045, 0.127)      0      0 -1354.91192     0   5.000   -1.000 lightdock_15.pdb      0 -903.275
   31     17       (6.505, 12.927, 20.700, -0.005, -0.472, 0.796, -0.379)      0      0 -1356.33735     2   5.000   -1.000 lightdock_17.pdb      0 -903.277
    0     15       (7.792, -13.127, 30.510, -0.126, -0.426, 0.188, 0.876)      0      0 -1355.52976     1   5.000   -1.000 lightdock_15.pdb      0 -903.305
  116     12       (-28.667, 1.513, -3.028, 0.718, -0.219, 0.622, -0.223)      0      0 -1354.95847     0   5.000   -1.000 lightdock_12.pdb      0 -903.306
  136      0         (-31.614, 4.319, 4.501, 0.483, -0.721, 0.013, 0.497)      0      0 -1354.94919     1   5.000   -1.000  lightdock_0.pdb      0 -903.327
  184     20       (-8.685, -26.008, 16.511, -0.379, 0.792, 0.222, 0.423)      0      0 -1355.00532     0   5.000   -1.000 lightdock_20.pdb      0 -903.337
  218      0      (-13.196, -21.702, -3.896, 0.763, 0.525, 0.154, -0.345)      0      0 -1355.02372     0   5.000   -1.000  lightdock_0.pdb      0 -903.349
   65     15       (17.857, 17.408, -14.847, 0.647, -0.028, 0.016, 0.761)      0      0 -1356.17036     1   5.000   -1.000 lightdock_15.pdb      0 -903.351
   96     15       (-22.403, -11.986, 1.012, 0.761, 0.533, 0.058, -0.366)      0      0 -1353.35079     2   5.000   -1.000 lightdock_15.pdb      0 -903.359
   27     15   (-15.634, 28.696, -16.062, -0.567, -0.268, -0.767, -0.138)      0      0 -1355.05405     0   5.000   -1.000 lightdock_15.pdb      0 -903.369
  144     19     (-19.551, -12.784, 13.989, -0.882, 0.075, 0.190, -0.425)      0      0 -1355.10486     0   5.000   -1.000 lightdock_19.pdb      0 -903.403
  198     18       (-1.007, 21.866, 15.070, 0.008, -0.973, -0.228, 0.028)      0      0 -1355.15008     0   5.000   -1.000 lightdock_18.pdb      0 -903.433
  218      5      (-5.633, -26.665, -8.038, -0.840, 0.391, -0.377, 0.003)      0      0 -1355.15718     0   5.000   -1.000  lightdock_5.pdb      0 -903.438
  102     13         (9.067, -27.905, 7.909, 0.239, 0.090, -0.917, 0.305)      0      0 -1355.16985     0   5.000   -1.000 lightdock_13.pdb      0 -903.446
  163      5      (-0.979, 15.103, -10.930, 0.527, -0.503, -0.577, 0.370)      0      0 -1355.21422     0   5.000   -1.000  lightdock_5.pdb      0 -903.476
  117     22    (-12.677, -17.440, 28.574, -0.746, 0.258, -0.172, -0.589)      0      0 -1353.96607     2   5.000   -1.000 lightdock_22.pdb      0 -903.555
  174     16      (-10.623, -9.663, -21.206, -0.030, 0.950, 0.270, 0.153)      0      0 -1355.34368     0   5.000   -1.000 lightdock_16.pdb      0 -903.562
   65     24       (17.690, 17.345, -14.658, 0.647, -0.028, 0.016, 0.761)      0      0 -1355.38679     0   5.000   -1.000 lightdock_24.pdb      0 -903.591
  102     18         (8.870, -27.917, 8.023, 0.239, 0.090, -0.917, 0.305)      0      0 -1356.11646     2   5.000   -1.000 lightdock_18.pdb      0 -903.608
  158      0         (5.183, 20.214, 2.836, 0.978, -0.018, -0.150, 0.146)      0      0 -1355.43702     0   5.000   -1.000  lightdock_0.pdb      0 -903.625
  196     20        (13.947, -25.985, 22.535, 0.208, 0.109, 0.034, 0.971)      0      0 -1353.68407     5   5.000   -1.000 lightdock_20.pdb      0 -903.627
   31     12       (7.031, 12.650, 20.436, -0.005, -0.472, 0.796, -0.379)      0      0 -1356.24520     1   5.000   -1.000 lightdock_12.pdb      0 -903.670
  180      1        (-33.411, 3.607, -4.723, 0.302, -0.845, 0.137, 0.420)      0      0 -1353.83761     1   5.000   -1.000  lightdock_1.pdb      0 -903.672
   92      1       (-28.407, 2.620, 5.788, -0.185, -0.587, -0.381, 0.690)      0      0 -1355.55809     0   5.000   -1.000  lightdock_1.pdb      0 -903.705
  144      6     (-19.409, -12.760, 14.253, -0.882, 0.075, 0.190, -0.425)      0      0 -1356.58132     1   5.000   -1.000  lightdock_6.pdb      0 -903.719
  214     15    (-20.191, -24.993, 8.063, -0.705, -0.695, -0.074, -0.124)      0      0 -1355.59155     0   5.000   -1.000 lightdock_15.pdb      0 -903.728
   95     23       (-2.774, -3.846, -22.942, 0.948, -0.022, 0.292, 0.125)      0      0 -1356.00750     1   5.000   -1.000 lightdock_23.pdb      0 -903.728
   66     13      (19.270, 15.983, -17.989, -0.522, -0.477, 0.072, 0.703)      0      0 -1353.79863     2   5.000   -1.000 lightdock_13.pdb      0 -903.736
    0     18       (7.861, -13.044, 30.201, -0.126, -0.426, 0.188, 0.876)      0      0 -1355.64485     2   5.000   -1.000 lightdock_18.pdb      0 -903.736
  213      7       (-28.327, 4.061, -9.478, 0.331, 0.917, -0.222, -0.020)      0      0 -1355.62684     0   5.000   -1.000  lightdock_7.pdb      0 -903.751
   92     11       (-28.816, 2.533, 6.042, -0.185, -0.587, -0.381, 0.690)      0      0 -1355.90496     1   5.000   -1.000 lightdock_11.pdb      0 -903.762
   79     21      (-18.653, 1.338, -18.463, -0.432, 0.295, 0.750, -0.405)      0      0 -1356.10378     1   5.000   -1.000 lightdock_21.pdb      0 -903.772
   95     16       (-3.087, -3.521, -22.877, 0.948, -0.022, 0.292, 0.125)      0      0 -1355.65836     0   5.000   -1.000 lightdock_16.pdb      0 -903.772
   66     10      (19.236, 16.011, -17.951, -0.522, -0.477, 0.072, 0.703)      0      0 -1353.81352     3   5.000   -1.000 lightdock_10.pdb      0 -903.790
    5      0        (25.356, 20.403, 1.088, 0.321, -0.824, -0.460, 0.076)      0      0 -1356.11323     1   5.000   -1.000  lightdock_0.pdb      0 -903.791
  164      6     (-6.736, -9.216, -10.855, -0.073, -0.633, -0.646, 0.420)      0      0 -1356.44070     2   5.000   -1.000  lightdock_6.pdb      0 -903.810
  181      6      (-17.822, -19.919, 5.523, -0.680, 0.044, -0.731, 0.029)      0      0 -1355.72506     0   5.000   -1.000  lightdock_6.pdb      0 -903.817
  115     14      (0.392, -29.918, 12.963, 0.645, -0.732, -0.178, -0.129)      0      0 -1349.37146     3   5.000   -1.000 lightdock_14.pdb      0 -903.823
   78      4        (15.163, -6.124, -11.996, 0.991, 0.109, 0.056, 0.056)      0      0 -1359.61108     1   5.000   -1.000  lightdock_4.pdb      0 -903.831
  158      1         (5.331, 20.189, 2.511, 0.978, -0.018, -0.150, 0.146)      0      0 -1355.98349     1   5.000   -1.000  lightdock_1.pdb      0 -903.834
   50     13       (-12.556, 23.529, 6.192, 0.308, -0.388, 0.024, -0.868)      0      0 -1355.77500     0   5.000   -1.000 lightdock_13.pdb      0 -903.850
   79     19      (-18.427, 1.679, -18.219, -0.432, 0.295, 0.750, -0.405)      0      0 -1355.79399     0   5.000   -1.000 lightdock_19.pdb      0 -903.863
   66     19      (19.265, 15.989, -17.971, -0.522, -0.477, 0.072, 0.703)      0      0 -1354.25444     4   5.000   -1.000 lightdock_19.pdb      0 -903.937
  137     23     (-21.414, 17.493, -4.484, -0.188, -0.791, -0.321, 0.487)      0      0 -1356.00376     0   5.000   -1.000 lightdock_23.pdb      0 -904.003
  163     23       (-2.588, 13.872, -15.149, 0.118, 0.045, 0.660, -0.740)      0      0 -1368.25714     1   5.000   -1.000 lightdock_23.pdb      0 -904.038
  127      5        (0.182, 30.679, -3.851, -0.152, -0.622, 0.690, 0.337)      0      0 -1356.05961     0   5.000   -1.000  lightdock_5.pdb      0 -904.040
   84      4         (24.013, -5.630, 15.505, 0.448, 0.494, 0.594, 0.450)      0      0 -1356.10448     0   5.000   -1.000  lightdock_4.pdb      0 -904.070
   92     20       (-28.396, 2.623, 5.781, -0.185, -0.587, -0.381, 0.690)      0      0 -1356.04668     2   5.000   -1.000 lightdock_20.pdb      0 -904.108
  190     12     (-22.237, 21.375, 14.392, -0.647, 0.398, -0.530, -0.377)      0      0 -1356.16561     0   5.000   -1.000 lightdock_12.pdb      0 -904.110
    4     18        (12.803, 33.544, 3.164, -0.833, 0.037, 0.340, -0.435)      0      0 -1355.62101     2   5.000   -1.000 lightdock_18.pdb      0 -904.122
  127     21       (-10.415, 29.964, -6.511, 0.497, 0.709, -0.217, 0.451)      0      0 -1356.20122     0   5.000   -1.000 lightdock_21.pdb      0 -904.134
  124     21        (-7.946, 27.604, 8.096, 0.313, 0.593, -0.596, -0.443)      0      0 -1356.20912     0   5.000   -1.000 lightdock_21.pdb      0 -904.139
  174      2      (-10.598, -9.819, -21.416, -0.030, 0.950, 0.270, 0.153)      0      0 -1357.14882     1   5.000   -1.000  lightdock_2.pdb      0 -904.199
  102      4         (9.294, -27.891, 7.779, 0.239, 0.090, -0.917, 0.305)      0      0 -1355.90528     1   5.000   -1.000  lightdock_4.pdb      0 -904.201
  116     20       (-28.690, 1.493, -3.049, 0.718, -0.219, 0.622, -0.223)      0      0 -1355.56958     1   5.000   -1.000 lightdock_20.pdb      0 -904.210
  195     13        (-28.662, 3.077, 1.874, 0.707, -0.624, -0.149, 0.298)      0      0 -1354.19776     1   5.000   -1.000 lightdock_13.pdb      0 -904.212
  201     22        (-16.379, 5.284, -15.306, 0.217, 0.820, 0.492, 0.198)      0      0 -1356.83489     1   5.000   -1.000 lightdock_22.pdb      0 -904.247
   23     13         (-4.548, 21.938, -1.356, 0.162, 0.515, 0.418, 0.730)      0      0 -1356.39706     0   5.000   -1.000 lightdock_13.pdb      0 -904.265
    0     16       (8.009, -12.599, 30.514, -0.126, -0.426, 0.188, 0.876)      0      0 -1356.18498     3   5.000   -1.000 lightdock_16.pdb      0 -904.300
  132      4        (13.650, -3.742, 17.367, 0.966, 0.228, -0.119, 0.006)      0      0 -1356.45445     0   5.000   -1.000  lightdock_4.pdb      0 -904.303
   55      6         (-14.815, -9.006, 0.124, 0.462, 0.713, 0.357, 0.389)      0      0 -1356.48813     0   5.000   -1.000  lightdock_6.pdb      0 -904.325
  165      9       (-2.825, -24.519, 10.412, -0.545, 0.587, 0.575, 0.165)      0      0 -1356.49688     0   5.000   -1.000  lightdock_9.pdb      0 -904.331
  213     16       (-28.300, 4.099, -9.442, 0.331, 0.917, -0.222, -0.020)      0      0 -1356.21695     1   5.000   -1.000 lightdock_16.pdb      0 -904.354
   51     13      (-0.810, -20.166, 16.091, 0.416, -0.038, -0.518, 0.746)      0      0 -1356.53523     0   5.000   -1.000 lightdock_13.pdb      0 -904.357
   59      2         (14.322, -4.398, 14.208, 0.852, 0.301, 0.355, 0.241)      0      0 -1357.60453     1   5.000   -1.000  lightdock_2.pdb      0 -904.358
  164      3     (-6.520, -8.750, -11.003, -0.073, -0.633, -0.646, 0.420)      0      0 -1356.10437     1   5.000   -1.000  lightdock_3.pdb      0 -904.358
  187      1      (3.301, -20.209, 31.142, -0.049, 0.111, -0.150, -0.981)      0      0 -1356.68681     1   5.000   -1.000  lightdock_1.pdb      0 -904.362
   81      3         (20.271, 4.883, -15.458, 0.047, 0.569, 0.006, 0.821)      0      0 -1356.54700     0   5.000   -1.000  lightdock_3.pdb      0 -904.365
  119      2        (10.632, 21.828, -6.022, 0.154, 0.980, 0.087, -0.087)      0      0 -1356.54945     0   5.000   -1.000  lightdock_2.pdb      0 -904.366
  203     22        (4.139, 18.846, 14.856, 0.174, -0.002, -0.958, 0.228)      0      0 -1356.57294     0   5.000   -1.000 lightdock_22.pdb      0 -904.382
  188     22     (-26.524, -8.212, -12.195, 0.828, -0.095, 0.278, -0.478)      0      0 -1359.09710     1   5.000   -1.000 lightdock_22.pdb      0 -904.409
  201      0        (-16.315, 5.415, -15.235, 0.217, 0.820, 0.492, 0.198)      0      0 -1356.63770     0   5.000   -1.000  lightdock_0.pdb      0 -904.425
  187      9      (3.048, -20.351, 30.991, -0.049, 0.111, -0.150, -0.981)      0      0 -1356.66460     0   5.000   -1.000  lightdock_9.pdb      0 -904.443
  214     13    (-20.086, -25.173, 8.148, -0.705, -0.695, -0.074, -0.124)      0      0 -1357.70939     2   5.000   -1.000 lightdock_13.pdb      0 -904.476
   47     15      (16.700, -22.920, 21.727, 0.028, -0.942, 0.054, -0.331)      0      0 -1356.76033     0   5.000   -1.000 lightdock_15.pdb      0 -904.507
   25     13       (-6.445, 10.073, 17.532, 0.521, -0.841, -0.041, 0.136)      0      0 -1361.64367     2   5.000   -1.000 lightdock_13.pdb      0 -904.520
  137     16      (-24.313, 16.974, -0.885, 0.772, 0.011, -0.614, -0.163)      0      0 -1356.82274     0   5.000   -1.000 lightdock_16.pdb      0 -904.548
  127     19        (0.350, 30.525, -3.878, -0.152, -0.622, 0.690, 0.337)      0      0 -1357.43096     1   5.000   -1.000 lightdock_19.pdb      0 -904.554
  201     23        (-16.143, 5.767, -15.040, 0.217, 0.820, 0.492, 0.198)      0      0 -1357.33201     3   5.000   -1.000 lightdock_23.pdb      0 -904.580
  115      5          (3.003, -28.545, 3.809, 0.824, 0.446, 0.333, 0.102)      0      0 -1356.89297     0   5.000   -1.000  lightdock_5.pdb      0 -904.595
   35     16    (-10.335, -22.396, -11.059, 0.151, 0.536, -0.547, -0.626)      0      0 -1354.12095     2   5.000   -1.000 lightdock_16.pdb      0 -904.618
  124     23      (-9.609, 24.522, 17.496, -0.745, 0.243, -0.592, -0.186)      0      0 -1357.03600     0   5.000   -1.000 lightdock_23.pdb      0 -904.691
   38     17       (-6.231, 27.384, -6.251, -0.187, 0.747, 0.570, -0.287)      0      0 -1357.06319     0   5.000   -1.000 lightdock_17.pdb      0 -904.709
  190      5        (-6.966, 24.867, 10.693, 0.369, -0.737, 0.160, 0.543)      0      0 -1357.09341     0   5.000   -1.000  lightdock_5.pdb      0 -904.729
  146     18      (21.448, 0.317, -13.271, -0.301, 0.651, -0.217, -0.663)      0      0 -1357.13716     0   5.000   -1.000 lightdock_18.pdb      0 -904.758
  117     18     (-18.668, -15.991, 13.637, -0.467, 0.324, 0.209, -0.796)      0      0 -1357.15933     0   5.000   -1.000 lightdock_18.pdb      0 -904.773
  132     12        (13.602, -3.846, 17.393, 0.966, 0.228, -0.119, 0.006)      0      0 -1356.97895     1   5.000   -1.000 lightdock_12.pdb      0 -904.797
   73      0      (0.347, -14.030, 25.427, -0.906, 0.200, -0.214, -0.305)      0      0 -1357.21120     0   5.000   -1.000  lightdock_0.pdb      0 -904.807
   53      4       (13.338, 18.826, -5.164, -0.140, 0.833, 0.079, -0.529)      0      0 -1357.25812     0   5.000   -1.000  lightdock_4.pdb      0 -904.839
  180     13        (-33.180, 3.663, -5.056, 0.302, -0.845, 0.137, 0.420)      0      0 -1355.32691     2   5.000   -1.000 lightdock_13.pdb      0 -904.847
  207      4        (27.239, 6.129, -3.619, 0.803, -0.295, -0.497, 0.145)      0      0 -1357.27727     0   5.000   -1.000  lightdock_4.pdb      0 -904.852
   99     16    (-20.839, 17.036, -14.321, -0.191, -0.211, -0.852, 0.439)      0      0 -1357.27816     0   5.000   -1.000 lightdock_16.pdb      0 -904.852
   95     12      (-9.173, -10.016, -19.244, -0.463, 0.007, 0.855, 0.232)      0      0 -1357.28344     0   5.000   -1.000 lightdock_12.pdb      0 -904.856
  139      0         (10.165, 15.449, 2.896, 0.535, 0.225, 0.599, -0.552)      0      0 -1357.29094     0   5.000   -1.000  lightdock_0.pdb      0 -904.861
  201     20        (-16.197, 5.658, -15.101, 0.217, 0.820, 0.492, 0.198)      0      0 -1357.32283     2   5.000   -1.000 lightdock_20.pdb      0 -904.920
  216     23      (-10.555, 21.599, -15.314, -0.060, 0.778, 0.531, 0.331)      0      0 -1357.56302     0   5.000   -1.000 lightdock_23.pdb      0 -905.042
   22     20     (12.687, -13.308, -12.873, -0.957, 0.002, -0.105, 0.269)      0      0 -1356.28698     1   5.000   -1.000 lightdock_20.pdb      0 -905.052
   79      6     (-13.619, -7.216, -12.145, 0.612, -0.200, -0.394, 0.656)      0      0 -1357.63378     0   5.000   -1.000  lightdock_6.pdb      0 -905.089
  183      3       (-2.932, -2.050, 22.713, -0.782, 0.274, 0.070, -0.556)      0      0 -1359.32912     0   5.000   -1.000  lightdock_3.pdb      0 -905.095
  102      0         (9.598, -27.870, 7.594, 0.239, 0.090, -0.917, 0.305)      0      0 -1357.86768     4   5.000   -1.000  lightdock_0.pdb      0 -905.097
  137     10     (-21.454, 17.724, -4.292, -0.188, -0.791, -0.321, 0.487)      0      0 -1357.38784     1   5.000   -1.000 lightdock_10.pdb      0 -905.097
  183      8      (-8.025, 3.677, 21.086, -0.777, -0.194, -0.281, -0.529)      0      0 -1357.66564     0   5.000   -1.000  lightdock_8.pdb      0 -905.110
   68     16        (2.097, -31.216, 5.582, 0.162, 0.145, -0.839, -0.499)      0      0 -1358.42998     1   5.000   -1.000 lightdock_16.pdb      0 -905.116
  132      7        (16.336, -12.194, 9.956, -0.227, 0.036, 0.868, 0.439)      0      0 -1357.67812     0   5.000   -1.000  lightdock_7.pdb      0 -905.119
   47     12      (16.721, -23.177, 21.360, 0.028, -0.942, 0.054, -0.331)      0      0 -1358.61225     1   5.000   -1.000 lightdock_12.pdb      0 -905.186
  214      8    (-20.266, -24.866, 8.006, -0.705, -0.695, -0.074, -0.124)      0      0 -1357.00787     1   5.000   -1.000  lightdock_8.pdb      0 -905.232
   19     20      (-3.210, 17.250, -12.460, -0.464, -0.830, 0.277, 0.139)      0      0 -1358.59603     1   5.000   -1.000 lightdock_20.pdb      0 -905.237
   96     19      (-28.995, -0.657, -6.344, -0.544, 0.403, -0.393, 0.622)      0      0 -1357.90922     0   5.000   -1.000 lightdock_19.pdb      0 -905.273
   95     24      (-9.057, -10.172, -19.416, -0.463, 0.007, 0.855, 0.232)      0      0 -1359.22151     1   5.000   -1.000 lightdock_24.pdb      0 -905.319
  188     24     (-26.389, -7.833, -12.116, 0.828, -0.095, 0.278, -0.478)      0      0 -1358.99646     0   5.000   -1.000 lightdock_24.pdb      0 -905.324
   52     11       (21.016, -16.428, 24.443, 0.289, 0.117, 0.005, -0.950)      0      0 -1357.98730     0   5.000   -1.000 lightdock_11.pdb      0 -905.325
   19      6      (-2.850, 17.154, -12.427, -0.464, -0.830, 0.277, 0.139)      0      0 -1358.70405     2   5.000   -1.000  lightdock_6.pdb      0 -905.332
   68     18        (2.562, -31.151, 5.602, 0.162, 0.145, -0.839, -0.499)      0      0 -1358.05893     0   5.000   -1.000 lightdock_18.pdb      0 -905.333
   19     24      (-3.226, 17.326, -12.446, -0.464, -0.830, 0.277, 0.139)      0      0 -1358.01527     0   5.000   -1.000 lightdock_24.pdb      0 -905.343
  102     15         (9.017, -27.908, 7.936, 0.239, 0.090, -0.917, 0.305)      0      0 -1356.86576     3   5.000   -1.000 lightdock_15.pdb      0 -905.348
  145      8       (17.080, 22.487, -15.894, 0.500, 0.556, 0.270, -0.606)      0      0 -1358.10181     0   5.000   -1.000  lightdock_8.pdb      0 -905.401
   65     14     (18.694, 15.702, -11.763, -0.027, -0.317, -0.167, 0.933)      0      0 -1358.12290     0   5.000   -1.000 lightdock_14.pdb      0 -905.415
   52      9       (21.012, -16.777, 24.282, 0.289, 0.117, 0.005, -0.950)      0      0 -1358.58106     3   5.000   -1.000  lightdock_9.pdb      0 -905.496
   46      8        (-18.777, 6.015, -13.761, 0.476, 0.194, 0.847, 0.137)      0      0 -1358.25275     0   5.000   -1.000  lightdock_8.pdb      0 -905.502
   11     16       (24.479, -15.305, 3.879, 0.271, -0.414, 0.006, -0.869)      0      0 -1358.87188     1   5.000   -1.000 lightdock_16.pdb      0 -905.535
   73      9     (-11.656, -12.295, 29.183, -0.415, -0.319, 0.852, 0.010)      0      0 -1358.31519     0   5.000   -1.000  lightdock_9.pdb      0 -905.543
   52      5       (21.014, -16.624, 24.353, 0.289, 0.117, 0.005, -0.950)      0      0 -1358.57641     2   5.000   -1.000  lightdock_5.pdb      0 -905.562
  169      8      (-15.975, -15.073, 6.671, -0.298, 0.444, -0.835, 0.129)      0      0 -1358.34668     0   5.000   -1.000  lightdock_8.pdb      0 -905.564
   22     15       (21.423, -2.222, -14.332, 0.779, 0.463, 0.002, -0.423)      0      0 -1358.36118     0   5.000   -1.000 lightdock_15.pdb      0 -905.574
  177      7      (-9.362, -28.126, 15.095, -0.351, 0.265, 0.811, -0.385)      0      0 -1358.96016     1   5.000   -1.000  lightdock_7.pdb      0 -905.575
   33     22      (13.227, 30.260, -2.963, 0.177, -0.633, -0.132, -0.742)      0      0 -1360.12671     1   5.000   -1.000 lightdock_22.pdb      0 -905.590
    6      6     (-19.948, -10.759, -5.975, -0.775, -0.411, 0.368, 0.309)      0      0 -1356.25042     1   5.000   -1.000  lightdock_6.pdb      0 -905.595
  195     15       (-25.793, 2.667, -5.228, 0.221, 0.004, -0.121, -0.968)      0      0 -1358.45310     0   5.000   -1.000 lightdock_15.pdb      0 -905.635
   11      8       (24.162, -15.539, 3.905, 0.271, -0.414, 0.006, -0.869)      0      0 -1358.50606     0   5.000   -1.000  lightdock_8.pdb      0 -905.671
   72     22       (0.003, -8.391, 25.059, -0.818, 0.207, -0.271, -0.464)      0      0 -1361.57381     0   5.000   -1.000 lightdock_22.pdb      0 -905.717
  141     10     (14.512, -9.963, -11.401, -0.044, 0.658, -0.512, -0.551)      0      0 -1355.48395     1   5.000   -1.000 lightdock_10.pdb      0 -905.725
  177      9      (-9.220, -28.099, 15.564, -0.351, 0.265, 0.811, -0.385)      0      0 -1358.62396     0   5.000   -1.000  lightdock_9.pdb      0 -905.749
   52     24       (21.000, -17.061, 24.153, 0.289, 0.117, 0.005, -0.950)      0      0 -1358.59970     4   5.000   -1.000 lightdock_24.pdb      0 -905.753
  198     15       (-1.087, 21.808, 15.031, 0.008, -0.973, -0.228, 0.028)      0      0 -1357.52424     1   5.000   -1.000 lightdock_15.pdb      0 -905.766
  207     10         (19.047, 12.417, 4.287, -0.608, 0.544, 0.493, 0.303)      0      0 -1358.69759     0   5.000   -1.000 lightdock_10.pdb      0 -905.798
   78     18        (15.106, -6.016, -11.747, 0.991, 0.109, 0.056, 0.056)      0      0 -1358.72720     0   5.000   -1.000 lightdock_18.pdb      0 -905.799
   68     10        (2.907, -31.044, 5.524, 0.162, 0.145, -0.839, -0.499)      0      0 -1358.83586     2   5.000   -1.000 lightdock_10.pdb      0 -905.813
   84      9       (24.051, -9.143, 16.048, -0.566, 0.316, -0.756, 0.091)      0      0 -1358.74464     0   5.000   -1.000  lightdock_9.pdb      0 -905.830
   52      1       (21.023, -16.009, 24.636, 0.289, 0.117, 0.005, -0.950)      0      0 -1358.75553     5   5.000   -1.000  lightdock_1.pdb      0 -905.864
  127      7        (0.034, 30.816, -3.827, -0.152, -0.622, 0.690, 0.337)      0      0 -1358.03865     2   5.000   -1.000  lightdock_7.pdb      0 -905.874
   19      0      (-3.322, 17.766, -12.361, -0.464, -0.830, 0.277, 0.139)      0      0 -1358.92348     3   5.000   -1.000  lightdock_0.pdb      0 -905.895
  117      2     (-18.535, -16.248, 13.504, -0.467, 0.324, 0.209, -0.796)      0      0 -1358.29768     1   5.000   -1.000  lightdock_2.pdb      0 -905.902
   52     16       (21.019, -16.257, 24.522, 0.289, 0.117, 0.005, -0.950)      0      0 -1358.41718     1   5.000   -1.000 lightdock_16.pdb      0 -905.906
  174     23      (-10.647, -9.519, -21.014, -0.030, 0.950, 0.270, 0.153)      0      0 -1357.95665     2   5.000   -1.000 lightdock_23.pdb      0 -905.920
  125      7       (-11.861, -24.113, 0.078, 0.667, -0.475, 0.546, 0.177)      0      0 -1358.91232     0   5.000   -1.000  lightdock_7.pdb      0 -905.941
  127     22         (-6.335, 27.570, 6.224, -0.703, 0.023, 0.588, 0.398)      0      0 -1358.93740     0   5.000   -1.000 lightdock_22.pdb      0 -905.958
  202     12      (0.542, -6.439, -14.626, -0.307, -0.845, -0.427, 0.095)      0      0 -1359.02100     0   5.000   -1.000 lightdock_12.pdb      0 -906.014
   33      4      (13.020, 30.015, -3.291, 0.177, -0.633, -0.132, -0.742)      0      0 -1359.82897     0   5.000   -1.000  lightdock_4.pdb      0 -906.019
  117      0     (-21.198, -16.031, 22.787, -0.204, 0.819, -0.069, 0.531)      0      0 -1359.08636     0   5.000   -1.000  lightdock_0.pdb      0 -906.058
  188      8     (-26.555, -7.646, -12.133, 0.828, -0.095, 0.278, -0.478)      0      0 -1359.12370     2   5.000   -1.000  lightdock_8.pdb      0 -906.079
  103     10    (-12.751, -26.113, 12.611, -0.914, -0.383, -0.018, 0.134)      0      0 -1359.89952     1   5.000   -1.000 lightdock_10.pdb      0 -906.134
  170     20      (-13.772, 14.746, 10.689, -0.092, 0.809, -0.401, 0.420)      0      0 -1359.22493     0   5.000   -1.000 lightdock_20.pdb      0 -906.150
  117     13     (-21.229, -16.065, 22.888, -0.204, 0.819, -0.069, 0.531)      0      0 -1359.83601     1   5.000   -1.000 lightdock_13.pdb      0 -906.152
  183     16      (-7.883, 4.029, 21.330, -0.777, -0.194, -0.281, -0.529)      0      0 -1360.02314     2   5.000   -1.000 lightdock_16.pdb      0 -906.155
  103      4    (-13.170, -26.241, 12.443, -0.914, -0.383, -0.018, 0.134)      0      0 -1359.38949     0   5.000   -1.000  lightdock_4.pdb      0 -906.155
  187     19        (3.036, -25.333, 18.640, 0.893, 0.187, 0.385, -0.143)      0      0 -1362.13897     2   5.000   -1.000 lightdock_19.pdb      0 -906.155
  215     10       (14.162, 13.445, 9.443, 0.587, -0.311, -0.709, -0.235)      0      0 -1359.23322     0   5.000   -1.000 lightdock_10.pdb      0 -906.155
   68     19        (2.281, -31.136, 5.677, 0.162, 0.145, -0.839, -0.499)      0      0 -1359.75307     4   5.000   -1.000 lightdock_19.pdb      0 -906.162
  198      8        (4.655, 13.570, 21.743, -0.131, 0.340, 0.796, -0.483)      0      0 -1359.25092     0   5.000   -1.000  lightdock_8.pdb      0 -906.167
  216      0      (-10.540, 21.565, -15.307, -0.060, 0.778, 0.531, 0.331)      0      0 -1358.74252     1   5.000   -1.000  lightdock_0.pdb      0 -906.234
   93      6        (8.210, 7.271, 18.802, -0.507, -0.420, 0.447, -0.605)      0      0 -1359.36264     0   5.000   -1.000  lightdock_6.pdb      0 -906.242
   47      7    (11.151, -21.823, 22.770, -0.496, -0.485, -0.608, -0.387)      0      0 -1359.40009     0   5.000   -1.000  lightdock_7.pdb      0 -906.267
  125     24      (-12.156, -24.306, -0.035, 0.667, -0.475, 0.546, 0.177)      0      0 -1360.16374     2   5.000   -1.000 lightdock_24.pdb      0 -906.271
   24     18       (9.804, 0.700, -22.404, 0.947, -0.147, -0.172, -0.226)      0      0 -1359.80226     0   5.000   -1.000 lightdock_18.pdb      0 -906.283
  148      3        (20.878, -9.254, 11.731, 0.581, 0.026, 0.742, -0.334)      0      0 -1359.42896     0   5.000   -1.000  lightdock_3.pdb      0 -906.286
  177     12      (-9.145, -28.085, 15.810, -0.351, 0.265, 0.811, -0.385)      0      0 -1359.79324     2   5.000   -1.000 lightdock_12.pdb      0 -906.302
  125      6       (-11.615, -23.949, 0.178, 0.667, -0.475, 0.546, 0.177)      0      0 -1359.41094     1   5.000   -1.000  lightdock_6.pdb      0 -906.325
   38     13       (-6.059, 27.192, -6.273, -0.187, 0.747, 0.570, -0.287)      0      0 -1358.21573     1   5.000   -1.000 lightdock_13.pdb      0 -906.357
  187      2        (2.727, -25.332, 18.370, 0.893, 0.187, 0.385, -0.143)      0      0 -1359.57086     0   5.000   -1.000  lightdock_2.pdb      0 -906.381
   13     16      (-20.944, -21.433, 6.353, 0.697, -0.217, 0.609, -0.310)      0      0 -1359.57492     0   5.000   -1.000 lightdock_16.pdb      0 -906.383
  172     16       (3.872, 23.797, -8.515, -0.390, -0.145, 0.661, -0.625)      0      0 -1359.58802     0   5.000   -1.000 lightdock_16.pdb      0 -906.392
  103     15    (-13.484, -26.475, 12.329, -0.914, -0.383, -0.018, 0.134)      0      0 -1359.99364     2   5.000   -1.000 lightdock_15.pdb      0 -906.402
  200     24     (11.332, -24.174, 1.483, -0.505, -0.690, -0.094, -0.510)      0      0 -1359.63740     0   5.000   -1.000 lightdock_24.pdb      0 -906.425
  168      2       (-31.730, -8.954, 8.266, 0.537, 0.788, -0.122, -0.273)      0      0 -1359.66777     0   5.000   -1.000  lightdock_2.pdb      0 -906.445
  188     17     (-26.596, -7.635, -12.142, 0.828, -0.095, 0.278, -0.478)      0      0 -1359.58846     3   5.000   -1.000 lightdock_17.pdb      0 -906.457
  198      6        (4.627, 13.692, 21.411, -0.131, 0.340, 0.796, -0.483)      0      0 -1359.75756     1   5.000   -1.000  lightdock_6.pdb      0 -906.479
  212     20         (6.994, 22.307, -11.711, 0.684, 0.407, 0.252, 0.551)      0      0 -1364.39959     2   5.000   -1.000 lightdock_20.pdb      0 -906.489
  198      3        (4.681, 13.459, 22.048, -0.131, 0.340, 0.796, -0.483)      0      0 -1360.28037     2   5.000   -1.000  lightdock_3.pdb      0 -906.529
   68     22        (2.759, -31.153, 5.563, 0.162, 0.145, -0.839, -0.499)      0      0 -1359.70266     3   5.000   -1.000 lightdock_22.pdb      0 -906.537
   72      2       (0.421, -8.632, 25.037, -0.820, 0.206, -0.272, -0.460)      0      0 -1361.63789     1   5.000   -1.000  lightdock_2.pdb      0 -906.543
  122      2      (19.843, -16.223, 19.854, 0.674, -0.285, -0.617, 0.288)      0      0 -1361.71015     1   5.000   -1.000  lightdock_2.pdb      0 -906.632
  218     23    (-1.342, -20.137, -13.931, -0.504, 0.051, -0.619, -0.601)      0      0 -1359.95138     0   5.000   -1.000 lightdock_23.pdb      0 -906.634
  130      9        (24.336, -4.639, 14.978, 0.698, -0.279, 0.622, 0.218)      0      0 -1363.05333     0   5.000   -1.000  lightdock_9.pdb      0 -906.695
   33     20      (12.933, 29.796, -3.652, 0.177, -0.633, -0.132, -0.742)      0      0 -1360.71321     2   5.000   -1.000 lightdock_20.pdb      0 -906.705
    5     17         (23.756, 21.248, -9.749, 0.819, 0.513, 0.214, 0.140)      0      0 -1360.06714     0   5.000   -1.000 lightdock_17.pdb      0 -906.711
    5     10         (22.374, 18.038, -9.346, 0.249, 0.283, 0.889, 0.258)      0      0 -1360.09230     0   5.000   -1.000 lightdock_10.pdb      0 -906.728
   49     16      (30.861, -6.336, -3.047, -0.055, -0.965, -0.150, 0.207)      0      0 -1360.16801     0   5.000   -1.000 lightdock_16.pdb      0 -906.779
  137     19     (-21.456, 17.506, -4.378, -0.188, -0.791, -0.323, 0.485)      0      0 -1361.51144     2   5.000   -1.000 lightdock_19.pdb      0 -906.803
   89     22       (15.990, 3.434, 12.113, -0.362, -0.210, -0.907, 0.042)      0      0 -1360.27264     0   5.000   -1.000 lightdock_22.pdb      0 -906.848
   33      1      (13.041, 30.097, -3.146, 0.177, -0.633, -0.132, -0.742)      0      0 -1361.06313     3   5.000   -1.000  lightdock_1.pdb      0 -906.851
  122     18      (19.850, -15.870, 19.778, 0.674, -0.285, -0.617, 0.288)      0      0 -1360.65503     0   5.000   -1.000 lightdock_18.pdb      0 -906.860
   68      2        (2.697, -31.130, 5.603, 0.162, 0.145, -0.839, -0.499)      0      0 -1359.76271     5   5.000   -1.000  lightdock_2.pdb      0 -906.865
  181      3    (-15.483, -25.948, 5.686, -0.158, -0.102, -0.840, -0.510)      0      0 -1360.30052     0   5.000   -1.000  lightdock_3.pdb      0 -906.867
   54      4      (21.209, -0.061, -14.787, -0.088, 0.372, -0.918, 0.103)      0      0 -1360.34291     0   5.000   -1.000  lightdock_4.pdb      0 -906.895
  167      4        (2.741, -4.851, 20.295, -0.668, 0.255, -0.694, 0.091)      0      0 -1360.34723     0   5.000   -1.000  lightdock_4.pdb      0 -906.898
  218      2    (-1.302, -20.525, -13.774, -0.504, 0.051, -0.619, -0.601)      0      0 -1360.86525     2   5.000   -1.000  lightdock_2.pdb      0 -906.916
   33      6      (13.042, 30.077, -3.186, 0.177, -0.633, -0.132, -0.742)      0      0 -1361.79152     4   5.000   -1.000  lightdock_6.pdb      0 -906.917
  208     13       (10.873, -20.489, 13.193, 0.288, 0.189, 0.455, -0.821)      0      0 -1361.81763     1   5.000   -1.000 lightdock_13.pdb      0 -906.929
  168      7       (-23.916, -1.156, 8.395, 0.670, -0.574, -0.141, 0.450)      0      0 -1360.40822     0   5.000   -1.000  lightdock_7.pdb      0 -906.939
  197      8      (31.016, 17.801, -7.041, 0.392, -0.420, -0.136, -0.807)      0      0 -1360.41113     0   5.000   -1.000  lightdock_8.pdb      0 -906.941
  160      9     (-11.369, -10.301, 24.091, 0.420, -0.574, -0.492, 0.503)      0      0 -1360.41611     0   5.000   -1.000  lightdock_9.pdb      0 -906.944
  137     18        (-18.753, 19.595, 5.333, 0.029, 0.338, 0.149, -0.929)      0      0 -1360.41773     0   5.000   -1.000 lightdock_18.pdb      0 -906.945
  122     24     (10.081, -17.272, 14.133, 0.386, -0.404, -0.063, -0.827)      0      0 -1360.44589     0   5.000   -1.000 lightdock_24.pdb      0 -906.964
   88     17       (14.782, 21.983, -7.379, 0.433, -0.542, 0.554, -0.460)      0      0 -1360.46987     0   5.000   -1.000 lightdock_17.pdb      0 -906.980
   59      8       (30.603, 0.044, 16.117, 0.005, -0.922, -0.273, -0.274)      0      0 -1360.48775     0   5.000   -1.000  lightdock_8.pdb      0 -906.992
  145     24       (17.090, 22.494, -15.828, 0.500, 0.556, 0.270, -0.606)      0      0 -1359.11939     1   5.000   -1.000 lightdock_24.pdb      0 -907.000
    5     12         (24.160, 21.304, -9.780, 0.819, 0.513, 0.214, 0.140)      0      0 -1361.37953     1   5.000   -1.000 lightdock_12.pdb      0 -907.005
  208     24       (11.213, -20.573, 12.928, 0.288, 0.189, 0.455, -0.821)      0      0 -1360.52479     0   5.000   -1.000 lightdock_24.pdb      0 -907.017
  197      2       (27.054, 11.189, -7.835, -0.233, 0.648, 0.210, -0.695)      0      0 -1360.54592     0   5.000   -1.000  lightdock_2.pdb      0 -907.031
   65     10     (18.698, 15.662, -11.777, -0.027, -0.317, -0.167, 0.933)      0      0 -1360.24249     1   5.000   -1.000 lightdock_10.pdb      0 -907.045
   93      5         (4.650, -2.597, 17.857, 0.224, 0.257, 0.939, -0.037)      0      0 -1360.60392     0   5.000   -1.000  lightdock_5.pdb      0 -907.069
   66     21       (22.698, 10.343, -18.462, 0.870, -0.340, 0.356, 0.011)      0      0 -1361.52635     1   5.000   -1.000 lightdock_21.pdb      0 -907.074
   59     23       (23.913, 7.459, 12.165, -0.221, 0.867, -0.046, -0.444)      0      0 -1360.69250     0   5.000   -1.000 lightdock_23.pdb      0 -907.095
   83      4     (19.255, -18.305, -1.547, 0.042, -0.743, -0.314, -0.589)      0      0 -1360.64588     0   5.000   -1.000  lightdock_4.pdb      0 -907.097
  183     23      (-8.031, 3.661, 21.074, -0.777, -0.194, -0.281, -0.529)      0      0 -1359.68512     1   5.000   -1.000 lightdock_23.pdb      0 -907.105
   95     13       (-9.287, -9.864, -19.075, -0.463, 0.007, 0.855, 0.232)      0      0 -1359.72088     2   5.000   -1.000 lightdock_13.pdb      0 -907.118
  218      1    (-1.342, -20.138, -13.930, -0.504, 0.051, -0.619, -0.601)      0      0 -1360.43907     1   5.000   -1.000  lightdock_1.pdb      0 -907.162
   59     11       (23.937, 7.547, 12.121, -0.221, 0.867, -0.046, -0.444)      0      0 -1361.38736     1   5.000   -1.000 lightdock_11.pdb      0 -907.195
  178      0     (-16.350, 21.626, -8.278, 0.147, -0.820, -0.236, -0.500)      0      0 -1361.19472     1   5.000   -1.000  lightdock_0.pdb      0 -907.223
   66      2       (22.367, 10.063, -18.348, 0.870, -0.340, 0.356, 0.011)      0      0 -1360.83704     0   5.000   -1.000  lightdock_2.pdb      0 -907.225
   49     23      (30.840, -6.066, -3.325, -0.055, -0.965, -0.150, 0.207)      0      0 -1360.66725     1   5.000   -1.000 lightdock_23.pdb      0 -907.228
  112     17     (26.131, 16.740, -12.105, -0.162, -0.045, -0.902, 0.398)      0      0 -1361.21798     1   5.000   -1.000 lightdock_17.pdb      0 -907.266
  103      8    (-12.976, -26.134, 12.518, -0.914, -0.383, -0.018, 0.134)      0      0 -1360.50007     3   5.000   -1.000  lightdock_8.pdb      0 -907.278
  151     12      (-3.185, -14.268, 29.150, -0.267, 0.761, -0.580, 0.115)      0      0 -1360.95062     0   5.000   -1.000 lightdock_12.pdb      0 -907.300
  116     17        (-26.401, 5.340, 9.749, 0.026, -0.679, -0.434, 0.592)      0      0 -1360.98104     0   5.000   -1.000 lightdock_17.pdb      0 -907.321
   81     19     (25.095, -1.085, -4.821, -0.755, -0.287, -0.267, -0.527)      0      0 -1360.98193     0   5.000   -1.000 lightdock_19.pdb      0 -907.321
  117      4       (-12.654, -13.357, 28.428, 0.029, 0.477, 0.043, 0.877)      0      0 -1360.99156     0   5.000   -1.000  lightdock_4.pdb      0 -907.328
  178     20     (-16.340, 22.027, -7.989, 0.147, -0.820, -0.236, -0.500)      0      0 -1360.99626     0   5.000   -1.000 lightdock_20.pdb      0 -907.331
  165     24       (2.362, -27.834, 14.006, -0.060, 0.134, 0.857, -0.495)      0      0 -1361.02092     0   5.000   -1.000 lightdock_24.pdb      0 -907.347
  215      2       (14.143, 13.188, 9.254, 0.587, -0.311, -0.709, -0.235)      0      0 -1360.38970     1   5.000   -1.000  lightdock_2.pdb      0 -907.359
   49     11      (30.848, -6.170, -3.214, -0.055, -0.965, -0.150, 0.207)      0      0 -1361.17474     2   5.000   -1.000 lightdock_11.pdb      0 -907.434
  125     15       (-11.741, -24.049, 0.088, 0.667, -0.475, 0.546, 0.177)      0      0 -1360.69376     3   5.000   -1.000 lightdock_15.pdb      0 -907.448
  112      7     (25.953, 16.729, -11.799, -0.162, -0.045, -0.902, 0.398)      0      0 -1361.18343     0   5.000   -1.000  lightdock_7.pdb      0 -907.456
   52     13        (20.104, -17.870, 24.941, 0.688, 0.440, 0.523, 0.242)      0      0 -1361.19636     0   5.000   -1.000 lightdock_13.pdb      0 -907.464
   49     22      (25.959, -13.029, -10.701, 0.297, -0.934, 0.041, 0.192)      0      0 -1361.23739     0   5.000   -1.000 lightdock_22.pdb      0 -907.492
  118      2     (-20.294, 8.892, -17.599, 0.311, -0.176, -0.863, -0.356)      0      0 -1361.24899     0   5.000   -1.000  lightdock_2.pdb      0 -907.499
  119     11        (3.231, 24.434, -6.055, 0.045, -0.531, 0.090, -0.842)      0      0 -1361.28094     0   5.000   -1.000 lightdock_11.pdb      0 -907.521
   53     12       (26.596, 26.816, 3.444, 0.056, -0.096, -0.828, -0.550)      0      0 -1361.29864     0   5.000   -1.000 lightdock_12.pdb      0 -907.532
   24      0        (10.198, 9.741, -17.561, -0.013, 0.768, 0.617, 0.171)      0      0 -1361.29928     0   5.000   -1.000  lightdock_0.pdb      0 -907.533
   13     18      (-20.877, -21.506, 6.391, 0.697, -0.217, 0.609, -0.310)      0      0 -1361.04823     1   5.000   -1.000 lightdock_18.pdb      0 -907.570
  211      2       (-7.895, -10.480, 22.546, 0.235, 0.381, -0.381, 0.809)      0      0 -1361.36955     0   5.000   -1.000  lightdock_2.pdb      0 -907.580
   65      9         (8.243, 14.064, -17.099, 0.371, 0.133, 0.544, 0.741)      0      0 -1361.37788     0   5.000   -1.000  lightdock_9.pdb      0 -907.585
   79      8     (-11.048, 0.263, -10.882, -0.137, 0.608, -0.107, -0.775)      0      0 -1361.40449     0   5.000   -1.000  lightdock_8.pdb      0 -907.603
  112     19     (25.807, 16.719, -11.547, -0.162, -0.045, -0.902, 0.398)      0      0 -1361.31303     2   5.000   -1.000 lightdock_19.pdb      0 -907.609
   54      8      (21.550, -0.152, -14.823, -0.088, 0.372, -0.918, 0.103)      0      0 -1361.86955     1   5.000   -1.000  lightdock_8.pdb      0 -907.642
   60      8          (19.337, 4.780, -8.033, 0.495, 0.364, 0.704, 0.357)      0      0 -1361.46873     0   5.000   -1.000  lightdock_8.pdb      0 -907.646
   93      7         (4.529, -2.660, 17.993, 0.224, 0.257, 0.939, -0.037)      0      0 -1362.37555     1   5.000   -1.000  lightdock_7.pdb      0 -907.652
  137      9         (-22.565, 23.457, 5.882, 0.124, 0.230, 0.750, 0.608)      0      0 -1361.52837     0   5.000   -1.000  lightdock_9.pdb      0 -907.686
  178      2     (-16.348, 21.695, -8.228, 0.147, -0.820, -0.236, -0.500)      0      0 -1361.81950     2   5.000   -1.000  lightdock_2.pdb      0 -907.690
   52      2        (20.404, -17.649, 25.220, 0.688, 0.440, 0.523, 0.242)      0      0 -1362.35412     1   5.000   -1.000  lightdock_2.pdb      0 -907.729
  209      5      (25.249, -10.282, 15.007, -0.241, -0.574, 0.720, 0.306)      0      0 -1361.61463     0   5.000   -1.000  lightdock_5.pdb      0 -907.743
  210     10      (-15.335, 3.971, -20.295, -0.659, -0.014, 0.179, 0.731)      0      0 -1361.63279     0   5.000   -1.000 lightdock_10.pdb      0 -907.755
   22     17        (21.660, -6.291, -12.773, 0.657, 0.387, 0.176, 0.622)      0      0 -1361.63409     0   5.000   -1.000 lightdock_17.pdb      0 -907.756
  125     10       (-11.903, -24.140, 0.062, 0.667, -0.475, 0.546, 0.177)      0      0 -1361.27177     4   5.000   -1.000 lightdock_10.pdb      0 -907.764
  109     11        (-9.621, 7.660, 17.168, 0.586, -0.750, -0.266, 0.153)      0      0 -1361.65858     0   5.000   -1.000 lightdock_11.pdb      0 -907.772
   27     16    (-25.163, 20.893, -10.179, 0.665, -0.216, -0.436, -0.566)      0      0 -1361.72981     0   5.000   -1.000 lightdock_16.pdb      0 -907.820
   27     23     (-25.029, 20.509, -9.957, 0.665, -0.216, -0.436, -0.566)      0      0 -1362.09893     1   5.000   -1.000 lightdock_23.pdb      0 -907.827
  148      8        (20.870, -9.432, 11.706, 0.581, 0.026, 0.742, -0.334)      0      0 -1362.07065     1   5.000   -1.000  lightdock_8.pdb      0 -907.847
   61     23     (-14.708, -3.248, -12.598, -0.742, 0.380, -0.548, 0.065)      0      0 -1361.78807     0   5.000   -1.000 lightdock_23.pdb      0 -907.859
   46     10        (-18.631, 5.716, -13.756, 0.476, 0.194, 0.847, 0.137)      0      0 -1361.62698     1   5.000   -1.000 lightdock_10.pdb      0 -907.861
   59     20       (30.600, 0.043, 16.113, 0.005, -0.922, -0.273, -0.274)      0      0 -1361.36893     1   5.000   -1.000 lightdock_20.pdb      0 -907.875
   59     16       (23.811, 7.082, 12.349, -0.221, 0.867, -0.046, -0.444)      0      0 -1361.80179     2   5.000   -1.000 lightdock_16.pdb      0 -907.937
   27     22    (-12.953, 17.300, -13.874, 0.557, -0.171, -0.782, -0.221)      0      0 -1361.90997     0   5.000   -1.000 lightdock_22.pdb      0 -907.940
  209     16      (25.373, -10.520, 15.050, -0.241, -0.574, 0.720, 0.306)      0      0 -1362.33064     1   5.000   -1.000 lightdock_16.pdb      0 -908.065
  145      7       (9.991, 24.524, -23.413, 0.261, -0.447, 0.780, -0.352)      0      0 -1362.12525     0   5.000   -1.000  lightdock_7.pdb      0 -908.084
  115      8     (-10.311, -27.103, 8.470, 0.714, -0.579, -0.075, -0.386)      0      0 -1362.17761     0   5.000   -1.000  lightdock_8.pdb      0 -908.118
   85     17        (-26.456, -2.911, 5.107, -0.135, 0.039, 0.773, 0.619)      0      0 -1362.21122     0   5.000   -1.000 lightdock_17.pdb      0 -908.141
  127      3       (-7.521, 19.505, 2.145, -0.571, 0.117, -0.809, -0.074)      0      0 -1362.21529     0   5.000   -1.000  lightdock_3.pdb      0 -908.144
  115     10          (2.978, -28.435, 3.873, 0.824, 0.446, 0.333, 0.102)      0      0 -1360.36557     1   5.000   -1.000 lightdock_10.pdb      0 -908.157
   77      7         (0.339, -9.028, 28.039, 0.783, -0.529, 0.221, 0.240)      0      0 -1362.26481     0   5.000   -1.000  lightdock_7.pdb      0 -908.177
  203      8       (5.191, 20.668, 18.143, -0.503, -0.271, -0.027, 0.820)      0      0 -1362.28972     0   5.000   -1.000  lightdock_8.pdb      0 -908.193
  103     18    (-13.076, -26.178, 12.478, -0.914, -0.383, -0.018, 0.134)      0      0 -1360.64552     4   5.000   -1.000 lightdock_18.pdb      0 -908.238
  203     17         (4.800, 18.636, 9.705, -0.977, -0.022, 0.061, 0.203)      0      0 -1362.36743     0   5.000   -1.000 lightdock_17.pdb      0 -908.245
  116     10         (-21.924, 2.763, 2.339, 0.241, 0.168, -0.786, 0.544)      0      0 -1362.40090     0   5.000   -1.000 lightdock_10.pdb      0 -908.267
  209      8       (25.079, -9.964, 14.944, -0.241, -0.574, 0.720, 0.306)      0      0 -1362.52322     2   5.000   -1.000  lightdock_8.pdb      0 -908.275
  154      0       (-18.106, 6.494, -15.139, 0.191, -0.483, 0.441, 0.732)      0      0 -1362.43520     0   5.000   -1.000  lightdock_0.pdb      0 -908.290
   76      0      (4.649, 13.980, -18.638, -0.496, -0.589, 0.635, -0.060)      0      0 -1362.44724     0   5.000   -1.000  lightdock_0.pdb      0 -908.298
  200     23     (11.353, -24.172, 1.530, -0.505, -0.690, -0.094, -0.510)      0      0 -1361.05319     1   5.000   -1.000 lightdock_23.pdb      0 -908.307
   24      6       (9.736, 0.688, -22.322, 0.947, -0.147, -0.172, -0.226)      0      0 -1361.70375     1   5.000   -1.000  lightdock_6.pdb      0 -908.312
  102     22       (15.299, -23.062, 10.582, 0.784, -0.511, 0.073, 0.345)      0      0 -1362.47565     0   5.000   -1.000 lightdock_22.pdb      0 -908.317
   49     10      (30.874, -6.481, -2.901, -0.055, -0.965, -0.150, 0.207)      0      0 -1361.49970     3   5.000   -1.000 lightdock_10.pdb      0 -908.321
  211     14       (-7.845, -10.216, 22.649, 0.235, 0.381, -0.381, 0.809)      0      0 -1362.74068     1   5.000   -1.000 lightdock_14.pdb      0 -908.322
  218     21    (-1.300, -20.358, -13.837, -0.504, 0.051, -0.619, -0.601)      0      0 -1362.27925     3   5.000   -1.000 lightdock_21.pdb      0 -908.339
  210      2       (-15.087, 5.403, -17.091, -0.425, 0.080, 0.885, 0.171)      0      0 -1362.50950     0   5.000   -1.000  lightdock_2.pdb      0 -908.340
  107      1       (-21.395, 12.272, -8.024, 0.344, 0.265, 0.899, -0.065)      0      0 -1362.57995     0   5.000   -1.000  lightdock_1.pdb      0 -908.387
  130     13        (24.065, -4.796, 14.955, 0.698, -0.279, 0.622, 0.218)      0      0 -1363.99318     1   5.000   -1.000 lightdock_13.pdb      0 -908.395
  122     10      (19.824, -15.648, 19.693, 0.674, -0.285, -0.617, 0.288)      0      0 -1362.05397     2   5.000   -1.000 lightdock_10.pdb      0 -908.397
  195     19        (-29.596, 7.069, -9.573, 0.312, -0.007, 0.708, 0.634)      0      0 -1362.63119     0   5.000   -1.000 lightdock_19.pdb      0 -908.421
  197      3      (30.999, 17.864, -6.888, 0.392, -0.420, -0.136, -0.807)      0      0 -1362.10237     1   5.000   -1.000  lightdock_3.pdb      0 -908.429
   77     24         (0.567, -9.001, 28.201, 0.783, -0.529, 0.221, 0.240)      0      0 -1362.95673     1   5.000   -1.000 lightdock_24.pdb      0 -908.433
  163      3      (-2.817, 16.454, -20.260, 0.453, 0.185, -0.779, -0.390)      0      0 -1362.67997     0   5.000   -1.000  lightdock_3.pdb      0 -908.453
   66     17        (22.230, 9.938, -18.310, 0.870, -0.340, 0.356, 0.011)      0      0 -1361.66712     2   5.000   -1.000 lightdock_17.pdb      0 -908.455
  118     13     (-20.455, 8.792, -17.780, 0.311, -0.176, -0.863, -0.356)      0      0 -1363.03747     1   5.000   -1.000 lightdock_13.pdb      0 -908.499
  178      3     (-16.342, 21.947, -8.046, 0.147, -0.820, -0.236, -0.500)      0      0 -1362.51076     3   5.000   -1.000  lightdock_3.pdb      0 -908.559
    5      9         (23.710, 21.241, -9.746, 0.819, 0.513, 0.214, 0.140)      0      0 -1362.11674     2   5.000   -1.000  lightdock_9.pdb      0 -908.566
  168      6       (-23.771, -1.099, 8.491, 0.670, -0.574, -0.141, 0.450)      0      0 -1362.11204     1   5.000   -1.000  lightdock_6.pdb      0 -908.577
   71     15       (-14.398, 7.574, 13.237, -0.782, -0.607, 0.138, 0.000)      0      0 -1362.87524     0   5.000   -1.000 lightdock_15.pdb      0 -908.583
    8     10      (-1.752, 14.808, -21.872, -0.676, 0.361, 0.632, -0.116)      0      0 -1362.88347     0   5.000   -1.000 lightdock_10.pdb      0 -908.589
   25     18        (-6.507, 9.734, 17.774, 0.522, -0.841, -0.041, 0.135)      0      0 -1363.85708     3   5.000   -1.000 lightdock_18.pdb      0 -908.590
  169     13     (-13.773, -19.157, 2.087, 0.942, -0.123, -0.288, -0.117)      0      0 -1365.30070     1   5.000   -1.000 lightdock_13.pdb      0 -908.601
   25      9          (2.960, 8.107, 24.809, 0.581, 0.468, -0.606, 0.276)      0      0 -1362.94623     0   5.000   -1.000  lightdock_9.pdb      0 -908.631
  192     21      (-26.140, 7.425, -6.410, -0.892, 0.225, -0.389, -0.050)      0      0 -1363.87075     1   5.000   -1.000 lightdock_21.pdb      0 -908.647
  134      3       (-5.293, 6.589, -12.963, 0.233, -0.315, 0.913, -0.112)      0      0 -1363.01875     0   5.000   -1.000  lightdock_3.pdb      0 -908.679
  180      6       (-28.527, 7.069, -9.504, -0.161, 0.276, -0.897, 0.307)      0      0 -1363.02075     0   5.000   -1.000  lightdock_6.pdb      0 -908.680
   23     24        (-0.847, 29.884, -0.913, 0.308, 0.605, 0.351, -0.644)      0      0 -1363.02719     0   5.000   -1.000 lightdock_24.pdb      0 -908.685
  109      4        (-9.518, 7.786, 16.727, 0.586, -0.750, -0.266, 0.153)      0      0 -1362.26304     1   5.000   -1.000  lightdock_4.pdb      0 -908.712
   50     14     (-17.099, 21.400, -8.265, -0.528, -0.645, -0.536, 0.133)      0      0 -1363.11835     0   5.000   -1.000 lightdock_14.pdb      0 -908.746
  107     15       (-21.387, 12.396, -8.194, 0.344, 0.265, 0.899, -0.065)      0      0 -1363.27747     1   5.000   -1.000 lightdock_15.pdb      0 -908.762
  130     21        (24.150, -4.745, 14.964, 0.698, -0.279, 0.622, 0.218)      0      0 -1364.08901     2   5.000   -1.000 lightdock_21.pdb      0 -908.782
  189     24       (8.620, 11.283, 18.828, -0.643, 0.392, -0.273, -0.599)      0      0 -1363.18070     0   5.000   -1.000 lightdock_24.pdb      0 -908.787
  169     21     (-13.885, -18.929, 2.002, 0.942, -0.123, -0.288, -0.117)      0      0 -1363.18906     0   5.000   -1.000 lightdock_21.pdb      0 -908.793
   28      6        (14.713, 7.629, 13.292, -0.663, 0.621, 0.287, -0.304)      0      0 -1363.19248     0   5.000   -1.000  lightdock_6.pdb      0 -908.795
  209     11      (25.150, -10.090, 14.973, -0.241, -0.574, 0.720, 0.306)      0      0 -1362.78012     3   5.000   -1.000 lightdock_11.pdb      0 -908.796
  180     16       (-28.677, 7.123, -9.533, -0.161, 0.276, -0.897, 0.307)      0      0 -1363.59393     1   5.000   -1.000 lightdock_16.pdb      0 -908.799
  166      0      (-15.770, -5.283, -13.731, 0.342, 0.571, 0.735, -0.132)      0      0 -1363.20097     0   5.000   -1.000  lightdock_0.pdb      0 -908.801
  169      5     (-13.795, -19.112, 2.070, 0.942, -0.123, -0.288, -0.117)      0      0 -1365.35894     2   5.000   -1.000  lightdock_5.pdb      0 -908.816
   73      8     (-11.702, -12.237, 29.122, -0.415, -0.319, 0.852, 0.010)      0      0 -1361.15775     1   5.000   -1.000  lightdock_8.pdb      0 -908.863
   52      6        (16.941, -20.560, 17.055, 0.891, 0.033, 0.260, 0.371)      0      0 -1363.32527     0   5.000   -1.000  lightdock_6.pdb      0 -908.884
  142     20      (4.968, -17.706, -9.011, -0.878, -0.238, -0.322, 0.264)      0      0 -1363.36062     0   5.000   -1.000 lightdock_20.pdb      0 -908.907
   77     11         (0.154, -9.050, 27.907, 0.783, -0.529, 0.221, 0.240)      0      0 -1363.14005     2   5.000   -1.000 lightdock_11.pdb      0 -908.919
   71     12     (-22.046, 11.539, 12.744, 0.846, -0.464, -0.022, -0.262)      0      0 -1363.38648     0   5.000   -1.000 lightdock_12.pdb      0 -908.924
   71     22     (-22.019, 11.456, 12.831, 0.846, -0.464, -0.022, -0.262)      0      0 -1363.89623     1   5.000   -1.000 lightdock_22.pdb      0 -909.007
  177     22       (-9.938, -30.737, 11.081, -0.094, 0.147, 0.924, 0.340)      0      0 -1363.53229     0   5.000   -1.000 lightdock_22.pdb      0 -909.022
   42     11      (-6.598, -22.410, 21.793, 0.709, -0.248, -0.589, 0.298)      0      0 -1363.56266     0   5.000   -1.000 lightdock_11.pdb      0 -909.042
  158     23        (5.310, 18.879, 11.083, 0.661, -0.418, -0.206, 0.588)      0      0 -1363.98899     0   5.000   -1.000 lightdock_23.pdb      0 -909.098
  130     22        (24.353, -4.625, 14.984, 0.698, -0.279, 0.622, 0.218)      0      0 -1365.14169     3   5.000   -1.000 lightdock_22.pdb      0 -909.125
  192     15      (-25.923, 7.258, -6.573, -0.892, 0.225, -0.389, -0.050)      0      0 -1363.70370     0   5.000   -1.000 lightdock_15.pdb      0 -909.136
  212      5      (5.711, 23.938, -19.737, -0.757, -0.320, 0.285, -0.493)      0      0 -1363.70651     0   5.000   -1.000  lightdock_5.pdb      0 -909.138
    2      0     (-14.170, 28.045, -1.536, 0.249, -0.890, -0.105, -0.367)      0      0 -1363.71003     0   5.000   -1.000  lightdock_0.pdb      0 -909.140
  151      0      (-3.168, -14.292, 29.135, -0.267, 0.761, -0.580, 0.115)      0      0 -1362.73662     1   5.000   -1.000  lightdock_0.pdb      0 -909.146
  211     12      (-2.275, -17.917, 22.925, -0.524, 0.013, 0.463, -0.715)      0      0 -1363.72735     0   5.000   -1.000 lightdock_12.pdb      0 -909.152
  137      8         (-29.282, 22.828, 6.179, 0.212, 0.114, 0.732, 0.638)      0      0 -1363.75771     0   5.000   -1.000  lightdock_8.pdb      0 -909.172
  158     12        (5.272, 18.988, 11.472, 0.661, -0.418, -0.206, 0.588)      0      0 -1365.18654     1   5.000   -1.000 lightdock_12.pdb      0 -909.188
   59     12       (24.126, -3.512, 11.493, -0.597, -0.303, 0.678, 0.305)      0      0 -1363.88726     0   5.000   -1.000 lightdock_12.pdb      0 -909.258
  157     12       (-16.378, 20.576, -5.398, 0.372, 0.360, -0.824, 0.228)      0      0 -1363.90944     0   5.000   -1.000 lightdock_12.pdb      0 -909.273
  109      6        (-9.672, 7.598, 17.388, 0.586, -0.750, -0.266, 0.153)      0      0 -1363.99646     2   5.000   -1.000  lightdock_6.pdb      0 -909.306
  212     16         (7.427, 22.571, -12.208, 0.684, 0.407, 0.252, 0.551)      0      0 -1368.18424     3   5.000   -1.000 lightdock_16.pdb      0 -909.341
   30      4       (-9.100, -18.415, 2.398, -0.702, 0.159, 0.477, -0.504)      0      0 -1364.01138     0   5.000   -1.000  lightdock_4.pdb      0 -909.341
  160      7      (-13.980, -8.564, 17.090, 0.976, 0.095, -0.152, -0.123)      0      0 -1364.01677     0   5.000   -1.000  lightdock_7.pdb      0 -909.345
  132      2         (25.470, 1.925, 10.524, 0.143, 0.211, -0.381, 0.889)      0      0 -1364.04389     0   5.000   -1.000  lightdock_2.pdb      0 -909.363
  148     15       (20.882, -19.133, 1.240, 0.686, 0.057, -0.557, -0.464)      0      0 -1364.06192     0   5.000   -1.000 lightdock_15.pdb      0 -909.375
   55     23     (-21.352, -17.822, -3.212, -0.873, -0.254, 0.329, 0.256)      0      0 -1364.11125     0   5.000   -1.000 lightdock_23.pdb      0 -909.407
  177      6     (-13.075, -30.822, 10.785, 0.012, -0.899, -0.301, 0.318)      0      0 -1364.18896     0   5.000   -1.000  lightdock_6.pdb      0 -909.459
  187     15        (2.568, -25.331, 18.232, 0.893, 0.187, 0.385, -0.143)      0      0 -1361.59449     1   5.000   -1.000 lightdock_15.pdb      0 -909.463
  161     13      (-15.912, 15.789, 3.566, 0.331, -0.493, -0.103, -0.798)      0      0 -1364.21263     0   5.000   -1.000 lightdock_13.pdb      0 -909.475
  180      3       (-28.203, 6.952, -9.441, -0.161, 0.276, -0.897, 0.307)      0      0 -1363.87161     2   5.000   -1.000  lightdock_3.pdb      0 -909.502
  179     14       (20.048, 15.799, -7.421, -0.076, 0.934, -0.209, 0.278)      0      0 -1364.26628     0   5.000   -1.000 lightdock_14.pdb      0 -909.511
   56     16         (10.170, 22.469, 19.668, 0.392, 0.719, 0.392, 0.419)      0      0 -1364.30212     0   5.000   -1.000 lightdock_16.pdb      0 -909.535
  216     14      (-10.903, 26.036, -7.760, 0.411, 0.763, -0.496, -0.054)      0      0 -1364.35782     0   5.000   -1.000 lightdock_14.pdb      0 -909.572
  177     13       (-9.711, -30.978, 11.071, -0.094, 0.147, 0.924, 0.340)      0      0 -1364.48377     1   5.000   -1.000 lightdock_13.pdb      0 -909.587
  178     22     (-16.341, 21.991, -8.015, 0.147, -0.820, -0.236, -0.500)      0      0 -1363.01916     4   5.000   -1.000 lightdock_22.pdb      0 -909.616
  217     18      (-13.954, 26.849, 16.210, -0.861, -0.253, 0.046, 0.440)      0      0 -1364.47282     0   5.000   -1.000 lightdock_18.pdb      0 -909.649
  137     20         (-28.872, 22.883, 6.189, 0.212, 0.114, 0.732, 0.638)      0      0 -1364.57521     1   5.000   -1.000 lightdock_20.pdb      0 -909.668
   73      1     (-5.599, -13.626, 33.506, -0.356, -0.604, 0.453, -0.550)      0      0 -1364.94693     1   5.000   -1.000  lightdock_1.pdb      0 -909.672
   25     22        (-6.592, 9.254, 18.112, 0.522, -0.841, -0.040, 0.133)      0      0 -1365.61150     4   5.000   -1.000 lightdock_22.pdb      0 -909.684
   59      1       (23.977, -3.788, 11.595, -0.597, -0.303, 0.678, 0.305)      0      0 -1364.92236     1   5.000   -1.000  lightdock_1.pdb      0 -909.730
  129     24       (-10.062, 31.992, 4.826, -0.762, 0.476, -0.371, 0.235)      0      0 -1364.66001     0   5.000   -1.000 lightdock_24.pdb      0 -909.773
   50      3       (-12.157, 26.169, -5.084, 0.151, -0.639, 0.369, 0.658)      0      0 -1364.67180     0   5.000   -1.000  lightdock_3.pdb      0 -909.781
   73      6     (-5.883, -13.819, 33.417, -0.356, -0.604, 0.453, -0.550)      0      0 -1364.67452     0   5.000   -1.000  lightdock_6.pdb      0 -909.783
   55     12     (-21.410, -18.158, -3.172, -0.873, -0.254, 0.329, 0.256)      0      0 -1365.29617     1   5.000   -1.000 lightdock_12.pdb      0 -909.789
   22      4       (21.383, -2.234, -14.351, 0.779, 0.463, 0.002, -0.423)      0      0 -1362.42764     1   5.000   -1.000  lightdock_4.pdb      0 -909.793
   35     17      (-13.307, -15.950, -4.421, 0.663, 0.086, 0.739, -0.080)      0      0 -1364.72398     0   5.000   -1.000 lightdock_17.pdb      0 -909.816
   14     18         (11.855, 32.783, -4.379, 0.799, 0.285, 0.118, 0.516)      0      0 -1366.41347     0   5.000   -1.000 lightdock_18.pdb      0 -909.831
  157      2     (-24.205, 19.312, -15.073, -0.362, -0.331, 0.646, 0.584)      0      0 -1365.48589     1   5.000   -1.000  lightdock_2.pdb      0 -909.848
  158     15        (5.233, 18.965, 11.307, 0.661, -0.418, -0.206, 0.588)      0      0 -1365.40121     2   5.000   -1.000 lightdock_15.pdb      0 -909.870
   80     18       (5.000, -11.059, -21.739, 0.362, 0.499, -0.493, 0.614)      0      0 -1364.82540     0   5.000   -1.000 lightdock_18.pdb      0 -909.884
    2     15     (-14.146, 27.983, -1.527, 0.249, -0.890, -0.105, -0.367)      0      0 -1364.48780     1   5.000   -1.000 lightdock_15.pdb      0 -909.892
   99     13      (-24.469, 10.616, -10.464, -0.026, 0.310, 0.351, 0.883)      0      0 -1364.85453     0   5.000   -1.000 lightdock_13.pdb      0 -909.903
  214     10     (-20.086, -27.632, 15.409, 0.224, 0.020, -0.377, -0.898)      0      0 -1364.88964     0   5.000   -1.000 lightdock_10.pdb      0 -909.926
  196      2       (5.562, -18.709, 20.964, -0.254, 0.652, 0.714, -0.008)      0      0 -1364.93592     0   5.000   -1.000  lightdock_2.pdb      0 -909.957
  177     11      (-10.107, -30.558, 11.088, -0.094, 0.147, 0.924, 0.340)      0      0 -1364.91461     2   5.000   -1.000 lightdock_11.pdb      0 -909.968
  157     19     (-23.964, 19.216, -15.137, -0.362, -0.331, 0.646, 0.584)      0      0 -1364.96909     0   5.000   -1.000 lightdock_19.pdb      0 -909.979
  217      7        (-5.042, 23.001, 5.354, 0.244, 0.865, -0.331, -0.289)      0      0 -1365.00577     0   5.000   -1.000  lightdock_7.pdb      0 -910.004
   88     18       (11.330, 26.138, -3.619, 0.501, 0.382, -0.496, -0.597)      0      0 -1365.00920     0   5.000   -1.000 lightdock_18.pdb      0 -910.006
   99     19      (-16.163, 16.388, -8.206, -0.031, 0.118, -0.937, 0.326)      0      0 -1365.00988     0   5.000   -1.000 lightdock_19.pdb      0 -910.007
  148     10        (20.874, -9.175, 11.736, 0.581, 0.026, 0.742, -0.334)      0      0 -1363.11391     2   5.000   -1.000 lightdock_10.pdb      0 -910.007
   88     16      (12.701, 28.114, -10.778, 0.209, 0.328, -0.908, -0.159)      0      0 -1365.03719     0   5.000   -1.000 lightdock_16.pdb      0 -910.025
  110     19         (8.754, 8.444, 22.910, 0.689, -0.645, 0.317, -0.093)      0      0 -1365.09153     0   5.000   -1.000 lightdock_19.pdb      0 -910.061
   65      2       (18.566, 21.133, -9.315, 0.073, -0.306, -0.256, 0.914)      0      0 -1365.11238     0   5.000   -1.000  lightdock_2.pdb      0 -910.075
  197     19      (16.197, 10.933, -7.074, -0.453, -0.240, -0.290, 0.808)      0      0 -1365.15028     0   5.000   -1.000 lightdock_19.pdb      0 -910.100
  110      5         (8.922, 8.625, 22.495, 0.689, -0.645, 0.317, -0.093)      0      0 -1365.22314     1   5.000   -1.000  lightdock_5.pdb      0 -910.102
  117      3     (-19.600, -18.450, 24.454, -0.362, 0.618, 0.045, -0.696)      0      0 -1365.22288     0   5.000   -1.000  lightdock_3.pdb      0 -910.149
  209      0      (25.225, -10.250, 14.993, -0.241, -0.574, 0.720, 0.306)      0      0 -1364.03676     4   5.000   -1.000  lightdock_0.pdb      0 -910.193
  158     10        (5.284, 18.970, 11.418, 0.661, -0.418, -0.206, 0.588)      0      0 -1366.84803     5   5.000   -1.000 lightdock_10.pdb      0 -910.212
   43      4        (9.463, -9.890, 30.287, -0.276, 0.789, 0.494, -0.241)      0      0 -1365.39246     0   5.000   -1.000  lightdock_4.pdb      0 -910.214
  110     22         (8.750, 8.439, 22.920, 0.689, -0.645, 0.317, -0.093)      0      0 -1365.22446     2   5.000   -1.000 lightdock_22.pdb      0 -910.218
  171     10          (5.873, 4.597, -22.912, 0.037, 0.032, 0.966, 0.253)      0      0 -1365.41867     0   5.000   -1.000 lightdock_10.pdb      0 -910.279
  165      3     (-9.112, -26.064, 10.239, -0.598, -0.485, -0.585, 0.255)      0      0 -1365.43591     0   5.000   -1.000  lightdock_3.pdb      0 -910.291
  168     23       (-31.669, -8.905, 8.238, 0.537, 0.788, -0.122, -0.273)      0      0 -1363.07426     1   5.000   -1.000 lightdock_23.pdb      0 -910.293
   73      5     (-6.027, -13.917, 33.371, -0.356, -0.604, 0.453, -0.550)      0      0 -1365.20674     2   5.000   -1.000  lightdock_5.pdb      0 -910.307
  215     17         (13.237, 23.991, 3.646, 0.326, 0.663, 0.571, -0.358)      0      0 -1365.48090     0   5.000   -1.000 lightdock_17.pdb      0 -910.321
   43      7        (9.386, -9.750, 30.487, -0.276, 0.789, 0.494, -0.241)      0      0 -1365.84512     1   5.000   -1.000  lightdock_7.pdb      0 -910.336
  217     13        (-4.878, 23.284, 5.372, 0.244, 0.865, -0.331, -0.289)      0      0 -1366.01531     1   5.000   -1.000 lightdock_13.pdb      0 -910.369
   75      4      (-32.693, 2.408, -19.774, -0.661, 0.621, 0.306, -0.290)      0      0 -1365.57317     0   5.000   -1.000  lightdock_4.pdb      0 -910.382
  177     15     (-13.121, -30.704, 10.822, 0.012, -0.899, -0.301, 0.318)      0      0 -1365.29113     1   5.000   -1.000 lightdock_15.pdb      0 -910.389
  158     18        (5.420, 18.765, 10.797, 0.661, -0.418, -0.206, 0.588)      0      0 -1365.91119     3   5.000   -1.000 lightdock_18.pdb      0 -910.402
    4     13         (9.132, 19.728, 3.988, -0.824, -0.550, 0.132, 0.019)      0      0 -1365.61283     0   5.000   -1.000 lightdock_13.pdb      0 -910.409
  148      9       (21.258, -19.198, 1.286, 0.686, 0.057, -0.557, -0.464)      0      0 -1366.91577     1   5.000   -1.000  lightdock_9.pdb      0 -910.422
   43      3        (9.409, -9.878, 30.349, -0.276, 0.789, 0.494, -0.241)      0      0 -1366.01061     3   5.000   -1.000  lightdock_3.pdb      0 -910.465
  180     21       (-30.512, -0.615, -8.116, 0.849, 0.312, -0.306, 0.297)      0      0 -1365.69852     0   5.000   -1.000 lightdock_21.pdb      0 -910.466
  190     15     (-17.094, 25.914, 17.225, -0.852, 0.146, -0.395, -0.312)      0      0 -1365.70155     0   5.000   -1.000 lightdock_15.pdb      0 -910.468
  100     19         (11.625, 22.847, 11.224, 0.228, 0.766, 0.595, 0.090)      0      0 -1368.05849     1   5.000   -1.000 lightdock_19.pdb      0 -910.478
  185      3          (0.231, 11.026, 18.862, 0.514, 0.744, 0.201, 0.377)      0      0 -1366.62630     1   5.000   -1.000  lightdock_3.pdb      0 -910.482
  208      4      (13.236, -16.726, 8.891, -0.503, -0.474, 0.668, -0.277)      0      0 -1367.58897     1   5.000   -1.000  lightdock_4.pdb      0 -910.526
   64     13       (-28.916, 1.372, -20.548, 0.647, 0.151, -0.637, 0.391)      0      0 -1365.80218     0   5.000   -1.000 lightdock_13.pdb      0 -910.535
   74     12       (-20.003, 17.718, 1.027, 0.718, -0.522, -0.460, 0.003)      0      0 -1365.95876     0   5.000   -1.000 lightdock_12.pdb      0 -910.639
   75     10      (-26.958, 4.337, -16.705, -0.712, 0.583, 0.377, -0.104)      0      0 -1365.98677     0   5.000   -1.000 lightdock_10.pdb      0 -910.658
  183     24       (-3.992, 0.012, 27.674, -0.065, -0.562, -0.761, 0.316)      0      0 -1365.99537     0   5.000   -1.000 lightdock_24.pdb      0 -910.664
   75     14      (-32.591, 2.213, -19.786, -0.661, 0.621, 0.306, -0.290)      0      0 -1366.03421     1   5.000   -1.000 lightdock_14.pdb      0 -910.666
   26      9        (5.659, -26.069, 1.336, -0.851, 0.126, -0.325, 0.392)      0      0 -1366.00505     0   5.000   -1.000  lightdock_9.pdb      0 -910.670
   85     14        (-25.606, -2.534, 9.785, -0.815, 0.359, 0.270, 0.366)      0      0 -1367.21607     1   5.000   -1.000 lightdock_14.pdb      0 -910.670
   43     19        (9.730, -9.948, 29.986, -0.276, 0.789, 0.494, -0.241)      0      0 -1365.92701     2   5.000   -1.000 lightdock_19.pdb      0 -910.674
   43      1        (9.598, -9.748, 30.292, -0.276, 0.789, 0.494, -0.241)      0      0 -1366.29176     4   5.000   -1.000  lightdock_1.pdb      0 -910.690
  154     21     (-23.083, 4.536, -16.502, -0.401, -0.593, 0.624, -0.313)      0      0 -1384.25209     6   4.840   -1.000 lightdock_21.pdb      0 -910.727
   22      5      (25.904, -11.740, -2.795, -0.777, 0.379, 0.080, -0.497)      0      0 -1366.12020     0   5.000   -1.000  lightdock_5.pdb      0 -910.747
  186      7        (9.099, -12.171, 30.895, 0.102, 0.840, -0.532, 0.030)      0      0 -1366.17685     0   5.000   -1.000  lightdock_7.pdb      0 -910.785
   54     18        (28.315, 2.570, -13.415, 0.664, -0.695, 0.077, 0.264)      0      0 -1366.19030     0   5.000   -1.000 lightdock_18.pdb      0 -910.794
  183     17       (-4.289, 0.182, 27.836, -0.065, -0.562, -0.761, 0.316)      0      0 -1366.60266     1   5.000   -1.000 lightdock_17.pdb      0 -910.800
  208     11      (12.827, -16.501, 8.837, -0.503, -0.474, 0.668, -0.277)      0      0 -1366.20153     0   5.000   -1.000 lightdock_11.pdb      0 -910.801
   75      5      (-32.840, 2.685, -19.756, -0.661, 0.621, 0.306, -0.290)      0      0 -1366.09818     2   5.000   -1.000  lightdock_5.pdb      0 -910.818
  197     18       (27.714, 7.890, -10.947, -0.725, -0.419, 0.313, 0.448)      0      0 -1366.23134     0   5.000   -1.000 lightdock_18.pdb      0 -910.821
  189      0       (8.677, 11.538, 19.027, -0.643, 0.392, -0.273, -0.599)      0      0 -1364.48226     1   5.000   -1.000  lightdock_0.pdb      0 -910.844
  103      7     (-8.463, -25.494, 23.901, 0.346, -0.909, -0.071, -0.223)      0      0 -1366.27434     0   5.000   -1.000  lightdock_7.pdb      0 -910.850
  139     24         (25.368, 18.186, 3.825, 0.230, 0.224, -0.224, 0.920)      0      0 -1366.29503     0   5.000   -1.000 lightdock_24.pdb      0 -910.863
  117      9     (-19.916, -18.474, 24.334, -0.362, 0.618, 0.045, -0.696)      0      0 -1367.02424     1   5.000   -1.000  lightdock_9.pdb      0 -910.863
   65     12      (13.164, 24.094, -17.250, 0.897, 0.123, -0.238, -0.351)      0      0 -1366.88055     1   5.000   -1.000 lightdock_12.pdb      0 -910.878
   49     17      (25.956, -12.962, -10.709, 0.297, -0.934, 0.041, 0.192)      0      0 -1364.73610     1   5.000   -1.000 lightdock_17.pdb      0 -910.880
  117     10     (-19.953, -18.540, 24.309, -0.362, 0.618, 0.045, -0.696)      0      0 -1367.25518     2   5.000   -1.000 lightdock_10.pdb      0 -910.885
   53     24         (14.759, 23.175, 7.547, 0.620, -0.213, 0.480, 0.582)      0      0 -1366.37315     0   5.000   -1.000 lightdock_24.pdb      0 -910.915
   49      1       (24.546, -9.515, 2.668, -0.157, 0.958, -0.171, -0.166)      0      0 -1366.48745     0   5.000   -1.000  lightdock_1.pdb      0 -910.992
   65     21      (13.196, 24.167, -17.093, 0.897, 0.123, -0.238, -0.351)      0      0 -1366.53726     0   5.000   -1.000 lightdock_21.pdb      0 -911.001
  185     16          (0.158, 11.227, 18.761, 0.514, 0.744, 0.201, 0.377)      0      0 -1366.50429     0   5.000   -1.000 lightdock_16.pdb      0 -911.003
   39     21     (-29.463, 18.683, -2.320, 0.624, -0.578, -0.523, -0.053)      0      0 -1366.51455     0   5.000   -1.000 lightdock_21.pdb      0 -911.009
  186     13       (13.608, -17.915, 22.579, 0.518, 0.129, -0.311, 0.786)      0      0 -1366.57066     0   5.000   -1.000 lightdock_13.pdb      0 -911.047
   65     11      (13.196, 24.102, -17.229, 0.897, 0.123, -0.238, -0.351)      0      0 -1367.11046     2   5.000   -1.000 lightdock_11.pdb      0 -911.069
  166     19     (-9.848, -6.591, -9.965, -0.438, -0.452, -0.736, -0.251)      0      0 -1366.64056     0   5.000   -1.000 lightdock_19.pdb      0 -911.094
   10      1          (7.559, 22.646, 6.048, -0.259, 0.431, 0.829, 0.246)      0      0 -1366.65466     0   5.000   -1.000  lightdock_1.pdb      0 -911.103
  100      5         (11.728, 23.033, 10.878, 0.228, 0.766, 0.595, 0.090)      0      0 -1366.69548     0   5.000   -1.000  lightdock_5.pdb      0 -911.130
   93     10       (15.729, 6.448, 19.177, -0.402, -0.755, 0.333, -0.396)      0      0 -1366.76743     0   5.000   -1.000 lightdock_10.pdb      0 -911.178
   76     17         (7.391, 9.229, -17.924, 0.620, 0.574, -0.200, 0.496)      0      0 -1366.76891     0   5.000   -1.000 lightdock_17.pdb      0 -911.179
   85      1        (-25.555, -2.314, 9.895, -0.815, 0.359, 0.270, 0.366)      0      0 -1366.81834     0   5.000   -1.000  lightdock_1.pdb      0 -911.209
   39      9     (-29.846, 18.668, -2.177, 0.624, -0.578, -0.523, -0.053)      0      0 -1366.95169     1   5.000   -1.000  lightdock_9.pdb      0 -911.215
   46      4   (-14.939, 16.032, -18.936, -0.242, -0.940, -0.100, -0.218)      0      0 -1366.84541     0   5.000   -1.000  lightdock_4.pdb      0 -911.230
  179     17       (20.047, 15.803, -7.419, -0.076, 0.934, -0.209, 0.278)      0      0 -1365.86049     1   5.000   -1.000 lightdock_17.pdb      0 -911.238
   88     20         (21.336, 28.444, -3.150, 0.208, 0.093, 0.455, 0.861)      0      0 -1366.92994     0   5.000   -1.000 lightdock_20.pdb      0 -911.287
   57      8       (6.375, 28.845, -13.054, -0.510, -0.352, 0.758, 0.205)      0      0 -1366.95422     0   5.000   -1.000  lightdock_8.pdb      0 -911.303
  180     10       (-30.205, -0.666, -8.115, 0.849, 0.312, -0.306, 0.297)      0      0 -1366.34190     1   5.000   -1.000 lightdock_10.pdb      0 -911.318
  157     17     (-23.739, 19.126, -15.197, -0.362, -0.331, 0.646, 0.584)      0      0 -1366.08460     2   5.000   -1.000 lightdock_17.pdb      0 -911.321
  103      6    (-8.377, -30.257, 21.042, -0.822, -0.236, -0.126, -0.503)      0      0 -1367.00247     0   5.000   -1.000  lightdock_6.pdb      0 -911.335
   53      9         (14.472, 23.330, 7.503, 0.620, -0.213, 0.480, 0.582)      0      0 -1367.78173     1   5.000   -1.000  lightdock_9.pdb      0 -911.382
  169     18     (-14.041, -18.609, 1.882, 0.942, -0.123, -0.288, -0.117)      0      0 -1365.51171     3   5.000   -1.000 lightdock_18.pdb      0 -911.395
  106      9       (19.342, -20.504, 7.919, -0.368, 0.094, -0.924, 0.038)      0      0 -1367.10131     0   5.000   -1.000  lightdock_9.pdb      0 -911.401
   63     10       (-9.061, 21.290, -18.056, 0.474, 0.351, -0.264, 0.763)      0      0 -1367.12120     0   5.000   -1.000 lightdock_10.pdb      0 -911.414
  183     18      (-3.942, -0.017, 27.647, -0.065, -0.562, -0.761, 0.316)      0      0 -1367.24422     2   5.000   -1.000 lightdock_18.pdb      0 -911.428
   39      2     (-29.574, 18.680, -2.268, 0.624, -0.578, -0.523, -0.053)      0      0 -1367.09675     2   5.000   -1.000  lightdock_2.pdb      0 -911.465
  103      2    (-8.709, -30.243, 21.022, -0.822, -0.236, -0.126, -0.503)      0      0 -1367.35534     1   5.000   -1.000  lightdock_2.pdb      0 -911.473
  158      9        (5.348, 18.841, 10.987, 0.661, -0.418, -0.206, 0.588)      0      0 -1366.65833     4   5.000   -1.000  lightdock_9.pdb      0 -911.488
  165     18     (-9.120, -26.039, 10.221, -0.598, -0.485, -0.585, 0.255)      0      0 -1366.20172     1   5.000   -1.000 lightdock_18.pdb      0 -911.512
   63     14       (-8.791, 20.896, -18.117, 0.474, 0.351, -0.264, 0.763)      0      0 -1367.77049     1   5.000   -1.000 lightdock_14.pdb      0 -911.515
  186      2       (13.609, -17.989, 22.552, 0.518, 0.129, -0.311, 0.786)      0      0 -1367.17005     1   5.000   -1.000  lightdock_2.pdb      0 -911.532
  119     10        (7.229, 18.392, -8.812, 0.975, -0.086, -0.157, 0.129)      0      0 -1367.30364     0   5.000   -1.000 lightdock_10.pdb      0 -911.536
   77     22           (4.769, 5.864, 26.526, 0.092, 0.984, 0.086, 0.128)      0      0 -1367.39240     0   5.000   -1.000 lightdock_22.pdb      0 -911.595
  118     17   (-13.919, 10.169, -20.328, -0.603, -0.108, -0.727, -0.311)      0      0 -1367.44978     0   5.000   -1.000 lightdock_17.pdb      0 -911.633
  118     22      (-10.828, 20.852, -22.031, 0.751, -0.213, 0.575, 0.244)      0      0 -1367.48751     0   5.000   -1.000 lightdock_22.pdb      0 -911.658
  160     20      (-13.861, -8.627, 17.134, 0.976, 0.095, -0.152, -0.123)      0      0 -1366.87679     1   5.000   -1.000 lightdock_20.pdb      0 -911.691
  121      5    (-5.056, -23.920, 23.276, -0.545, -0.362, -0.096, -0.750)      0      0 -1367.54071     0   5.000   -1.000  lightdock_5.pdb      0 -911.693
  203     21       (11.422, 20.701, 11.302, -0.010, 0.101, -0.991, 0.086)      0      0 -1367.54005     0   5.000   -1.000 lightdock_21.pdb      0 -911.693
    4     16         (10.827, 35.168, 1.249, 0.596, 0.790, -0.051, 0.135)      0      0 -1367.57849     0   5.000   -1.000 lightdock_16.pdb      0 -911.719
   13      9     (-24.707, -9.094, -3.150, 0.550, -0.585, -0.225, -0.551)      0      0 -1367.84230     1   5.000   -1.000  lightdock_9.pdb      0 -911.723
  106     23       (19.388, -20.810, 7.568, -0.368, 0.094, -0.924, 0.038)      0      0 -1367.49746     1   5.000   -1.000 lightdock_23.pdb      0 -911.728
   89      8        (14.643, 5.588, 11.684, 0.192, 0.352, -0.261, -0.878)      0      0 -1367.61521     0   5.000   -1.000  lightdock_8.pdb      0 -911.743
   13      1     (-24.847, -9.226, -2.944, 0.550, -0.585, -0.225, -0.551)      0      0 -1367.63732     0   5.000   -1.000  lightdock_1.pdb      0 -911.758
    1      0      (8.031, 10.703, -28.409, 0.341, -0.895, -0.165, -0.236)      0      0 -1367.64122     0   5.000   -1.000  lightdock_0.pdb      0 -911.761
  110      8         (4.737, 11.168, 20.801, 0.298, 0.371, -0.858, 0.191)      0      0 -1367.67222     0   5.000   -1.000  lightdock_8.pdb      0 -911.781
  161      0      (-12.980, 14.746, 19.788, 0.025, -0.852, 0.340, -0.396)      0      0 -1367.74933     0   5.000   -1.000  lightdock_0.pdb      0 -911.833
    4     21         (10.688, 35.539, 1.034, 0.596, 0.790, -0.051, 0.135)      0      0 -1368.42320     1   5.000   -1.000 lightdock_21.pdb      0 -911.834
  117     12     (-19.764, -18.458, 24.393, -0.362, 0.618, 0.045, -0.696)      0      0 -1367.31108     3   5.000   -1.000 lightdock_12.pdb      0 -911.839
    3     24     (10.972, -17.026, -7.460, -0.080, -0.102, -0.465, 0.876)      0      0 -1367.76258     0   5.000   -1.000 lightdock_24.pdb      0 -911.842
  197     21       (18.544, 18.888, -6.823, -0.062, -0.072, 0.406, 0.909)      0      0 -1367.81488     0   5.000   -1.000 lightdock_21.pdb      0 -911.877
  171      4      (-4.578, -0.294, -23.099, -0.456, 0.233, -0.858, 0.037)      0      0 -1367.85416     0   5.000   -1.000  lightdock_4.pdb      0 -911.903
   83     18      (24.893, -3.950, -2.471, -0.501, -0.743, -0.013, 0.444)      0      0 -1367.85453     0   5.000   -1.000 lightdock_18.pdb      0 -911.903
  148     14       (20.671, -19.096, 1.216, 0.686, 0.057, -0.557, -0.464)      0      0 -1367.19254     2   5.000   -1.000 lightdock_14.pdb      0 -911.906
  189     18       (4.137, 11.131, 17.328, 0.941, -0.263, -0.002, -0.211)      0      0 -1367.88418     0   5.000   -1.000 lightdock_18.pdb      0 -911.923
  187     21       (4.763, -12.863, 23.937, -0.063, 0.922, -0.306, 0.230)      0      0 -1367.88992     0   5.000   -1.000 lightdock_21.pdb      0 -911.927
   82      4       (-8.378, -25.104, 2.325, -0.573, 0.720, -0.165, 0.354)      0      0 -1367.89989     0   5.000   -1.000  lightdock_4.pdb      0 -911.933
  108     20        (2.042, -24.648, -0.812, -0.815, 0.343, 0.145, 0.445)      0      0 -1367.91612     0   5.000   -1.000 lightdock_20.pdb      0 -911.944
    4      5        (2.125, 31.858, 8.757, -0.188, 0.640, -0.218, -0.713)      0      0 -1368.35332     1   5.000   -1.000  lightdock_5.pdb      0 -911.957
  119      5        (7.384, 18.139, -9.081, 0.975, -0.086, -0.157, 0.129)      0      0 -1368.30291     1   5.000   -1.000  lightdock_5.pdb      0 -912.003
  197     15      (16.115, 10.905, -7.089, -0.453, -0.240, -0.290, 0.808)      0      0 -1367.00072     1   5.000   -1.000 lightdock_15.pdb      0 -912.024
   88     10         (21.495, 28.477, -3.119, 0.208, 0.093, 0.455, 0.861)      0      0 -1367.83169     3   5.000   -1.000 lightdock_10.pdb      0 -912.032
  189      1       (1.275, 26.445, 10.239, -0.825, -0.340, 0.248, -0.377)      0      0 -1368.07336     0   5.000   -1.000  lightdock_1.pdb      0 -912.049
  115      6     (-1.689, -19.952, 15.715, 0.758, -0.195, -0.601, -0.161)      0      0 -1368.09009     0   5.000   -1.000  lightdock_6.pdb      0 -912.060
   65     13      (13.247, 24.290, -16.827, 0.897, 0.123, -0.238, -0.351)      0      0 -1367.36522     3   5.000   -1.000 lightdock_13.pdb      0 -912.075
   99     10      (-24.458, 10.629, -10.471, -0.026, 0.310, 0.351, 0.883)      0      0 -1367.12222     1   5.000   -1.000 lightdock_10.pdb      0 -912.087
  205     16      (-28.430, 11.577, -0.947, 0.192, -0.160, 0.669, -0.700)      0      0 -1368.19302     0   5.000   -1.000 lightdock_16.pdb      0 -912.129
    4      8        (2.131, 31.996, 8.623, -0.188, 0.640, -0.218, -0.713)      0      0 -1368.23310     0   5.000   -1.000  lightdock_8.pdb      0 -912.155
  117      7     (-19.449, -18.438, 24.511, -0.362, 0.618, 0.045, -0.696)      0      0 -1367.50651     4   5.000   -1.000  lightdock_7.pdb      0 -912.157
   88     13         (21.325, 28.445, -3.155, 0.208, 0.093, 0.455, 0.861)      0      0 -1367.78021     1   5.000   -1.000 lightdock_13.pdb      0 -912.200
   88      4         (21.159, 28.407, -3.185, 0.208, 0.093, 0.455, 0.861)      0      0 -1367.82936     2   5.000   -1.000  lightdock_4.pdb      0 -912.216
   63      8       (-9.147, 21.415, -18.037, 0.474, 0.351, -0.264, 0.763)      0      0 -1368.36815     2   5.000   -1.000  lightdock_8.pdb      0 -912.226
  149     21      (4.042, -16.274, -19.570, -0.082, 0.343, 0.722, -0.595)      0      0 -1368.34906     0   5.000   -1.000 lightdock_21.pdb      0 -912.233
  122     11       (6.606, -16.453, 19.263, 0.870, 0.136, -0.443, -0.165)      0      0 -1368.35242     0   5.000   -1.000 lightdock_11.pdb      0 -912.235
  184     11     (-6.779, -17.390, 29.496, -0.127, -0.301, -0.494, 0.806)      0      0 -1368.43380     0   5.000   -1.000 lightdock_11.pdb      0 -912.289
  194      0        (-9.841, 26.846, 4.354, -0.483, -0.127, 0.423, 0.756)      0      0 -1368.44080     0   5.000   -1.000  lightdock_0.pdb      0 -912.294
  145     18     (12.436, 16.887, -17.081, -0.777, 0.452, -0.424, -0.106)      0      0 -1368.51049     0   5.000   -1.000 lightdock_18.pdb      0 -912.340
   65      5      (13.197, 24.305, -16.803, 0.897, 0.123, -0.238, -0.351)      0      0 -1367.51147     4   5.000   -1.000  lightdock_5.pdb      0 -912.369
   88     19        (17.526, 30.662, 0.574, -0.377, 0.757, -0.474, 0.244)      0      0 -1368.56807     0   5.000   -1.000 lightdock_19.pdb      0 -912.379
  197      9      (26.258, 18.989, -12.766, 0.224, -0.514, 0.186, -0.807)      0      0 -1368.61324     0   5.000   -1.000  lightdock_9.pdb      0 -912.409
  121     11        (1.882, -22.056, 19.837, 0.325, -0.345, 0.671, 0.570)      0      0 -1368.64425     0   5.000   -1.000 lightdock_11.pdb      0 -912.429
  125      1     (-14.611, -29.348, 10.421, -0.100, -0.717, 0.680, 0.114)      0      0 -1368.66005     0   5.000   -1.000  lightdock_1.pdb      0 -912.440
   11      6       (28.602, -6.882, 6.957, -0.655, -0.751, -0.078, 0.028)      0      0 -1368.66456     0   5.000   -1.000  lightdock_6.pdb      0 -912.443
    2      2      (-3.103, 32.279, -1.122, -0.382, -0.880, -0.127, 0.253)      0      0 -1368.66601     0   5.000   -1.000  lightdock_2.pdb      0 -912.444
  179     21        (19.226, 4.620, -21.719, 0.536, -0.702, 0.349, 0.312)      0      0 -1368.73718     0   5.000   -1.000 lightdock_21.pdb      0 -912.491
   27      4      (-13.119, 30.386, -12.745, 0.645, 0.581, 0.425, -0.257)      0      0 -1368.74909     0   5.000   -1.000  lightdock_4.pdb      0 -912.499
  179      9      (15.611, 16.934, -19.238, 0.287, 0.792, -0.525, -0.122)      0      0 -1368.81632     0   5.000   -1.000  lightdock_9.pdb      0 -912.544
   28     17        (24.337, 7.789, 6.002, -0.449, 0.099, -0.632, -0.624)      0      0 -1368.82448     0   5.000   -1.000 lightdock_17.pdb      0 -912.550
  125     21     (-14.480, -29.005, 10.623, -0.100, -0.717, 0.680, 0.114)      0      0 -1370.22270     1   5.000   -1.000 lightdock_21.pdb      0 -912.556
  209     13        (27.564, 2.758, 6.097, 0.631, -0.043, -0.761, -0.148)      0      0 -1368.83692     0   5.000   -1.000 lightdock_13.pdb      0 -912.558
   73     23       (-3.101, -8.699, 24.917, 0.757, -0.604, 0.058, -0.243)      0      0 -1368.89817     0   5.000   -1.000 lightdock_23.pdb      0 -912.599
  135      5    (-7.695, -27.326, 17.166, -0.983, -0.059, -0.007, -0.173)      0      0 -1368.92162     0   5.000   -1.000  lightdock_5.pdb      0 -912.614
    4      9         (7.569, 31.211, -5.166, 0.124, 0.651, 0.710, -0.238)      0      0 -1368.92271     0   5.000   -1.000  lightdock_9.pdb      0 -912.615
  199      5       (6.604, 3.719, 18.471, -0.534, -0.316, -0.445, -0.646)      0      0 -1368.92390     0   5.000   -1.000  lightdock_5.pdb      0 -912.616
   46      2    (-26.890, 13.557, -16.981, -0.475, -0.086, -0.774, 0.410)      0      0 -1368.94078     0   5.000   -1.000  lightdock_2.pdb      0 -912.627
  127     23     (-7.210, 29.116, -2.232, -0.400, -0.700, -0.446, -0.388)      0      0 -1368.97481     0   5.000   -1.000 lightdock_23.pdb      0 -912.650
  197      4       (18.549, 18.892, -6.785, -0.062, -0.072, 0.406, 0.909)      0      0 -1368.49944     1   5.000   -1.000  lightdock_4.pdb      0 -912.673
   85     12       (-25.492, -2.048, 10.028, -0.815, 0.359, 0.270, 0.366)      0      0 -1367.96102     2   5.000   -1.000 lightdock_12.pdb      0 -912.684
   63      5       (-8.919, 21.080, -18.089, 0.474, 0.351, -0.264, 0.763)      0      0 -1368.88587     3   5.000   -1.000  lightdock_5.pdb      0 -912.739
   87     17      (15.370, -4.668, -16.360, 0.281, -0.940, -0.066, 0.182)      0      0 -1369.11909     0   5.000   -1.000 lightdock_17.pdb      0 -912.746
  195      7      (-19.555, 2.331, -0.445, -0.618, -0.617, 0.107, -0.475)      0      0 -1369.99365     1   5.000   -1.000  lightdock_7.pdb      0 -912.754
   85      4       (-28.311, 5.432, 2.016, -0.461, -0.436, -0.084, 0.768)      0      0 -1369.13382     0   5.000   -1.000  lightdock_4.pdb      0 -912.756
   49      4       (24.271, -9.623, 2.763, -0.157, 0.958, -0.171, -0.166)      0      0 -1369.79462     1   5.000   -1.000  lightdock_4.pdb      0 -912.773
  190      9       (-17.876, 18.980, 6.040, 0.289, -0.676, -0.448, 0.509)      0      0 -1369.18147     0   5.000   -1.000  lightdock_9.pdb      0 -912.788
    1     11      (7.984, 10.823, -28.193, 0.341, -0.895, -0.165, -0.236)      0      0 -1369.13143     2   5.000   -1.000 lightdock_11.pdb      0 -912.797
  195      1      (-19.258, 2.392, -0.132, -0.618, -0.617, 0.107, -0.475)      0      0 -1369.20418     0   5.000   -1.000  lightdock_1.pdb      0 -912.803
   78      3        (15.106, -6.016, -11.745, 0.991, 0.109, 0.056, 0.056)      0      0 -1365.32911     2   5.000   -1.000  lightdock_3.pdb      0 -912.816
   84      8       (25.323, -16.653, 4.370, 0.485, 0.259, -0.810, -0.204)      0      0 -1369.27752     0   5.000   -1.000  lightdock_8.pdb      0 -912.834
   11      5       (28.541, -7.324, 6.961, -0.655, -0.751, -0.078, 0.028)      0      0 -1370.36157     1   5.000   -1.000  lightdock_5.pdb      0 -912.844
   60     24        (23.522, 3.279, 2.251, -0.007, 0.096, -0.013, -0.995)      0      0 -1369.27567     0   5.000   -1.000 lightdock_24.pdb      0 -912.850
    1     19      (7.976, 10.846, -28.152, 0.341, -0.895, -0.165, -0.236)      0      0 -1369.27747     3   5.000   -1.000 lightdock_19.pdb      0 -912.862
   20      9         (27.180, 0.702, 16.455, -0.678, 0.594, 0.310, 0.301)      0      0 -1369.30346     0   5.000   -1.000  lightdock_9.pdb      0 -912.869
   68     13         (3.225, -26.977, 6.094, 0.534, 0.250, -0.603, 0.537)      0      0 -1369.32019     0   5.000   -1.000 lightdock_13.pdb      0 -912.880
   75      0      (-26.261, 9.708, -19.384, 0.618, 0.406, -0.673, -0.010)      0      0 -1369.32833     0   5.000   -1.000  lightdock_0.pdb      0 -912.886
   30     21      (-14.307, -19.508, 4.606, -0.343, 0.650, 0.173, -0.656)      0      0 -1357.66222     3   5.000   -1.000 lightdock_21.pdb      0 -912.893
  197      5      (25.857, 18.846, -12.950, 0.224, -0.514, 0.186, -0.807)      0      0 -1369.30646     1   5.000   -1.000  lightdock_5.pdb      0 -912.920
    1      1      (8.071, 10.599, -28.597, 0.341, -0.895, -0.165, -0.236)      0      0 -1369.09428     1   5.000   -1.000  lightdock_1.pdb      0 -912.957
   82     20        (-2.917, -31.431, 5.636, 0.319, -0.299, 0.807, 0.397)      0      0 -1369.49273     0   5.000   -1.000 lightdock_20.pdb      0 -912.995
   32     13      (25.693, -11.532, -6.442, 0.985, -0.061, 0.138, -0.086)      0      0 -1369.54160     0   5.000   -1.000 lightdock_13.pdb      0 -913.028
  197      0      (26.282, 18.997, -12.755, 0.224, -0.514, 0.186, -0.807)      0      0 -1369.51293     2   5.000   -1.000  lightdock_0.pdb      0 -913.029
  135      2    (-7.365, -27.546, 17.132, -0.983, -0.059, -0.007, -0.173)      0      0 -1370.67879     1   5.000   -1.000  lightdock_2.pdb      0 -913.037
   85      7       (-28.547, 5.211, 2.038, -0.461, -0.436, -0.084, 0.768)      0      0 -1370.67609     1   5.000   -1.000  lightdock_7.pdb      0 -913.094
  209      1        (27.440, 3.069, 6.207, 0.631, -0.043, -0.761, -0.148)      0      0 -1369.64584     1   5.000   -1.000  lightdock_1.pdb      0 -913.098
   85      5        (-18.048, -2.559, -0.837, 0.296, 0.472, 0.829, 0.054)      0      0 -1369.65230     0   5.000   -1.000  lightdock_5.pdb      0 -913.102
   75     11      (-26.487, 9.440, -19.715, 0.618, 0.406, -0.673, -0.010)      0      0 -1371.00163     1   5.000   -1.000 lightdock_11.pdb      0 -913.142
   94     23      (-11.393, -14.100, -2.680, 0.496, -0.435, 0.318, 0.681)      0      0 -1369.71617     0   5.000   -1.000 lightdock_23.pdb      0 -913.144
   46     24    (-26.532, 13.936, -17.434, -0.475, -0.086, -0.774, 0.410)      0      0 -1370.08545     2   5.000   -1.000 lightdock_24.pdb      0 -913.151
   13     13       (-20.947, -8.212, 0.668, 0.621, 0.137, -0.584, -0.505)      0      0 -1369.75719     0   5.000   -1.000 lightdock_13.pdb      0 -913.171
   46     16    (-26.988, 13.425, -16.830, -0.475, -0.086, -0.774, 0.410)      0      0 -1369.81626     1   5.000   -1.000 lightdock_16.pdb      0 -913.179
  145      9       (14.213, 18.798, -21.267, 0.037, -0.476, 0.228, 0.849)      0      0 -1370.55200     1   5.000   -1.000  lightdock_9.pdb      0 -913.213
  163     11      (-2.978, 16.361, -20.250, 0.453, 0.185, -0.779, -0.390)      0      0 -1367.86458     1   5.000   -1.000 lightdock_11.pdb      0 -913.255
   34     23     (-9.514, -25.316, -0.423, -0.633, 0.578, -0.515, -0.017)      0      0 -1369.91163     0   5.000   -1.000 lightdock_23.pdb      0 -913.274
   84     21       (25.225, -16.726, 4.319, 0.485, 0.259, -0.810, -0.204)      0      0 -1370.25549     1   5.000   -1.000 lightdock_21.pdb      0 -913.304
   39     12     (-19.589, 19.754, -0.923, 0.630, -0.432, -0.138, -0.631)      0      0 -1369.96042     0   5.000   -1.000 lightdock_12.pdb      0 -913.307
  145      2       (14.222, 18.440, -21.426, 0.037, -0.476, 0.228, 0.849)      0      0 -1369.99924     0   5.000   -1.000  lightdock_2.pdb      0 -913.333
  217     12      (-17.211, 16.374, 8.108, 0.839, -0.376, -0.234, -0.317)      0      0 -1370.17370     0   5.000   -1.000 lightdock_12.pdb      0 -913.449
  109     12      (-7.721, 16.630, 21.904, -0.069, 0.566, -0.287, -0.770)      0      0 -1370.17475     0   5.000   -1.000 lightdock_12.pdb      0 -913.450
  206     12     (11.586, -18.720, -7.510, -0.821, -0.083, -0.443, 0.351)      0      0 -1370.23388     0   5.000   -1.000 lightdock_12.pdb      0 -913.489
  110      2         (4.700, 11.095, 20.791, 0.298, 0.371, -0.858, 0.191)      0      0 -1369.11032     1   5.000   -1.000  lightdock_2.pdb      0 -913.490
   20      8         (20.249, 9.448, 7.109, 0.306, 0.505, -0.578, -0.563)      0      0 -1370.27525     0   5.000   -1.000  lightdock_8.pdb      0 -913.517
   20     13        (26.205, 7.791, 5.885, -0.467, 0.550, -0.573, -0.389)      0      0 -1370.85959     0   5.000   -1.000 lightdock_13.pdb      0 -913.602
   20      7        (26.176, 7.960, 6.353, -0.467, 0.550, -0.573, -0.389)      0      0 -1370.89405     1   5.000   -1.000  lightdock_7.pdb      0 -913.609
  219     14       (-25.970, -3.406, 7.366, 0.598, -0.441, -0.606, 0.283)      0      0 -1370.49724     0   5.000   -1.000 lightdock_14.pdb      0 -913.665
   46     14    (-19.373, 21.951, -11.072, 0.765, -0.318, -0.449, -0.335)      0      0 -1370.49727     0   5.000   -1.000 lightdock_14.pdb      0 -913.665
  204      8       (13.978, 3.766, -24.779, -0.261, -0.678, 0.677, 0.120)      0      0 -1370.50758     0   5.000   -1.000  lightdock_8.pdb      0 -913.672
   20      3        (26.177, 7.957, 6.345, -0.467, 0.550, -0.573, -0.389)      0      0 -1371.60810     2   5.000   -1.000  lightdock_3.pdb      0 -913.680
   80     20     (5.877, -14.374, -14.973, -0.793, -0.593, -0.131, 0.043)      0      0 -1370.62280     0   5.000   -1.000 lightdock_20.pdb      0 -913.749
   92     23       (-32.517, 12.487, 2.663, 0.423, -0.670, -0.419, 0.444)      0      0 -1370.62451     0   5.000   -1.000 lightdock_23.pdb      0 -913.750
  186     17       (5.923, -20.129, 17.478, -0.322, 0.059, 0.939, -0.105)      0      0 -1370.65139     0   5.000   -1.000 lightdock_17.pdb      0 -913.768
  143      7         (24.224, -9.784, 0.417, 0.271, -0.588, 0.481, 0.591)      0      0 -1370.65345     0   5.000   -1.000  lightdock_7.pdb      0 -913.769
  219      1       (-25.844, -3.357, 7.525, 0.598, -0.441, -0.606, 0.283)      0      0 -1371.14481     1   5.000   -1.000  lightdock_1.pdb      0 -913.793
   13     17       (-20.858, -7.939, 0.822, 0.621, 0.137, -0.584, -0.505)      0      0 -1370.39853     1   5.000   -1.000 lightdock_17.pdb      0 -913.809
  144     22     (-23.310, -15.158, 14.487, 0.421, -0.674, -0.553, 0.250)      0      0 -1370.74383     0   5.000   -1.000 lightdock_22.pdb      0 -913.829
  162     11       (12.154, 18.283, 5.085, -0.119, -0.685, 0.137, -0.705)      0      0 -1370.79681     0   5.000   -1.000 lightdock_11.pdb      0 -913.865
  180      8        (-27.420, 14.629, -8.166, 0.409, 0.544, 0.663, 0.310)      0      0 -1370.79734     0   5.000   -1.000  lightdock_8.pdb      0 -913.865
  159     17         (-0.753, 32.002, 5.673, 0.468, 0.845, -0.075, 0.248)      0      0 -1372.13703     2   5.000   -1.000 lightdock_17.pdb      0 -913.894
    3     13     (17.159, -12.477, -11.406, 0.097, -0.516, 0.843, -0.119)      0      0 -1370.85948     0   5.000   -1.000 lightdock_13.pdb      0 -913.906
  116      3      (-33.630, 6.342, -3.117, -0.002, -0.579, 0.211, -0.788)      0      0 -1370.94998     0   5.000   -1.000  lightdock_3.pdb      0 -913.967
  104      7       (2.561, -24.582, 20.061, -0.424, 0.869, 0.203, -0.152)      0      0 -1370.96318     0   5.000   -1.000  lightdock_7.pdb      0 -913.975
  208      6     (12.370, -32.114, 7.890, -0.274, -0.658, -0.450, -0.538)      0      0 -1370.99519     0   5.000   -1.000  lightdock_6.pdb      0 -913.997
  211      0      (-11.687, -8.979, 27.104, -0.322, 0.361, -0.833, 0.269)      0      0 -1370.99584     0   5.000   -1.000  lightdock_0.pdb      0 -913.997
  190      4     (-21.943, 27.447, 12.348, -0.302, -0.206, -0.892, 0.267)      0      0 -1371.02994     0   5.000   -1.000  lightdock_4.pdb      0 -914.020
  156     11          (23.722, 6.885, 2.056, 0.064, 0.276, 0.786, -0.549)      0      0 -1371.07155     0   5.000   -1.000 lightdock_11.pdb      0 -914.048
   17      5       (12.369, -2.599, 21.021, -0.281, 0.927, -0.170, 0.181)      0      0 -1371.07280     0   5.000   -1.000  lightdock_5.pdb      0 -914.049
  184     21    (-6.126, -29.769, 17.038, -0.523, -0.666, -0.209, -0.489)      0      0 -1371.07675     0   5.000   -1.000 lightdock_21.pdb      0 -914.051
   44      6      (14.485, 5.715, 10.777, -0.162, -0.751, -0.577, -0.276)      0      0 -1371.09230     0   5.000   -1.000  lightdock_6.pdb      0 -914.062
   28     10       (14.770, 13.049, 19.153, 0.179, -0.414, -0.867, 0.210)      0      0 -1371.09449     0   5.000   -1.000 lightdock_10.pdb      0 -914.063
  211      8      (-11.803, -9.339, 27.299, -0.322, 0.361, -0.833, 0.269)      0      0 -1372.18490     1   5.000   -1.000  lightdock_8.pdb      0 -914.067
  183      0         (-7.057, 1.103, 15.458, -0.517, 0.175, 0.163, 0.822)      0      0 -1371.11661     0   5.000   -1.000  lightdock_0.pdb      0 -914.078
   32     23      (25.618, -11.514, -6.434, 0.985, -0.061, 0.138, -0.086)      0      0 -1370.89599     1   5.000   -1.000 lightdock_23.pdb      0 -914.081
   47      8      (12.629, -27.581, 8.450, -0.920, -0.144, 0.007, -0.364)      0      0 -1371.13165     0   5.000   -1.000  lightdock_8.pdb      0 -914.088
   51     14        (1.029, -27.058, 17.274, 0.414, 0.228, -0.739, 0.480)      0      0 -1371.19131     0   5.000   -1.000 lightdock_14.pdb      0 -914.128
   19      1       (3.529, 26.339, -19.365, -0.086, -0.918, 0.379, 0.075)      0      0 -1371.51048     1   5.000   -1.000  lightdock_1.pdb      0 -914.134
   64      5    (-26.431, 11.827, -14.640, -0.040, -0.914, -0.279, 0.293)      0      0 -1371.20095     0   5.000   -1.000  lightdock_5.pdb      0 -914.134
  121     18    (-5.032, -23.925, 23.289, -0.545, -0.362, -0.096, -0.750)      0      0 -1369.88809     1   5.000   -1.000 lightdock_18.pdb      0 -914.138
   19     18       (3.439, 26.338, -19.382, -0.086, -0.918, 0.379, 0.075)      0      0 -1371.20961     0   5.000   -1.000 lightdock_18.pdb      0 -914.140
  195      9      (-19.153, 2.413, -0.020, -0.618, -0.617, 0.107, -0.475)      0      0 -1370.18387     2   5.000   -1.000  lightdock_9.pdb      0 -914.164
  144      1     (-23.278, -15.271, 14.594, 0.421, -0.674, -0.553, 0.250)      0      0 -1371.38929     1   5.000   -1.000  lightdock_1.pdb      0 -914.177
   18     11       (22.915, 22.761, -8.297, 0.877, -0.177, -0.082, 0.438)      0      0 -1371.29060     0   5.000   -1.000 lightdock_11.pdb      0 -914.194
   84     17       (25.471, -16.545, 4.447, 0.485, 0.259, -0.810, -0.204)      0      0 -1370.96278     2   5.000   -1.000 lightdock_17.pdb      0 -914.214
   49      9       (24.729, -9.442, 2.604, -0.157, 0.958, -0.171, -0.166)      0      0 -1370.57920     3   5.000   -1.000  lightdock_9.pdb      0 -914.214
  153      0    (-27.194, -10.538, 13.186, -0.351, -0.181, -0.862, 0.318)      0      0 -1371.34085     0   5.000   -1.000  lightdock_0.pdb      0 -914.227
  130     20        (25.326, -8.902, 2.037, 0.679, -0.167, -0.484, 0.527)      0      0 -1372.59098     1   5.000   -1.000 lightdock_20.pdb      0 -914.237
   51     20        (0.938, -26.763, 17.526, 0.414, 0.228, -0.739, 0.480)      0      0 -1371.47414     1   5.000   -1.000 lightdock_20.pdb      0 -914.240
  112      8       (19.563, 24.104, -2.667, 0.246, -0.202, 0.786, -0.531)      0      0 -1371.36199     0   5.000   -1.000  lightdock_8.pdb      0 -914.241
   94     14    (-25.097, -12.791, -0.410, -0.560, -0.208, -0.802, 0.032)      0      0 -1372.30500     1   5.000   -1.000 lightdock_14.pdb      0 -914.252
    3      4     (17.260, -12.471, -11.391, 0.097, -0.516, 0.843, -0.119)      0      0 -1371.21299     1   5.000   -1.000  lightdock_4.pdb      0 -914.262
  116     22      (-33.473, 6.443, -3.470, -0.002, -0.579, 0.211, -0.788)      0      0 -1371.65513     1   5.000   -1.000 lightdock_22.pdb      0 -914.275
  204      7       (14.130, 3.969, -24.908, -0.261, -0.678, 0.677, 0.120)      0      0 -1371.68977     1   5.000   -1.000  lightdock_7.pdb      0 -914.284
   94      3     (-25.226, -12.844, 0.043, -0.560, -0.208, -0.802, 0.032)      0      0 -1371.42596     0   5.000   -1.000  lightdock_3.pdb      0 -914.284
   33     13        (21.133, 27.208, 5.381, -0.797, 0.218, 0.561, -0.051)      0      0 -1371.44045     0   5.000   -1.000 lightdock_13.pdb      0 -914.294
   49      8       (24.679, -9.463, 2.622, -0.157, 0.958, -0.171, -0.166)      0      0 -1370.49298     2   5.000   -1.000  lightdock_8.pdb      0 -914.336
  145      4       (14.005, 18.276, -21.647, 0.037, -0.476, 0.228, 0.849)      0      0 -1371.11504     2   5.000   -1.000  lightdock_4.pdb      0 -914.343
    2      8      (-10.072, 27.604, 1.338, -0.635, -0.468, 0.003, -0.615)      0      0 -1371.55616     0   5.000   -1.000  lightdock_8.pdb      0 -914.371
  150     11      (-5.033, -17.653, -12.334, 0.567, 0.488, 0.112, -0.655)      0      0 -1371.60347     0   5.000   -1.000 lightdock_11.pdb      0 -914.402
  159     13         (-0.850, 31.952, 5.659, 0.468, 0.845, -0.075, 0.248)      0      0 -1372.11826     1   5.000   -1.000 lightdock_13.pdb      0 -914.439
  191     17         (7.128, -9.043, 33.208, 0.383, -0.069, 0.309, 0.868)      0      0 -1371.67364     0   5.000   -1.000 lightdock_17.pdb      0 -914.449
   91     11      (-12.423, -11.787, -11.608, 0.526, 0.764, 0.138, 0.348)      0      0 -1371.70201     0   5.000   -1.000 lightdock_11.pdb      0 -914.468
   45     20        (17.352, 12.034, -8.878, -0.746, 0.611, 0.226, 0.136)      0      0 -1371.72699     0   5.000   -1.000 lightdock_20.pdb      0 -914.485
    3     15     (16.885, -12.494, -11.447, 0.097, -0.516, 0.843, -0.119)      0      0 -1371.42966     2   5.000   -1.000 lightdock_15.pdb      0 -914.489
  164     15     (-9.386, -15.207, -4.560, 0.405, -0.784, -0.430, -0.192)      0      0 -1371.73415     0   5.000   -1.000 lightdock_15.pdb      0 -914.489
  190      3     (-18.795, 19.913, 4.323, -0.258, -0.631, -0.121, -0.721)      0      0 -1371.75562     0   5.000   -1.000  lightdock_3.pdb      0 -914.504
  133      7     (-12.699, 18.635, 17.818, -0.430, -0.209, 0.738, -0.477)      0      0 -1371.75640     0   5.000   -1.000  lightdock_7.pdb      0 -914.504
  160     10       (-14.983, 1.937, 14.373, -0.350, 0.343, 0.150, -0.859)      0      0 -1371.83182     0   5.000   -1.000 lightdock_10.pdb      0 -914.555
  129     18        (-19.801, 22.142, 1.028, 0.750, 0.212, 0.050, -0.624)      0      0 -1371.84518     0   5.000   -1.000 lightdock_18.pdb      0 -914.563
  102      3        (15.874, -20.033, 8.164, 0.557, 0.430, -0.608, 0.368)      0      0 -1371.86825     0   5.000   -1.000  lightdock_3.pdb      0 -914.579
    7     24         (28.994, 9.685, -9.469, 0.068, -0.721, 0.365, 0.586)      0      0 -1372.26778     1   5.000   -1.000 lightdock_24.pdb      0 -914.627
  130      0        (25.317, -8.613, 1.756, 0.679, -0.167, -0.484, 0.527)      0      0 -1371.97680     0   5.000   -1.000  lightdock_0.pdb      0 -914.651
  171      8       (-4.463, 10.387, -29.808, 0.111, 0.435, 0.538, -0.713)      0      0 -1371.98337     0   5.000   -1.000  lightdock_8.pdb      0 -914.656
    7      5         (28.816, 9.681, -9.161, 0.068, -0.721, 0.365, 0.586)      0      0 -1371.99603     0   5.000   -1.000  lightdock_5.pdb      0 -914.664
  118      5   (-13.845, 10.157, -20.172, -0.603, -0.108, -0.727, -0.311)      0      0 -1369.67493     1   5.000   -1.000  lightdock_5.pdb      0 -914.679
   19     17       (3.862, 26.328, -19.178, -0.086, -0.918, 0.379, 0.075)      0      0 -1372.63622     3   5.000   -1.000 lightdock_17.pdb      0 -914.682
  191      3         (7.264, -8.690, 33.227, 0.383, -0.069, 0.309, 0.868)      0      0 -1372.29879     1   5.000   -1.000  lightdock_3.pdb      0 -914.707
  156      7      (26.909, -0.612, 7.888, -0.400, -0.037, -0.810, -0.428)      0      0 -1372.13207     0   5.000   -1.000  lightdock_7.pdb      0 -914.755
   67     21       (16.234, 20.286, -18.975, -0.328, 0.314, 0.630, 0.630)      0      0 -1372.14022     0   5.000   -1.000 lightdock_21.pdb      0 -914.760
   35     10       (-8.571, -15.099, 2.098, -0.297, 0.762, -0.290, 0.498)      0      0 -1372.14744     0   5.000   -1.000 lightdock_10.pdb      0 -914.765
    8      0      (-8.163, 18.378, -22.863, -0.796, -0.468, 0.002, 0.383)      0      0 -1372.16400     0   5.000   -1.000  lightdock_0.pdb      0 -914.776
   19      7       (-1.863, 16.435, -25.807, -0.433, 0.777, 0.410, 0.203)      0      0 -1372.22803     0   5.000   -1.000  lightdock_7.pdb      0 -914.819
  129      0        (-19.821, 21.985, 0.953, 0.750, 0.212, 0.050, -0.624)      0      0 -1372.48656     1   5.000   -1.000  lightdock_0.pdb      0 -914.868
   91      4      (-12.728, -12.026, -11.858, 0.526, 0.764, 0.138, 0.348)      0      0 -1372.93719     2   5.000   -1.000  lightdock_4.pdb      0 -914.884
  159     19         (-1.056, 32.141, 6.066, 0.534, 0.772, -0.186, 0.292)      0      0 -1372.77999     3   5.000   -1.000 lightdock_19.pdb      0 -914.898
  154      4     (-26.026, -3.037, -19.714, -0.920, 0.020, -0.256, 0.296)      0      0 -1372.35311     0   5.000   -1.000  lightdock_4.pdb      0 -914.902
  204      3       (13.893, 3.651, -24.707, -0.261, -0.678, 0.677, 0.120)      0      0 -1371.85620     2   5.000   -1.000  lightdock_3.pdb      0 -914.910
   94      0     (-25.318, -12.881, 0.364, -0.560, -0.208, -0.802, 0.032)      0      0 -1372.67334     2   5.000   -1.000  lightdock_0.pdb      0 -914.919
  107     17        (-27.386, 11.874, 9.583, -0.445, 0.014, 0.885, 0.139)      0      0 -1372.37912     0   5.000   -1.000 lightdock_17.pdb      0 -914.919
  107      5        (-27.551, 11.779, 9.443, -0.445, 0.014, 0.885, 0.139)      0      0 -1372.52241     1   5.000   -1.000  lightdock_5.pdb      0 -914.961
   19      9       (3.720, 26.340, -19.330, -0.086, -0.918, 0.379, 0.075)      0      0 -1372.58587     2   5.000   -1.000  lightdock_9.pdb      0 -914.994
  171     19     (-3.476, 10.946, -20.161, -0.332, -0.873, -0.137, 0.328)      0      0 -1372.51035     0   5.000   -1.000 lightdock_19.pdb      0 -915.007
  184     12    (-6.125, -29.767, 17.037, -0.523, -0.666, -0.209, -0.489)      0      0 -1372.00384     1   5.000   -1.000 lightdock_12.pdb      0 -915.030
  127      6       (-11.310, 34.363, -2.956, 0.436, 0.733, 0.335, -0.399)      0      0 -1372.54728     0   5.000   -1.000  lightdock_6.pdb      0 -915.032
    5      1      (15.467, 15.090, -1.114, 0.792, -0.202, -0.282, -0.502)      0      0 -1372.56795     0   5.000   -1.000  lightdock_1.pdb      0 -915.045
  153      5    (-27.216, -10.528, 13.167, -0.351, -0.181, -0.862, 0.318)      0      0 -1372.35860     1   5.000   -1.000  lightdock_5.pdb      0 -915.054
  211     17     (-16.130, -19.284, 24.064, -0.141, 0.204, -0.226, 0.942)      0      0 -1372.59416     0   5.000   -1.000 lightdock_17.pdb      0 -915.063
   83      3      (25.533, -13.761, -7.118, 0.069, -0.248, 0.956, -0.139)      0      0 -1372.59931     0   5.000   -1.000  lightdock_3.pdb      0 -915.066
  211     13     (-16.154, -19.558, 23.677, -0.141, 0.204, -0.226, 0.942)      0      0 -1372.70440     1   5.000   -1.000 lightdock_13.pdb      0 -915.069
   83     20     (25.854, -17.074, 4.268, -0.722, -0.123, -0.551, -0.400)      0      0 -1372.61506     0   5.000   -1.000 lightdock_20.pdb      0 -915.077
    2     22       (-8.268, 23.363, -0.345, 0.005, -0.218, 0.889, -0.403)      0      0 -1372.67018     0   5.000   -1.000 lightdock_22.pdb      0 -915.113
  127     15       (-11.117, 34.446, -3.000, 0.436, 0.734, 0.335, -0.400)      0      0 -1372.82121     1   5.000   -1.000 lightdock_15.pdb      0 -915.182
   46     23     (-26.513, 10.834, -23.821, 0.434, 0.021, -0.820, -0.373)      0      0 -1372.79462     0   5.000   -1.000 lightdock_23.pdb      0 -915.196
  211      3     (-16.124, -19.217, 24.159, -0.141, 0.204, -0.226, 0.942)      0      0 -1372.85624     2   5.000   -1.000  lightdock_3.pdb      0 -915.230
  199     15          (2.995, 15.534, 21.572, 0.446, 0.522, 0.017, 0.727)      0      0 -1372.85625     0   5.000   -1.000 lightdock_15.pdb      0 -915.237
   57     20        (3.333, 24.306, -20.428, 0.105, -0.266, 0.087, 0.954)      0      0 -1372.86725     0   5.000   -1.000 lightdock_20.pdb      0 -915.245
  100     11          (9.279, 14.821, 4.558, 0.772, 0.390, 0.399, -0.304)      0      0 -1372.89337     0   5.000   -1.000 lightdock_11.pdb      0 -915.262
  152     24      (24.256, 22.911, -0.207, -0.626, 0.430, -0.554, -0.342)      0      0 -1372.91769     0   5.000   -1.000 lightdock_24.pdb      0 -915.278
   46     21     (-26.591, 10.890, -23.905, 0.434, 0.021, -0.820, -0.373)      0      0 -1373.03457     1   5.000   -1.000 lightdock_21.pdb      0 -915.298
  154      1     (-26.365, -3.049, -19.806, -0.920, 0.020, -0.256, 0.296)      0      0 -1373.36135     1   5.000   -1.000  lightdock_1.pdb      0 -915.342
  154     11     (-29.525, -0.813, -17.300, -0.097, -0.868, 0.486, 0.007)      0      0 -1373.02105     0   5.000   -1.000 lightdock_11.pdb      0 -915.347
   52     21       (23.166, -7.886, 17.436, -0.413, 0.704, 0.253, -0.519)      0      0 -1373.03195     0   5.000   -1.000 lightdock_21.pdb      0 -915.355
  107      0        (-23.959, 17.229, -3.678, 0.528, 0.275, 0.445, 0.669)      0      0 -1373.03876     0   5.000   -1.000  lightdock_0.pdb      0 -915.359
  173     16       (-24.758, 14.985, 5.245, -0.020, -0.549, 0.130, 0.826)      0      0 -1373.04893     0   5.000   -1.000 lightdock_16.pdb      0 -915.366
  162      2       (12.474, 18.087, 14.896, -0.124, 0.196, -0.508, 0.829)      0      0 -1373.07936     0   5.000   -1.000  lightdock_2.pdb      0 -915.386
   83      7     (25.837, -17.072, 4.306, -0.722, -0.123, -0.551, -0.400)      0      0 -1373.09146     1   5.000   -1.000  lightdock_7.pdb      0 -915.388
  118      4     (-22.074, 20.542, -16.641, -0.077, 0.296, -0.025, 0.952)      0      0 -1373.12322     0   5.000   -1.000  lightdock_4.pdb      0 -915.415
  211      9     (-16.108, -19.385, 23.926, -0.141, 0.204, -0.226, 0.942)      0      0 -1373.03683     4   5.000   -1.000  lightdock_9.pdb      0 -915.416
   94      1    (-25.182, -12.826, -0.112, -0.560, -0.208, -0.802, 0.032)      0      0 -1372.83009     3   5.000   -1.000  lightdock_1.pdb      0 -915.416
   19     11       (3.249, 26.337, -19.418, -0.086, -0.918, 0.379, 0.075)      0      0 -1372.85781     5   5.000   -1.000 lightdock_11.pdb      0 -915.439
   19     12       (3.244, 26.337, -19.419, -0.086, -0.918, 0.379, 0.075)      0      0 -1372.72688     4   5.000   -1.000 lightdock_12.pdb      0 -915.451
  158     24       (13.550, 23.290, 10.021, 0.236, 0.296, -0.309, -0.872)      0      0 -1373.19433     0   5.000   -1.000 lightdock_24.pdb      0 -915.463
   83     16     (25.783, -17.079, 4.510, -0.722, -0.123, -0.551, -0.400)      0      0 -1373.51524     2   5.000   -1.000 lightdock_16.pdb      0 -915.510
   39     22        (-31.693, 20.848, -7.281, 0.407, 0.722, 0.362, 0.427)      0      0 -1373.28902     0   5.000   -1.000 lightdock_22.pdb      0 -915.526
  211      7     (-16.310, -19.152, 23.901, -0.141, 0.204, -0.226, 0.942)      0      0 -1373.07382     5   5.000   -1.000  lightdock_7.pdb      0 -915.550
   51     24      (0.869, -22.435, 13.132, 0.016, -0.377, -0.857, -0.351)      0      0 -1373.33315     0   5.000   -1.000 lightdock_24.pdb      0 -915.555
  210      9       (-19.298, 8.395, -16.128, -0.144, 0.412, 0.895, 0.096)      0      0 -1374.45313     1   5.000   -1.000  lightdock_9.pdb      0 -915.558
  213      5     (-32.261, -0.977, -11.494, 0.502, -0.302, -0.805, 0.092)      0      0 -1373.36016     0   5.000   -1.000  lightdock_5.pdb      0 -915.573
   30      1      (-21.893, -18.596, -1.557, 0.857, 0.477, 0.017, -0.197)      0      0 -1374.69154     1   5.000   -1.000  lightdock_1.pdb      0 -915.578
  213      6     (-32.404, -0.952, -11.128, 0.502, -0.302, -0.805, 0.092)      0      0 -1373.52889     2   5.000   -1.000  lightdock_6.pdb      0 -915.586
  167     21         (9.226, -8.995, 29.773, 0.220, 0.491, 0.843, -0.014)      0      0 -1373.43882     0   5.000   -1.000 lightdock_21.pdb      0 -915.626
   64      1    (-25.282, -0.210, -17.287, -0.244, 0.582, -0.532, -0.565)      0      0 -1373.44189     0   5.000   -1.000  lightdock_1.pdb      0 -915.628
  124      8       (-5.540, 11.817, 17.366, 0.987, -0.151, -0.042, 0.024)      0      0 -1373.45174     0   5.000   -1.000  lightdock_8.pdb      0 -915.634
  213     15     (-32.171, -0.993, -11.728, 0.502, -0.302, -0.805, 0.092)      0      0 -1373.46346     1   5.000   -1.000 lightdock_15.pdb      0 -915.641
  211      1     (-16.120, -19.337, 23.997, -0.141, 0.204, -0.226, 0.942)      0      0 -1373.01976     3   5.000   -1.000  lightdock_1.pdb      0 -915.669
   91     21      (-12.376, -11.751, -11.570, 0.526, 0.764, 0.138, 0.348)      0      0 -1372.86773     1   5.000   -1.000 lightdock_21.pdb      0 -915.670
   28     23       (16.273, 14.777, 12.906, -0.005, 0.291, -0.589, 0.754)      0      0 -1374.33912     1   5.000   -1.000 lightdock_23.pdb      0 -915.694
   52     18       (23.209, -7.828, 17.382, -0.413, 0.704, 0.253, -0.519)      0      0 -1373.39821     1   5.000   -1.000 lightdock_18.pdb      0 -915.704
    5      3       (20.145, 26.040, -1.533, -0.280, -0.730, 0.034, 0.623)      0      0 -1373.56663     0   5.000   -1.000  lightdock_3.pdb      0 -915.711
  167      1         (9.362, -9.075, 29.990, 0.220, 0.491, 0.843, -0.014)      0      0 -1373.67930     1   5.000   -1.000  lightdock_1.pdb      0 -915.761
   83     11      (25.617, -13.973, -7.053, 0.069, -0.248, 0.956, -0.139)      0      0 -1373.42726     1   5.000   -1.000 lightdock_11.pdb      0 -915.803
  213      8     (-32.280, -0.974, -11.445, 0.502, -0.302, -0.805, 0.092)      0      0 -1373.64863     3   5.000   -1.000  lightdock_8.pdb      0 -915.841
  154     14     (-25.863, -3.031, -19.669, -0.920, 0.020, -0.256, 0.296)      0      0 -1373.51295     2   5.000   -1.000 lightdock_14.pdb      0 -915.866
  200      7     (12.627, -22.412, 10.729, -0.556, -0.057, 0.038, -0.828)      0      0 -1373.80564     0   5.000   -1.000  lightdock_7.pdb      0 -915.870
  212      9     (9.976, 36.403, -23.492, -0.312, -0.121, -0.409, -0.849)      0      0 -1373.82127     0   5.000   -1.000  lightdock_9.pdb      0 -915.876
  212      3    (10.134, 36.242, -23.324, -0.312, -0.121, -0.409, -0.849)      0      0 -1373.82766     2   5.000   -1.000  lightdock_3.pdb      0 -915.876
  212      0     (9.966, 36.388, -23.492, -0.312, -0.121, -0.409, -0.849)      0      0 -1373.82725     1   5.000   -1.000  lightdock_0.pdb      0 -915.877
    1      5     (10.755, 10.733, -22.960, -0.037, -0.900, 0.079, -0.427)      0      0 -1373.81979     0   5.000   -1.000  lightdock_5.pdb      0 -915.880
  212     19     (9.861, 36.695, -23.688, -0.312, -0.121, -0.409, -0.849)      0      0 -1373.82819     3   5.000   -1.000 lightdock_19.pdb      0 -915.880
  155     19        (12.421, -21.313, 2.136, 0.213, 0.679, -0.085, 0.697)      0      0 -1374.12075     1   5.000   -1.000 lightdock_19.pdb      0 -915.894
   89     14          (22.334, 9.490, 27.740, 0.191, 0.531, 0.694, 0.448)      0      0 -1373.86186     0   5.000   -1.000 lightdock_14.pdb      0 -915.896
  118     12       (-22.467, 21.520, -27.633, 0.046, 0.071, 0.990, 0.111)      0      0 -1373.86319     0   5.000   -1.000 lightdock_12.pdb      0 -915.900
   89      5          (22.514, 9.481, 27.821, 0.191, 0.531, 0.694, 0.448)      0      0 -1373.86961     3   5.000   -1.000  lightdock_5.pdb      0 -915.906
   89      2          (22.495, 9.464, 27.840, 0.191, 0.531, 0.694, 0.448)      0      0 -1373.86647     2   5.000   -1.000  lightdock_2.pdb      0 -915.907
   89      7          (22.012, 9.423, 27.727, 0.191, 0.531, 0.694, 0.448)      0      0 -1373.87053     5   4.920   -1.000  lightdock_7.pdb      0 -915.907
  118     14       (-22.445, 21.716, -27.792, 0.046, 0.071, 0.990, 0.111)      0      0 -1373.86738     1   5.000   -1.000 lightdock_14.pdb      0 -915.907
   89     16          (22.428, 9.446, 27.845, 0.191, 0.531, 0.694, 0.448)      0      0 -1373.86561     1   5.000   -1.000 lightdock_16.pdb      0 -915.908
  146     24         (24.491, -2.748, 0.353, 0.638, 0.668, 0.162, -0.347)      0      0 -1373.86180     0   5.000   -1.000 lightdock_24.pdb      0 -915.908
   30      7      (-21.483, -18.798, -1.473, 0.857, 0.477, 0.017, -0.197)      0      0 -1373.86480     0   5.000   -1.000  lightdock_7.pdb      0 -915.910
   89     24          (22.322, 9.515, 27.696, 0.191, 0.531, 0.694, 0.448)      0      0 -1373.86977     4   5.000   -1.000 lightdock_24.pdb      0 -915.910
  118     19       (-22.467, 21.525, -27.638, 0.046, 0.071, 0.990, 0.111)      0      0 -1373.87278     2   5.000   -1.000 lightdock_19.pdb      0 -915.910
  201     16       (-12.627, 6.492, -27.183, 0.433, 0.617, -0.596, 0.277)      0      0 -1373.87128     0   5.000   -1.000 lightdock_16.pdb      0 -915.914
    5      2     (30.750, 29.025, -7.604, -0.611, -0.346, -0.670, -0.240)      0      0 -1373.90913     1   5.000   -1.000  lightdock_2.pdb      0 -915.921
  195      4     (-28.611, -0.104, -9.564, -0.513, -0.704, -0.403, 0.281)      0      0 -1373.88865     0   5.000   -1.000  lightdock_4.pdb      0 -915.926
    5     18     (30.582, 28.924, -7.483, -0.611, -0.346, -0.670, -0.240)      0      0 -1373.90993     2   5.000   -1.000 lightdock_18.pdb      0 -915.927
    5      7     (30.956, 29.010, -7.698, -0.611, -0.346, -0.670, -0.240)      0      0 -1373.90539     0   5.000   -1.000  lightdock_7.pdb      0 -915.929
  157     16      (-31.697, 27.546, -0.923, 0.381, -0.454, 0.804, -0.043)      0      0 -1373.89767     0   5.000   -1.000 lightdock_16.pdb      0 -915.929
   89     12          (21.996, 9.695, 27.289, 0.191, 0.531, 0.694, 0.448)      0      0 -1373.88680     6   4.920   -1.000 lightdock_12.pdb      0 -915.938
  187     20       (-3.989, -21.604, 24.112, 0.984, 0.053, -0.168, 0.009)      0      0 -1373.91441     0   5.000   -1.000 lightdock_20.pdb      0 -915.943
  157     13      (-31.931, 27.742, -0.870, 0.381, -0.454, 0.804, -0.043)      0      0 -1373.91035     1   5.000   -1.000 lightdock_13.pdb      0 -915.948
  157     23      (-31.852, 27.643, -0.958, 0.381, -0.454, 0.804, -0.043)      0      0 -1373.92098     2   5.000   -1.000 lightdock_23.pdb      0 -915.957
  112     24      (21.838, 33.640, -12.053, 0.248, -0.028, -0.921, 0.299)      0      0 -1373.94937     0   5.000   -1.000 lightdock_24.pdb      0 -915.966
    5     23     (30.785, 28.957, -7.594, -0.611, -0.346, -0.670, -0.240)      0      0 -1373.94135     3   5.000   -1.000 lightdock_23.pdb      0 -915.967
  180     24      (-41.003, 1.885, -10.966, -0.250, -0.743, 0.227, 0.578)      0      0 -1374.07407     2   5.000   -1.000 lightdock_24.pdb      0 -915.973
  192     10      (-34.270, 19.862, -11.404, 0.692, -0.280, 0.661, 0.080)      0      0 -1373.97615     1   5.000   -1.000 lightdock_10.pdb      0 -915.975
  192      3      (-34.173, 20.201, -11.677, 0.692, -0.280, 0.661, 0.080)      0      0 -1373.96418     0   5.000   -1.000  lightdock_3.pdb      0 -915.976
   23     23       (2.860, 20.956, 8.171, -0.258, -0.033, -0.615, -0.745)      0      0 -1373.96537     0   5.000   -1.000 lightdock_23.pdb      0 -915.977
  180      5      (-41.284, 1.775, -10.979, -0.250, -0.743, 0.227, 0.578)      0      0 -1374.05889     0   5.000   -1.000  lightdock_5.pdb      0 -915.981
   83     12     (25.997, -17.091, 3.955, -0.722, -0.123, -0.551, -0.400)      0      0 -1373.63136     4   5.000   -1.000 lightdock_12.pdb      0 -915.982
   92     10         (-34.295, 8.376, 0.923, -0.082, 0.143, 0.886, 0.434)      0      0 -1373.97705     0   5.000   -1.000 lightdock_10.pdb      0 -915.985
  195      3      (-35.251, -5.647, 1.877, -0.586, 0.443, -0.450, -0.508)      0      0 -1374.04673     1   5.000   -1.000  lightdock_3.pdb      0 -915.985
  195     23      (-35.676, -5.501, 1.967, -0.586, 0.443, -0.450, -0.508)      0      0 -1374.03396     0   5.000   -1.000 lightdock_23.pdb      0 -915.986
  112     13      (21.849, 33.831, -12.150, 0.248, -0.028, -0.921, 0.299)      0      0 -1373.96618     1   5.000   -1.000 lightdock_13.pdb      0 -915.990
  159     21          (1.620, 32.580, 0.981, 0.574, 0.774, -0.005, 0.268)      0      0 -1380.19827     1   5.000   -1.000 lightdock_21.pdb      0 -915.990
  192     23      (-34.156, 20.262, -11.727, 0.692, -0.280, 0.661, 0.080)      0      0 -1373.98198     2   5.000   -1.000 lightdock_23.pdb      0 -915.996
  180     17      (-41.510, 1.686, -10.990, -0.250, -0.743, 0.227, 0.578)      0      0 -1374.06668     1   5.000   -1.000 lightdock_17.pdb      0 -916.010
  132     10       (22.679, -4.186, 21.600, 0.621, -0.489, -0.326, 0.518)      0      0 -1374.02559     0   5.000   -1.000 lightdock_10.pdb      0 -916.017
  180      4      (-41.442, 1.723, -10.983, -0.250, -0.743, 0.227, 0.578)      0      0 -1374.09921     3   5.000   -1.000  lightdock_4.pdb      0 -916.019
   46     20      (-25.777, 19.259, -23.061, -0.091, 0.036, 0.995, 0.005)      0      0 -1374.03616     0   5.000   -1.000 lightdock_20.pdb      0 -916.019
   46      1      (-25.712, 19.587, -22.733, -0.091, 0.036, 0.995, 0.005)      0      0 -1374.04881     1   5.000   -1.000  lightdock_1.pdb      0 -916.020
  195      0      (-35.741, -5.478, 1.980, -0.586, 0.443, -0.450, -0.508)      0      0 -1374.15503     4   5.000   -1.000  lightdock_0.pdb      0 -916.028
  155     11        (12.376, -21.491, 2.101, 0.213, 0.679, -0.085, 0.697)      0      0 -1374.04319     0   5.000   -1.000 lightdock_11.pdb      0 -916.029
    5     14     (30.503, 27.605, -7.470, -0.611, -0.346, -0.670, -0.239)      0      0 -1374.10478     4   5.000   -1.000 lightdock_14.pdb      0 -916.032
   46     11      (-25.799, 19.143, -23.177, -0.091, 0.036, 0.995, 0.005)      0      0 -1374.05674     2   5.000   -1.000 lightdock_11.pdb      0 -916.041
   39     19        (-31.749, 20.802, -7.305, 0.407, 0.722, 0.362, 0.427)      0      0 -1373.98329     1   5.000   -1.000 lightdock_19.pdb      0 -916.053
   53     16        (24.365, 18.748, 6.796, 0.415, -0.588, -0.304, 0.624)      0      0 -1374.08055     0   5.000   -1.000 lightdock_16.pdb      0 -916.054
   83      6     (25.949, -17.089, 4.089, -0.722, -0.123, -0.551, -0.400)      0      0 -1373.56642     3   5.000   -1.000  lightdock_6.pdb      0 -916.065
  123      3       (21.561, -3.968, 18.892, 0.587, -0.206, -0.086, 0.778)      0      0 -1374.10138     0   5.000   -1.000  lightdock_3.pdb      0 -916.068
   28     15       (16.064, 14.526, 13.020, -0.005, 0.291, -0.589, 0.754)      0      0 -1374.10419     0   5.000   -1.000 lightdock_15.pdb      0 -916.069
  172      6        (10.962, 33.173, -5.003, 0.478, 0.663, -0.284, 0.501)      0      0 -1374.10545     0   5.000   -1.000  lightdock_6.pdb      0 -916.070
  178     18        (-9.546, 22.879, -16.353, 0.735, 0.629, 0.025, 0.254)      0      0 -1374.11093     0   5.000   -1.000 lightdock_18.pdb      0 -916.074
  190     24       (-11.423, 27.614, 10.629, 0.470, -0.800, 0.171, 0.332)      0      0 -1374.68173     1   5.000   -1.000 lightdock_24.pdb      0 -916.086
   98     18        (0.681, 12.481, -13.797, 0.682, -0.664, 0.191, 0.241)      0      0 -1374.89759     1   5.000   -1.000 lightdock_18.pdb      0 -916.089
   46      3      (-28.163, 16.181, -24.106, -0.561, 0.398, 0.024, 0.725)      0      0 -1374.13772     0   5.000   -1.000  lightdock_3.pdb      0 -916.092
  195      5      (-35.378, -5.595, 1.911, -0.586, 0.443, -0.450, -0.508)      0      0 -1374.13182     2   5.000   -1.000  lightdock_5.pdb      0 -916.093
  195     20      (-35.361, -5.613, 1.897, -0.586, 0.443, -0.450, -0.508)      0      0 -1374.13438     3   5.000   -1.000 lightdock_20.pdb      0 -916.095
  113      6       (-10.940, 7.832, 35.152, -0.494, -0.327, 0.663, 0.457)      0      0 -1374.20775     1   5.000   -1.000  lightdock_6.pdb      0 -916.101
  113      5       (-10.935, 7.676, 35.015, -0.494, -0.327, 0.663, 0.457)      0      0 -1374.22863     3   5.000   -1.000  lightdock_5.pdb      0 -916.110
  170     14      (-26.147, 25.742, 12.697, 0.694, -0.465, -0.301, 0.460)      0      0 -1374.21245     0   5.000   -1.000 lightdock_14.pdb      0 -916.114
  113     12       (-10.947, 7.982, 35.283, -0.494, -0.327, 0.663, 0.457)      0      0 -1374.20527     0   5.000   -1.000 lightdock_12.pdb      0 -916.115
  190     13       (-11.489, 27.247, 10.792, 0.470, -0.800, 0.171, 0.332)      0      0 -1374.20062     0   5.000   -1.000 lightdock_13.pdb      0 -916.125
  170      7      (-26.406, 25.696, 12.902, 0.694, -0.465, -0.301, 0.460)      0      0 -1374.22768     2   5.000   -1.000  lightdock_7.pdb      0 -916.127
  113      4       (-10.954, 8.142, 35.422, -0.494, -0.327, 0.663, 0.457)      0      0 -1374.22368     2   5.000   -1.000  lightdock_4.pdb      0 -916.131
  132      6       (22.671, -4.182, 21.590, 0.621, -0.489, -0.326, 0.518)      0      0 -1374.17295     1   5.000   -1.000  lightdock_6.pdb      0 -916.133
  170      5      (-26.254, 25.720, 12.757, 0.694, -0.465, -0.301, 0.460)      0      0 -1374.22407     1   5.000   -1.000  lightdock_5.pdb      0 -916.142
  132     21       (22.994, -4.367, 22.032, 0.621, -0.489, -0.326, 0.518)      0      0 -1374.55605     2   5.000   -1.000 lightdock_21.pdb      0 -916.145
    7     22        (35.342, 15.535, -3.751, 0.540, -0.261, 0.073, 0.796)      0      0 -1374.28543     1   5.000   -1.000 lightdock_22.pdb      0 -916.147
   29     12     (2.662, -14.776, -18.664, -0.189, -0.665, 0.034, -0.722)      0      0 -1374.24046     0   5.000   -1.000 lightdock_12.pdb      0 -916.160
   14     24         (12.151, 32.871, -4.552, 0.784, 0.293, 0.086, 0.541)      0      0 -1374.12891     1   5.000   -1.000 lightdock_24.pdb      0 -916.161
  157     21       (-30.370, 24.823, -5.510, 0.268, 0.576, -0.730, 0.253)      0      0 -1374.29970     0   5.000   -1.000 lightdock_21.pdb      0 -916.163
    7     14        (35.602, 15.415, -3.788, 0.540, -0.261, 0.073, 0.796)      0      0 -1374.28223     0   5.000   -1.000 lightdock_14.pdb      0 -916.184
  157      6       (-30.570, 24.725, -5.420, 0.268, 0.576, -0.730, 0.253)      0      0 -1374.31430     1   5.000   -1.000  lightdock_6.pdb      0 -916.190
    4     10          (2.941, 34.861, 8.381, -0.355, 0.569, 0.482, 0.563)      0      0 -1374.33210     1   5.000   -1.000 lightdock_10.pdb      0 -916.191
   98     13       (10.791, 16.698, -23.965, -0.509, 0.023, 0.847, 0.151)      0      0 -1374.29163     0   5.000   -1.000 lightdock_13.pdb      0 -916.194
  157     22       (-30.186, 24.914, -5.593, 0.268, 0.576, -0.730, 0.253)      0      0 -1374.33381     2   5.000   -1.000 lightdock_22.pdb      0 -916.211
  156     14      (34.236, -5.622, -3.461, -0.445, -0.444, -0.186, 0.755)      0      0 -1374.35007     1   5.000   -1.000 lightdock_14.pdb      0 -916.211
    4      1          (3.027, 35.134, 8.439, -0.355, 0.569, 0.482, 0.563)      0      0 -1374.31713     0   5.000   -1.000  lightdock_1.pdb      0 -916.211
  210     12    (-25.923, 4.790, -21.469, -0.855, -0.487, -0.144, -0.110)      0      0 -1374.42427     0   5.000   -1.000 lightdock_12.pdb      0 -916.214
  156      6      (34.256, -5.878, -3.454, -0.445, -0.444, -0.186, 0.755)      0      0 -1374.34529     0   5.000   -1.000  lightdock_6.pdb      0 -916.222
  210     16    (-25.567, 4.806, -21.262, -0.855, -0.487, -0.144, -0.110)      0      0 -1374.42904     1   5.000   -1.000 lightdock_16.pdb      0 -916.223
  171     11       (1.215, 11.790, -26.853, -0.358, -0.247, 0.164, 0.885)      0      0 -1374.34990     0   5.000   -1.000 lightdock_11.pdb      0 -916.233
  210      3       (-19.138, 8.154, -16.038, -0.144, 0.412, 0.895, 0.096)      0      0 -1374.36385     0   5.000   -1.000  lightdock_3.pdb      0 -916.243
  110      7         (0.702, 14.801, 27.997, -0.014, 0.309, 0.303, 0.901)      0      0 -1374.46989     0   5.000   -1.000  lightdock_7.pdb      0 -916.253
  170     19      (-28.846, 23.679, 7.737, 0.509, -0.186, -0.813, -0.213)      0      0 -1374.39977     0   5.000   -1.000 lightdock_19.pdb      0 -916.267
   66     11     (33.102, 14.888, -16.515, -0.622, 0.365, -0.631, -0.285)      0      0 -1374.44562     1   5.000   -1.000 lightdock_11.pdb      0 -916.280
   66     18     (32.955, 15.140, -16.889, -0.622, 0.365, -0.631, -0.285)      0      0 -1374.43996     0   5.000   -1.000 lightdock_18.pdb      0 -916.283
  201     18       (-12.529, 6.492, -27.171, 0.433, 0.617, -0.596, 0.277)      0      0 -1374.40104     1   5.000   -1.000 lightdock_18.pdb      0 -916.283
   66      6     (32.752, 15.283, -17.152, -0.622, 0.365, -0.631, -0.285)      0      0 -1374.45332     2   5.000   -1.000  lightdock_6.pdb      0 -916.285
    4     12          (3.068, 35.265, 8.467, -0.355, 0.569, 0.482, 0.563)      0      0 -1374.38120     2   5.000   -1.000 lightdock_12.pdb      0 -916.286
  156     12      (27.127, -0.382, 7.855, -0.400, -0.037, -0.810, -0.428)      0      0 -1373.54674     1   5.000   -1.000 lightdock_12.pdb      0 -916.286
  210     19    (-25.879, 4.891, -21.373, -0.855, -0.487, -0.144, -0.110)      0      0 -1374.52659     2   5.000   -1.000 lightdock_19.pdb      0 -916.293
   66     24     (32.979, 15.119, -16.854, -0.622, 0.365, -0.631, -0.285)      0      0 -1374.47942     3   5.000   -1.000 lightdock_24.pdb      0 -916.296
   66      0     (28.632, 20.997, -11.259, -0.443, -0.160, -0.552, 0.688)      0      0 -1374.50476     1   5.000   -1.000  lightdock_0.pdb      0 -916.297
  110     10         (0.786, 15.032, 28.029, -0.014, 0.309, 0.303, 0.901)      0      0 -1374.51033     3   5.000   -1.000 lightdock_10.pdb      0 -916.298
  110     11         (0.453, 14.107, 27.891, -0.014, 0.309, 0.303, 0.901)      0      0 -1374.50794     2   5.000   -1.000 lightdock_11.pdb      0 -916.298
  208      2      (14.863, -34.347, 12.194, 0.057, -0.659, 0.269, -0.700)      0      0 -1374.58191     1   5.000   -1.000  lightdock_2.pdb      0 -916.299
  110     23         (0.767, 14.983, 28.024, -0.014, 0.309, 0.303, 0.901)      0      0 -1374.47054     1   5.000   -1.000 lightdock_23.pdb      0 -916.314
  208     18      (14.831, -34.696, 12.051, 0.057, -0.659, 0.269, -0.700)      0      0 -1374.57631     0   5.000   -1.000 lightdock_18.pdb      0 -916.322
   66      7     (28.946, 21.055, -11.257, -0.443, -0.160, -0.552, 0.688)      0      0 -1374.48293     0   5.000   -1.000  lightdock_7.pdb      0 -916.322
   40      5         (9.712, 17.439, 11.407, 0.297, 0.483, 0.240, -0.788)      0      0 -1374.49312     0   5.000   -1.000  lightdock_5.pdb      0 -916.329
  116     18     (-24.941, 8.031, -7.803, -0.380, -0.399, -0.524, -0.650)      0      0 -1374.50062     0   5.000   -1.000 lightdock_18.pdb      0 -916.334
  190     22       (-11.400, 27.644, 10.582, 0.470, -0.800, 0.171, 0.332)      0      0 -1375.00098     2   5.000   -1.000 lightdock_22.pdb      0 -916.334
   99      2   (-26.653, 25.051, -18.218, -0.422, -0.892, -0.076, -0.143)      0      0 -1374.50833     0   5.000   -1.000  lightdock_2.pdb      0 -916.339
   69     10         (16.195, 29.767, 11.987, 0.787, 0.082, 0.282, 0.543)      0      0 -1374.51179     0   5.000   -1.000 lightdock_10.pdb      0 -916.341
   31      4       (-0.504, 13.118, 29.524, 0.282, 0.459, -0.776, -0.329)      0      0 -1374.59087     1   5.000   -1.000  lightdock_4.pdb      0 -916.346
   31      0       (-0.206, 12.415, 29.844, 0.282, 0.459, -0.776, -0.329)      0      0 -1374.59302     2   5.000   -1.000  lightdock_0.pdb      0 -916.347
   31     24       (-0.316, 12.915, 29.675, 0.282, 0.459, -0.776, -0.329)      0      0 -1374.58795     0   5.000   -1.000 lightdock_24.pdb      0 -916.357
  208     17      (14.812, -34.907, 11.964, 0.057, -0.659, 0.269, -0.700)      0      0 -1374.66258     2   5.000   -1.000 lightdock_17.pdb      0 -916.361
   71     17         (-32.323, 3.964, 11.900, 0.678, 0.033, 0.576, 0.456)      0      0 -1374.64276     1   5.000   -1.000 lightdock_17.pdb      0 -916.368
   75     19      (-22.399, 3.751, -17.021, -0.200, 0.737, -0.509, 0.398)      0      0 -1374.55517     0   5.000   -1.000 lightdock_19.pdb      0 -916.370
   17      1         (26.048, 1.114, 24.090, 0.480, 0.772, 0.159, -0.385)      0      0 -1374.72572     0   5.000   -1.000  lightdock_1.pdb      0 -916.376
  122     12      (17.955, -14.350, 32.941, -0.633, 0.649, 0.089, -0.412)      0      0 -1374.59376     2   5.000   -1.000 lightdock_12.pdb      0 -916.380
  122     15      (18.334, -13.675, 32.875, -0.633, 0.649, 0.089, -0.412)      0      0 -1374.58561     1   5.000   -1.000 lightdock_15.pdb      0 -916.382
   75      7      (-22.399, 3.321, -17.047, -0.200, 0.737, -0.509, 0.398)      0      0 -1374.71507     1   5.000   -1.000  lightdock_7.pdb      0 -916.382
  122      9      (18.117, -14.088, 32.923, -0.633, 0.649, 0.089, -0.412)      0      0 -1374.58296     0   5.000   -1.000  lightdock_9.pdb      0 -916.382
  201     15     (-16.710, 13.479, -16.173, -0.476, 0.543, 0.034, -0.691)      0      0 -1374.57679     0   5.000   -1.000 lightdock_15.pdb      0 -916.385
    6      4      (-22.439, -5.508, -8.966, -0.298, 0.117, -0.643, 0.695)      0      0 -1374.58581     0   5.000   -1.000  lightdock_4.pdb      0 -916.391
  122     21      (18.140, -14.082, 32.932, -0.633, 0.649, 0.089, -0.412)      0      0 -1374.60086     3   5.000   -1.000 lightdock_21.pdb      0 -916.392
    0      2     (15.269, -16.408, 30.288, -0.274, -0.810, -0.467, 0.223)      0      0 -1374.59300     0   5.000   -1.000  lightdock_2.pdb      0 -916.395
  195     22     (-28.619, -0.174, -9.470, -0.513, -0.704, -0.403, 0.281)      0      0 -1374.44330     1   5.000   -1.000 lightdock_22.pdb      0 -916.397
  156      0       (35.704, -1.235, 1.889, -0.632, -0.515, -0.500, 0.292)      0      0 -1374.67358     0   5.000   -1.000  lightdock_0.pdb      0 -916.398
   31     11       (-0.244, 12.812, 29.738, 0.282, 0.459, -0.776, -0.329)      0      0 -1374.63870     3   5.000   -1.000 lightdock_11.pdb      0 -916.401
  154     23       (-23.377, 5.057, -13.697, -0.451, 0.482, 0.063, 0.748)      0      0 -1374.60214     0   5.000   -1.000 lightdock_23.pdb      0 -916.401
   17     18         (26.127, 0.944, 24.228, 0.480, 0.772, 0.159, -0.385)      0      0 -1374.74316     1   5.000   -1.000 lightdock_18.pdb      0 -916.412
   17     15         (26.183, 0.944, 24.170, 0.480, 0.772, 0.159, -0.385)      0      0 -1374.74620     2   5.000   -1.000 lightdock_15.pdb      0 -916.414
   71     24         (-32.599, 4.098, 11.887, 0.678, 0.033, 0.576, 0.456)      0      0 -1374.62540     0   5.000   -1.000 lightdock_24.pdb      0 -916.417
  144      3     (-32.018, -19.519, 5.413, -0.169, -0.765, 0.554, -0.281)      0      0 -1374.63900     0   5.000   -1.000  lightdock_3.pdb      0 -916.426
   14     12         (11.710, 32.911, -4.266, 0.784, 0.293, 0.086, 0.541)      0      0 -1375.20545     2   5.000   -1.000 lightdock_12.pdb      0 -916.430
   75      9      (-22.353, 3.043, -17.112, -0.200, 0.737, -0.509, 0.398)      0      0 -1374.88946     3   5.000   -1.000  lightdock_9.pdb      0 -916.444
   69      6         (16.209, 29.816, 12.026, 0.787, 0.082, 0.282, 0.543)      0      0 -1374.61869     1   5.000   -1.000  lightdock_6.pdb      0 -916.451
  118      1     (-15.705, 18.543, -19.622, -0.408, 0.714, -0.457, 0.339)      0      0 -1374.68718     0   5.000   -1.000  lightdock_1.pdb      0 -916.458
   17      2         (26.051, 1.109, 24.093, 0.480, 0.772, 0.159, -0.385)      0      0 -1374.75683     3   5.000   -1.000  lightdock_2.pdb      0 -916.458
  119     15       (15.382, 31.544, -12.694, -0.051, 0.740, 0.566, 0.359)      0      0 -1374.69257     0   5.000   -1.000 lightdock_15.pdb      0 -916.462
  153     14   (-25.667, -22.160, 22.130, -0.502, -0.431, -0.750, -0.011)      0      0 -1376.82019     1   5.000   -1.000 lightdock_14.pdb      0 -916.465
  119      6       (15.471, 31.490, -12.750, -0.051, 0.740, 0.566, 0.359)      0      0 -1374.69961     1   5.000   -1.000  lightdock_6.pdb      0 -916.467
   65      7      (20.177, 21.891, -23.761, 0.804, -0.286, 0.024, -0.521)      0      0 -1374.71632     1   5.000   -1.000  lightdock_7.pdb      0 -916.468
   65     20      (20.335, 21.590, -23.785, 0.804, -0.286, 0.024, -0.521)      0      0 -1374.71038     0   5.000   -1.000 lightdock_20.pdb      0 -916.474
  151      7      (-7.779, -7.777, 34.418, -0.154, -0.064, 0.158, -0.973)      0      0 -1374.86766     1   5.000   -1.000  lightdock_7.pdb      0 -916.487
  191     15         (4.828, -3.433, 35.551, 0.505, 0.830, 0.141, -0.190)      0      0 -1374.80919     1   5.000   -1.000 lightdock_15.pdb      0 -916.498
  121      8     (5.123, -20.626, 32.205, -0.605, -0.053, -0.279, -0.744)      0      0 -1374.75184     0   5.000   -1.000  lightdock_8.pdb      0 -916.501
    7     19     (25.997, 27.082, -11.406, -0.098, -0.003, 0.916, -0.389)      0      0 -1374.84249     1   5.000   -1.000 lightdock_19.pdb      0 -916.508
   98     15        (0.646, 12.904, -13.975, 0.682, -0.664, 0.191, 0.241)      0      0 -1374.76449     0   5.000   -1.000 lightdock_15.pdb      0 -916.510
   99      5   (-25.331, 11.864, -15.850, -0.410, -0.821, -0.206, -0.341)      0      0 -1374.77369     0   5.000   -1.000  lightdock_5.pdb      0 -916.516
  191     10         (5.153, -3.590, 35.748, 0.505, 0.830, 0.141, -0.190)      0      0 -1374.77529     0   5.000   -1.000 lightdock_10.pdb      0 -916.517
   51     16        (7.228, -27.971, 21.926, 0.079, 0.516, 0.155, -0.839)      0      0 -1374.78246     0   5.000   -1.000 lightdock_16.pdb      0 -916.522
    5     19      (29.044, 27.132, -3.223, -0.155, -0.512, 0.770, -0.347)      0      0 -1374.82249     1   5.000   -1.000 lightdock_19.pdb      0 -916.524
  151     13      (-8.093, -7.897, 34.671, -0.154, -0.064, 0.158, -0.973)      0      0 -1374.79089     0   5.000   -1.000 lightdock_13.pdb      0 -916.527
    5     16      (29.055, 27.062, -3.197, -0.155, -0.512, 0.770, -0.347)      0      0 -1374.83498     2   5.000   -1.000 lightdock_16.pdb      0 -916.529
    5     24      (28.998, 27.484, -3.427, -0.155, -0.512, 0.770, -0.347)      0      0 -1374.79815     0   5.000   -1.000 lightdock_24.pdb      0 -916.532
    7     10     (26.176, 27.403, -11.508, -0.098, -0.003, 0.916, -0.389)      0      0 -1374.82058     0   5.000   -1.000 lightdock_10.pdb      0 -916.537
   71     18         (-32.750, 4.171, 11.880, 0.678, 0.033, 0.576, 0.456)      0      0 -1374.71584     2   5.000   -1.000 lightdock_18.pdb      0 -916.538
   64     21     (-30.972, 7.222, -20.712, -0.116, -0.462, -0.804, 0.355)      0      0 -1374.86822     1   5.000   -1.000 lightdock_21.pdb      0 -916.545
  208     23       (4.777, -25.792, 10.472, -0.646, 0.006, 0.154, -0.747)      0      0 -1374.81970     0   5.000   -1.000 lightdock_23.pdb      0 -916.546
   11      7        (29.174, -10.647, 15.087, 0.858, 0.448, 0.127, 0.216)      0      0 -1374.85396     0   5.000   -1.000  lightdock_7.pdb      0 -916.569
   11      9        (29.143, -10.812, 14.887, 0.858, 0.448, 0.127, 0.216)      0      0 -1374.85847     2   5.000   -1.000  lightdock_9.pdb      0 -916.570
  191      7      (-6.064, -10.064, 35.348, 0.956, -0.073, -0.283, 0.005)      0      0 -1374.90992     1   5.000   -1.000  lightdock_7.pdb      0 -916.574
   11     17        (29.216, -10.419, 15.362, 0.858, 0.448, 0.127, 0.216)      0      0 -1374.85821     1   5.000   -1.000 lightdock_17.pdb      0 -916.574
   64     20     (-30.922, 7.008, -20.914, -0.116, -0.462, -0.804, 0.355)      0      0 -1374.86086     0   5.000   -1.000 lightdock_20.pdb      0 -916.574
  110     12       (-1.841, 9.870, 23.154, -0.578, 0.787, -0.181, -0.117)      0      0 -1375.40111     1   5.000   -1.000 lightdock_12.pdb      0 -916.582
  191     16      (-5.898, -10.308, 35.667, 0.956, -0.073, -0.283, 0.005)      0      0 -1374.88172     0   5.000   -1.000 lightdock_16.pdb      0 -916.588
   64      3     (-20.783, 11.785, -24.909, 0.111, -0.448, 0.646, -0.608)      0      0 -1374.89733     0   5.000   -1.000  lightdock_3.pdb      0 -916.598
    7      2     (26.271, 27.573, -11.562, -0.098, -0.003, 0.916, -0.389)      0      0 -1374.87215     2   5.000   -1.000  lightdock_2.pdb      0 -916.607
  192      6       (-32.028, 20.903, -15.511, 0.611, 0.717, 0.092, 0.322)      0      0 -1374.91868     0   5.000   -1.000  lightdock_6.pdb      0 -916.612
   58     11      (10.781, 7.262, -23.985, -0.274, 0.001, -0.034, -0.961)      0      0 -1374.92456     0   5.000   -1.000 lightdock_11.pdb      0 -916.616
  192     20       (-31.958, 20.782, -15.682, 0.611, 0.717, 0.092, 0.322)      0      0 -1374.93272     1   5.000   -1.000 lightdock_20.pdb      0 -916.620
   14      4      (16.105, 29.793, -1.636, -0.084, -0.501, 0.014, -0.861)      0      0 -1379.92015     0   5.000   -1.000  lightdock_4.pdb      0 -916.624
   75      1      (-22.399, 3.814, -17.018, -0.200, 0.737, -0.509, 0.398)      0      0 -1374.82321     2   5.000   -1.000  lightdock_1.pdb      0 -916.630
  123     14       (21.594, -3.814, 18.813, 0.587, -0.206, -0.086, 0.778)      0      0 -1374.71007     1   5.000   -1.000 lightdock_14.pdb      0 -916.632
  191     24        (2.933, -15.310, 38.543, 0.279, -0.426, 0.857, 0.080)      0      0 -1375.11137     0   5.000   -1.000 lightdock_24.pdb      0 -916.634
   75      2      (-22.374, 3.572, -17.058, -0.200, 0.737, -0.509, 0.398)      0      0 -1375.00583     4   5.000   -1.000  lightdock_2.pdb      0 -916.651
   97      7    (-10.261, -16.569, 23.334, -0.816, 0.334, -0.347, -0.319)      0      0 -1374.98551     0   5.000   -1.000  lightdock_7.pdb      0 -916.657
   46      0    (-29.885, 19.926, -16.142, -0.545, -0.367, -0.347, 0.669)      0      0 -1375.38205     1   5.000   -1.000  lightdock_0.pdb      0 -916.669
  191     14        (3.045, -15.506, 38.667, 0.279, -0.426, 0.857, 0.080)      0      0 -1375.13769     1   5.000   -1.000 lightdock_14.pdb      0 -916.691
  173     11     (-37.730, 11.134, -0.887, -0.524, -0.279, -0.237, 0.769)      0      0 -1375.05839     0   5.000   -1.000 lightdock_11.pdb      0 -916.706
  153     18   (-26.248, -19.696, 23.070, -0.509, -0.390, -0.761, -0.097)      0      0 -1375.06214     0   5.000   -1.000 lightdock_18.pdb      0 -916.708
   92     17         (-34.345, 8.392, 0.984, -0.082, 0.143, 0.886, 0.434)      0      0 -1374.71912     1   5.000   -1.000 lightdock_17.pdb      0 -916.721
   58     16      (10.683, 7.563, -24.366, -0.274, 0.001, -0.034, -0.961)      0      0 -1375.84068     1   5.000   -1.000 lightdock_16.pdb      0 -916.742
   74     13     (-17.703, 23.315, -13.399, -0.359, 0.438, 0.814, -0.131)      0      0 -1375.11808     0   5.000   -1.000 lightdock_13.pdb      0 -916.745
  182     11        (25.503, 9.025, 21.849, 0.288, -0.640, 0.097, -0.705)      0      0 -1375.12870     0   5.000   -1.000 lightdock_11.pdb      0 -916.752
    7     11      (29.748, 24.250, -6.562, -0.279, -0.318, 0.863, -0.277)      0      0 -1375.17589     0   5.000   -1.000 lightdock_11.pdb      0 -916.760
   99      7   (-25.019, 11.912, -15.614, -0.410, -0.821, -0.206, -0.341)      0      0 -1375.19053     1   5.000   -1.000  lightdock_7.pdb      0 -916.762
  128     17     (-8.094, 28.809, -14.565, -0.441, -0.433, -0.190, 0.763)      0      0 -1375.14362     0   5.000   -1.000 lightdock_17.pdb      0 -916.762
  139      3        (19.982, 15.829, 0.267, 0.342, 0.043, -0.118, -0.931)      0      0 -1375.16324     0   5.000   -1.000  lightdock_3.pdb      0 -916.775
    4     11        (4.788, 24.168, 6.245, -0.553, -0.420, 0.720, -0.006)      0      0 -1375.18407     0   5.000   -1.000 lightdock_11.pdb      0 -916.789
  118      6     (-15.697, 18.504, -19.631, -0.408, 0.714, -0.457, 0.339)      0      0 -1375.17006     1   5.000   -1.000  lightdock_6.pdb      0 -916.791
  191     11        (2.858, -15.180, 38.460, 0.279, -0.426, 0.857, 0.080)      0      0 -1375.22625     2   5.000   -1.000 lightdock_11.pdb      0 -916.800
  175     16      (-20.107, 32.771, 1.566, -0.690, -0.150, -0.352, 0.615)      0      0 -1375.20831     0   5.000   -1.000 lightdock_16.pdb      0 -916.806
   84      1     (21.882, -16.582, 16.350, -0.835, 0.066, -0.263, -0.479)      0      0 -1375.22245     0   5.000   -1.000  lightdock_1.pdb      0 -916.815
  216     16      (-6.344, 30.344, -18.551, 0.386, -0.734, -0.554, 0.071)      0      0 -1375.26024     1   5.000   -1.000 lightdock_16.pdb      0 -916.815
  216      4      (-6.293, 30.279, -18.937, 0.386, -0.734, -0.554, 0.071)      0      0 -1375.22842     0   5.000   -1.000  lightdock_4.pdb      0 -916.819
   28     11      (26.414, 9.879, 18.921, -0.355, -0.417, -0.231, -0.804)      0      0 -1375.24917     1   5.000   -1.000 lightdock_11.pdb      0 -916.820
  110     18       (-1.677, 9.773, 23.233, -0.578, 0.787, -0.181, -0.117)      0      0 -1375.23005     0   5.000   -1.000 lightdock_18.pdb      0 -916.820
   75     24       (-28.273, 5.239, -16.401, -0.478, 0.438, 0.002, 0.761)      0      0 -1376.39802     1   5.000   -1.000 lightdock_24.pdb      0 -916.831
   28     18     (26.537, 10.030, 18.779, -0.355, -0.417, -0.231, -0.804)      0      0 -1375.24685     0   5.000   -1.000 lightdock_18.pdb      0 -916.831
   85     13        (-25.458, 3.402, 5.589, -0.141, 0.417, -0.264, 0.859)      0      0 -1375.25391     0   5.000   -1.000 lightdock_13.pdb      0 -916.836
   85     23       (-21.531, -9.713, 4.779, 0.533, -0.666, -0.439, 0.282)      0      0 -1375.27380     0   5.000   -1.000 lightdock_23.pdb      0 -916.849
   28      2     (26.675, 10.202, 18.619, -0.355, -0.417, -0.231, -0.804)      0      0 -1375.26141     2   5.000   -1.000  lightdock_2.pdb      0 -916.853
  151     18        (-7.626, 0.301, 26.560, -0.153, 0.425, -0.705, 0.546)      0      0 -1375.32709     0   5.000   -1.000 lightdock_18.pdb      0 -916.885
   57      4      (-3.918, 27.103, -21.595, 0.170, -0.644, -0.745, 0.018)      0      0 -1375.50694     1   5.000   -1.000  lightdock_4.pdb      0 -916.896
  173     24       (-32.315, 6.854, -5.869, 0.043, 0.250, -0.389, -0.885)      0      0 -1375.34507     0   5.000   -1.000 lightdock_24.pdb      0 -916.897
   46     18    (-29.559, 19.927, -15.976, -0.545, -0.367, -0.347, 0.669)      0      0 -1375.35600     0   5.000   -1.000 lightdock_18.pdb      0 -916.904
  207     19         (28.986, 8.753, -6.555, -0.496, 0.009, 0.749, 0.439)      0      0 -1375.88853     1   5.000   -1.000 lightdock_19.pdb      0 -916.906
  180     11      (-34.401, 7.784, -14.412, -0.556, -0.093, 0.230, 0.794)      0      0 -1375.49791     1   5.000   -1.000 lightdock_11.pdb      0 -916.912
  165     12       (-4.625, -27.210, 16.692, -0.282, 0.529, 0.757, 0.259)      0      0 -1375.36891     0   5.000   -1.000 lightdock_12.pdb      0 -916.913
  182     12        (22.739, 8.846, 25.311, -0.033, 0.576, -0.817, 0.003)      0      0 -1375.39669     1   5.000   -1.000 lightdock_12.pdb      0 -916.913
   54     17     (23.957, 9.686, -21.033, -0.286, -0.496, -0.398, -0.717)      0      0 -1375.37084     0   5.000   -1.000 lightdock_17.pdb      0 -916.914
  207     17         (28.892, 8.999, -6.647, -0.496, 0.009, 0.749, 0.439)      0      0 -1375.37555     0   5.000   -1.000 lightdock_17.pdb      0 -916.917
  182     14        (22.600, 8.658, 25.624, -0.033, 0.576, -0.817, 0.003)      0      0 -1375.37602     0   5.000   -1.000 lightdock_14.pdb      0 -916.917
   42     17     (-4.335, -24.478, 34.206, -0.152, -0.579, -0.699, 0.391)      0      0 -1375.46722     1   5.000   -1.000 lightdock_17.pdb      0 -916.922
   50     19       (-28.601, 25.375, -2.359, 0.195, 0.857, 0.442, -0.180)      0      0 -1375.38311     0   5.000   -1.000 lightdock_19.pdb      0 -916.922
   57     14      (-3.812, 27.086, -21.948, 0.170, -0.644, -0.745, 0.018)      0      0 -1375.46941     0   5.000   -1.000 lightdock_14.pdb      0 -916.924
  180      2      (-34.660, 8.034, -14.692, -0.556, -0.093, 0.230, 0.794)      0      0 -1375.39433     0   5.000   -1.000  lightdock_2.pdb      0 -916.930
   42     10     (-4.326, -24.216, 34.423, -0.152, -0.579, -0.699, 0.391)      0      0 -1375.46205     0   5.000   -1.000 lightdock_10.pdb      0 -916.936
   64      6       (-32.537, 2.861, -19.178, 0.066, 0.504, 0.854, -0.112)      0      0 -1375.41416     0   5.000   -1.000  lightdock_6.pdb      0 -916.943
   42      9     (-4.315, -23.879, 34.705, -0.152, -0.579, -0.699, 0.391)      0      0 -1375.48129     2   5.000   -1.000  lightdock_9.pdb      0 -916.945
    0     24       (12.422, -8.877, 34.248, -0.237, 0.216, -0.938, 0.130)      0      0 -1375.42639     0   5.000   -1.000 lightdock_24.pdb      0 -916.951
    0     11       (12.364, -8.413, 34.161, -0.237, 0.216, -0.938, 0.130)      0      0 -1375.45612     2   5.000   -1.000 lightdock_11.pdb      0 -916.952
  168     18       (-28.328, -12.103, 8.158, -0.269, 0.123, 0.258, 0.920)      0      0 -1375.42774     0   5.000   -1.000 lightdock_18.pdb      0 -916.952
  180      9      (-30.597, 3.670, -17.726, -0.134, -0.116, 0.886, 0.429)      0      0 -1375.45015     0   5.000   -1.000  lightdock_9.pdb      0 -916.967
   42     24     (-4.322, -24.096, 34.524, -0.152, -0.579, -0.699, 0.391)      0      0 -1375.52597     3   5.000   -1.000 lightdock_24.pdb      0 -916.981
   53     22         (24.211, 26.757, 0.169, 0.391, 0.370, 0.825, -0.172)      0      0 -1375.52553     1   5.000   -1.000 lightdock_22.pdb      0 -916.981
    0      9       (12.440, -9.019, 34.274, -0.237, 0.216, -0.938, 0.130)      0      0 -1375.45183     1   5.000   -1.000  lightdock_9.pdb      0 -916.988
   53      2         (24.221, 26.740, 0.182, 0.391, 0.370, 0.825, -0.172)      0      0 -1375.50855     0   5.000   -1.000  lightdock_2.pdb      0 -916.990
  203     11       (12.383, 21.859, 5.123, -0.110, 0.500, -0.856, -0.068)      0      0 -1375.49362     0   5.000   -1.000 lightdock_11.pdb      0 -916.996
   21      5        (-19.357, 16.741, 6.993, 0.677, 0.125, -0.418, 0.593)      0      0 -1375.50583     0   5.000   -1.000  lightdock_5.pdb      0 -917.004
   74     22     (-17.703, 23.315, -13.399, -0.359, 0.438, 0.814, -0.131)      0      0 -1375.36704     1   5.000   -1.000 lightdock_22.pdb      0 -917.011
  192      1     (-17.918, 11.595, -15.672, -0.234, -0.738, 0.304, 0.555)      0      0 -1375.51990     0   5.000   -1.000  lightdock_1.pdb      0 -917.013
   27      5       (-25.193, 27.208, -8.191, 0.072, -0.465, 0.345, 0.812)      0      0 -1375.52481     0   5.000   -1.000  lightdock_5.pdb      0 -917.017
  133     16      (-19.399, 26.649, 14.681, 0.131, -0.032, -0.282, 0.950)      0      0 -1375.55118     0   5.000   -1.000 lightdock_16.pdb      0 -917.034
   53     10         (24.182, 26.807, 0.132, 0.391, 0.370, 0.825, -0.172)      0      0 -1375.55219     2   5.000   -1.000 lightdock_10.pdb      0 -917.041
   39      4      (-28.496, 12.696, -7.857, 0.792, -0.216, 0.108, -0.561)      0      0 -1375.56359     0   5.000   -1.000  lightdock_4.pdb      0 -917.042
   57      6      (-3.767, 27.077, -22.136, 0.170, -0.644, -0.745, 0.018)      0      0 -1375.56818     2   5.000   -1.000  lightdock_6.pdb      0 -917.064
   89     21         (9.882, 12.752, 25.879, -0.551, 0.208, 0.732, 0.343)      0      0 -1375.88144     2   5.000   -1.000 lightdock_21.pdb      0 -917.069
   89      6         (9.878, 12.535, 25.684, -0.551, 0.208, 0.732, 0.343)      0      0 -1375.62002     0   5.000   -1.000  lightdock_6.pdb      0 -917.080
   86      4      (12.486, 35.814, -3.540, -0.590, -0.039, 0.597, -0.542)      0      0 -1375.63600     0   5.000   -1.000  lightdock_4.pdb      0 -917.091
   15      1       (-9.599, 0.071, 33.848, -0.551, -0.260, -0.744, 0.274)      0      0 -1375.64228     0   5.000   -1.000  lightdock_1.pdb      0 -917.095
   15     15     (-4.245, -6.614, 37.691, -0.321, -0.798, -0.344, -0.377)      0      0 -1375.64631     0   5.000   -1.000 lightdock_15.pdb      0 -917.098
   33     23        (21.088, 21.437, 6.539, -0.722, 0.055, 0.647, -0.239)      0      0 -1375.64927     0   5.000   -1.000 lightdock_23.pdb      0 -917.100
   16     17       (18.639, -28.521, 19.576, 0.163, 0.491, -0.317, 0.795)      0      0 -1375.84509     3   5.000   -1.000 lightdock_17.pdb      0 -917.119
   16      2       (18.527, -28.090, 19.822, 0.163, 0.491, -0.317, 0.795)      0      0 -1375.79540     0   5.000   -1.000  lightdock_2.pdb      0 -917.123
   16     23       (18.455, -27.810, 19.982, 0.163, 0.491, -0.317, 0.795)      0      0 -1375.79689     1   5.000   -1.000 lightdock_23.pdb      0 -917.125
  214     20      (-24.462, -17.121, 21.104, 0.317, -0.093, 0.254, 0.909)      0      0 -1375.68934     0   5.000   -1.000 lightdock_20.pdb      0 -917.126
   98     14       (2.692, 21.841, -26.294, 0.418, -0.632, 0.492, -0.429)      0      0 -1375.69429     0   5.000   -1.000 lightdock_14.pdb      0 -917.130
   53     20       (14.864, 18.981, 1.776, -0.157, -0.336, -0.808, 0.458)      0      0 -1375.71397     0   5.000   -1.000 lightdock_20.pdb      0 -917.143
  135     17      (-4.433, -13.156, 23.215, -0.135, 0.039, 0.362, -0.922)      0      0 -1375.71917     0   5.000   -1.000 lightdock_17.pdb      0 -917.146
   16      1       (18.597, -28.359, 19.669, 0.163, 0.491, -0.317, 0.795)      0      0 -1375.80975     2   5.000   -1.000  lightdock_1.pdb      0 -917.147
  133      2      (-14.005, 22.834, 15.254, -0.440, 0.486, 0.000, -0.755)      0      0 -1375.75085     0   5.000   -1.000  lightdock_2.pdb      0 -917.167
   53     11       (18.382, 31.497, 2.795, -0.869, -0.411, -0.192, 0.199)      0      0 -1375.75650     0   5.000   -1.000 lightdock_11.pdb      0 -917.171
   12     15         (22.317, 5.332, -9.595, 0.405, -0.569, 0.562, 0.442)      0      0 -1375.76274     0   5.000   -1.000 lightdock_15.pdb      0 -917.175
  152     21         (29.444, 22.431, 1.727, 0.157, 0.049, -0.971, 0.174)      0      0 -1375.93496     1   5.000   -1.000 lightdock_21.pdb      0 -917.208
  187      6       (7.951, -27.725, 29.333, 0.746, -0.409, -0.484, 0.205)      0      0 -1375.82238     0   5.000   -1.000  lightdock_6.pdb      0 -917.215
  168      9      (-23.270, -0.530, 16.314, 0.267, 0.599, -0.562, -0.504)      0      0 -1375.83206     0   5.000   -1.000  lightdock_9.pdb      0 -917.221
   48     10    (21.031, 23.833, -20.447, -0.261, -0.944, -0.156, -0.125)      0      0 -1375.83308     0   5.000   -1.000 lightdock_10.pdb      0 -917.222
   23     15       (-6.035, 32.317, 14.317, -0.497, 0.538, 0.436, -0.523)      0      0 -1375.83726     0   5.000   -1.000 lightdock_15.pdb      0 -917.225
  132     22      (30.762, -3.740, 15.062, 0.306, -0.337, -0.319, -0.831)      0      0 -1375.85037     0   5.000   -1.000 lightdock_22.pdb      0 -917.234
  203     13         (18.056, 22.654, 15.634, 0.492, 0.324, 0.042, 0.807)      0      0 -1375.85186     0   5.000   -1.000 lightdock_13.pdb      0 -917.235
   86     24       (-2.134, 32.884, -3.255, 0.118, -0.701, -0.601, 0.366)      0      0 -1375.85564     0   5.000   -1.000 lightdock_24.pdb      0 -917.237
   89      9         (9.851, 12.235, 25.404, -0.551, 0.208, 0.732, 0.343)      0      0 -1375.82245     1   5.000   -1.000  lightdock_9.pdb      0 -917.237
  139      6         (24.428, 26.781, 4.836, -0.077, 0.729, 0.109, 0.671)      0      0 -1375.92626     1   5.000   -1.000  lightdock_6.pdb      0 -917.243
  167     16     (13.685, -12.185, 24.209, -0.060, 0.450, -0.093, -0.886)      0      0 -1375.86824     0   5.000   -1.000 lightdock_16.pdb      0 -917.245
  139     22         (24.640, 26.413, 5.047, -0.077, 0.729, 0.109, 0.671)      0      0 -1375.87103     0   5.000   -1.000 lightdock_22.pdb      0 -917.247
   15     11     (-4.158, -6.672, 37.803, -0.321, -0.798, -0.344, -0.377)      0      0 -1375.75742     1   5.000   -1.000 lightdock_11.pdb      0 -917.256
  150      5    (-1.938, -17.730, -19.282, -0.709, -0.686, -0.147, 0.063)      0      0 -1375.88719     0   5.000   -1.000  lightdock_5.pdb      0 -917.258
  152      2         (29.540, 22.713, 1.652, 0.157, 0.049, -0.971, 0.174)      0      0 -1375.89878     0   5.000   -1.000  lightdock_2.pdb      0 -917.266
   43     15        (0.053, -10.171, 36.768, 0.094, 0.650, 0.565, -0.499)      0      0 -1375.90038     0   5.000   -1.000 lightdock_15.pdb      0 -917.267
  200     17     (2.834, -30.310, -1.364, -0.851, -0.394, -0.230, -0.261)      0      0 -1375.91049     0   5.000   -1.000 lightdock_17.pdb      0 -917.274
  110     16       (-1.288, 9.544, 23.418, -0.578, 0.787, -0.181, -0.117)      0      0 -1375.57542     2   5.000   -1.000 lightdock_16.pdb      0 -917.300
   64     18      (-33.649, 11.154, -18.407, 0.754, 0.422, 0.353, -0.360)      0      0 -1375.96780     0   5.000   -1.000 lightdock_18.pdb      0 -917.312
   48      7    (14.529, 25.366, -20.718, -0.316, -0.647, -0.614, -0.323)      0      0 -1376.00061     1   5.000   -1.000  lightdock_7.pdb      0 -917.328
   15     18        (-4.616, 2.853, 28.803, 0.258, 0.547, -0.541, -0.584)      0      0 -1375.99376     0   5.000   -1.000 lightdock_18.pdb      0 -917.329
   48     11    (14.428, 25.744, -20.434, -0.316, -0.647, -0.614, -0.323)      0      0 -1375.99615     0   5.000   -1.000 lightdock_11.pdb      0 -917.331
  140     11      (-11.407, 26.807, -17.192, 0.444, 0.047, 0.298, -0.844)      0      0 -1376.00803     0   5.000   -1.000 lightdock_11.pdb      0 -917.339
   45     15       (26.651, 20.893, -7.664, -0.867, 0.325, -0.378, 0.006)      0      0 -1376.00843     0   5.000   -1.000 lightdock_15.pdb      0 -917.339
   48      3    (14.424, 25.761, -20.421, -0.316, -0.647, -0.614, -0.323)      0      0 -1376.00870     2   5.000   -1.000  lightdock_3.pdb      0 -917.348
   26      2       (9.316, -28.719, -2.471, -0.688, 0.094, -0.435, 0.573)      0      0 -1376.03159     0   5.000   -1.000  lightdock_2.pdb      0 -917.354
  124     15       (-10.416, 23.450, 19.884, -0.554, 0.261, 0.435, 0.660)      0      0 -1376.03543     0   5.000   -1.000 lightdock_15.pdb      0 -917.357
  210     18      (-24.497, 0.956, -24.604, -0.242, 0.462, 0.697, -0.493)      0      0 -1376.04314     0   5.000   -1.000 lightdock_18.pdb      0 -917.362
   11      2        (24.945, -16.147, 13.702, 0.816, 0.518, 0.046, 0.253)      0      0 -1376.04422     0   5.000   -1.000  lightdock_2.pdb      0 -917.363
  207     24         (28.726, 9.293, -6.835, -0.496, 0.009, 0.749, 0.439)      0      0 -1375.90374     2   5.000   -1.000 lightdock_24.pdb      0 -917.388
    5      6      (13.359, 21.527, -0.304, -0.532, -0.409, -0.338, 0.660)      0      0 -1376.08587     0   5.000   -1.000  lightdock_6.pdb      0 -917.391
   13      0    (-28.994, -19.575, 5.942, -0.117, -0.934, -0.037, -0.335)      0      0 -1376.22777     1   5.000   -1.000  lightdock_0.pdb      0 -917.397
   27     20     (-11.947, 32.087, -8.839, -0.502, 0.357, -0.469, -0.633)      0      0 -1376.20097     1   5.000   -1.000 lightdock_20.pdb      0 -917.399
   71      3        (-22.253, 0.681, 14.819, 0.175, 0.650, 0.341, -0.656)      0      0 -1376.10907     0   5.000   -1.000  lightdock_3.pdb      0 -917.406
  203      0       (12.347, 22.132, 5.016, -0.110, 0.500, -0.856, -0.068)      0      0 -1376.39111     1   5.000   -1.000  lightdock_0.pdb      0 -917.411
   27     12      (-20.307, 27.137, -15.835, -0.015, 0.377, 0.745, 0.551)      0      0 -1376.12326     0   5.000   -1.000 lightdock_12.pdb      0 -917.416
   45     21     (25.412, 14.841, -14.914, -0.083, -0.264, -0.940, 0.201)      0      0 -1376.14055     0   5.000   -1.000 lightdock_21.pdb      0 -917.427
   27     18     (-11.764, 32.349, -9.039, -0.502, 0.357, -0.469, -0.633)      0      0 -1376.15234     0   5.000   -1.000 lightdock_18.pdb      0 -917.435
  171     13       (-4.446, 10.372, -29.716, 0.111, 0.435, 0.538, -0.713)      0      0 -1374.92190     1   5.000   -1.000 lightdock_13.pdb      0 -917.437
   13      5    (-29.348, -19.554, 5.984, -0.117, -0.934, -0.037, -0.335)      0      0 -1376.16024     0   5.000   -1.000  lightdock_5.pdb      0 -917.438
   35      0     (-4.240, -36.850, -1.060, 0.069, -0.544, -0.695, -0.465)      0      0 -1376.37565     0   5.000   -1.000  lightdock_0.pdb      0 -917.471
   75     18       (-28.275, 5.154, -16.187, -0.478, 0.438, 0.002, 0.761)      0      0 -1376.21925     0   5.000   -1.000 lightdock_18.pdb      0 -917.479
   38      2     (-7.297, 38.522, -1.518, -0.217, -0.452, -0.287, -0.816)      0      0 -1376.30868     0   5.000   -1.000  lightdock_2.pdb      0 -917.480
  210      8       (-19.037, 8.003, -15.981, -0.144, 0.412, 0.895, 0.096)      0      0 -1375.11024     2   5.000   -1.000  lightdock_8.pdb      0 -917.486
  190      8      (-21.203, 24.598, 4.386, -0.271, -0.921, -0.164, 0.225)      0      0 -1376.23372     0   5.000   -1.000  lightdock_8.pdb      0 -917.489
  148      1      (28.032, -20.828, 4.396, -0.327, -0.426, -0.550, 0.639)      0      0 -1376.25444     0   5.000   -1.000  lightdock_1.pdb      0 -917.503
   82     17       (-12.810, -25.852, 8.758, -0.498, 0.813, 0.085, 0.289)      0      0 -1376.28071     0   5.000   -1.000 lightdock_17.pdb      0 -917.520
  180     20     (-32.165, 14.009, -14.038, -0.721, -0.137, 0.204, 0.648)      0      0 -1376.30242     0   5.000   -1.000 lightdock_20.pdb      0 -917.535
  201     24    (-21.536, 11.396, -27.446, -0.554, -0.554, -0.596, 0.173)      0      0 -1376.38156     3   5.000   -1.000 lightdock_24.pdb      0 -917.537
  201     13    (-21.815, 11.282, -27.346, -0.554, -0.554, -0.596, 0.173)      0      0 -1376.30930     0   5.000   -1.000 lightdock_13.pdb      0 -917.540
  190     23     (-14.368, 20.740, 18.687, -0.795, 0.589, -0.034, -0.141)      0      0 -1376.31020     0   5.000   -1.000 lightdock_23.pdb      0 -917.540
   39      8      (-28.439, 12.650, -7.920, 0.792, -0.216, 0.108, -0.561)      0      0 -1376.06081     1   5.000   -1.000  lightdock_8.pdb      0 -917.561
  201     17    (-22.062, 11.225, -27.166, -0.554, -0.554, -0.596, 0.173)      0      0 -1376.35778     1   5.000   -1.000 lightdock_17.pdb      0 -917.582
   27      9     (-11.706, 32.430, -9.102, -0.502, 0.357, -0.469, -0.633)      0      0 -1376.27264     2   5.000   -1.000  lightdock_9.pdb      0 -917.583
   53      1        (22.687, 25.805, -6.007, 0.046, 0.266, -0.961, 0.061)      0      0 -1376.37560     0   5.000   -1.000  lightdock_1.pdb      0 -917.584
   77     23       (2.621, -1.197, 32.127, -0.692, -0.054, 0.283, -0.661)      0      0 -1376.38211     0   5.000   -1.000 lightdock_23.pdb      0 -917.588
  210     11       (-22.037, 5.279, -26.198, 0.234, 0.670, -0.152, 0.688)      0      0 -1376.38351     0   5.000   -1.000 lightdock_11.pdb      0 -917.589
  201      5    (-21.663, 11.229, -27.565, -0.554, -0.554, -0.596, 0.173)      0      0 -1376.37315     2   5.000   -1.000  lightdock_5.pdb      0 -917.596
   38     12       (2.132, 33.248, -9.881, -0.002, 0.732, -0.321, -0.601)      0      0 -1376.82329     1   5.000   -1.000 lightdock_12.pdb      0 -917.600
  128     15        (0.815, 29.893, -18.102, -0.177, 0.906, 0.039, 0.382)      0      0 -1376.40025     0   5.000   -1.000 lightdock_15.pdb      0 -917.600
   38      8     (-7.250, 38.576, -1.604, -0.217, -0.452, -0.287, -0.816)      0      0 -1376.54745     2   5.000   -1.000  lightdock_8.pdb      0 -917.600
  135     14      (0.533, -29.998, 20.919, -0.675, -0.419, 0.530, -0.296)      0      0 -1376.41394     0   5.000   -1.000 lightdock_14.pdb      0 -917.609
   38      3     (-7.296, 38.524, -1.520, -0.217, -0.452, -0.287, -0.816)      0      0 -1376.42755     1   5.000   -1.000  lightdock_3.pdb      0 -917.631
  118      0     (-22.125, 20.545, -16.486, -0.077, 0.296, -0.025, 0.952)      0      0 -1375.11919     1   5.000   -1.000  lightdock_0.pdb      0 -917.636
   82      2       (-4.326, -28.901, 0.616, 0.518, -0.309, 0.726, -0.329)      0      0 -1376.86217     1   5.000   -1.000  lightdock_2.pdb      0 -917.636
   13      6    (-29.462, -19.545, 5.996, -0.117, -0.934, -0.037, -0.335)      0      0 -1376.33002     2   5.000   -1.000  lightdock_6.pdb      0 -917.637
   35      7     (-4.113, -37.003, -0.984, 0.069, -0.544, -0.695, -0.465)      0      0 -1376.49005     1   5.000   -1.000  lightdock_7.pdb      0 -917.653
   42      5       (-6.185, -19.888, 30.678, 0.660, 0.274, -0.249, 0.654)      0      0 -1376.48460     0   5.000   -1.000  lightdock_5.pdb      0 -917.656
  201      1    (-21.857, 11.147, -27.466, -0.554, -0.554, -0.596, 0.173)      0      0 -1376.41281     4   5.000   -1.000  lightdock_1.pdb      0 -917.661
  124     10       (-10.428, 23.435, 19.966, -0.554, 0.261, 0.435, 0.660)      0      0 -1376.29466     1   5.000   -1.000 lightdock_10.pdb      0 -917.669
   82     21       (-4.480, -28.883, 1.054, 0.518, -0.309, 0.726, -0.329)      0      0 -1376.50895     0   5.000   -1.000 lightdock_21.pdb      0 -917.673
   18      1       (15.646, 25.095, -13.200, 0.529, 0.435, -0.147, 0.713)      0      0 -1377.20238     2   5.000   -1.000  lightdock_1.pdb      0 -917.677
   85     22        (-25.464, 3.111, 5.288, -0.141, 0.417, -0.264, 0.859)      0      0 -1377.43038     1   5.000   -1.000 lightdock_22.pdb      0 -917.677
   69      5         (12.970, 26.838, 3.783, 0.103, 0.943, 0.256, -0.187)      0      0 -1376.52333     0   5.000   -1.000  lightdock_5.pdb      0 -917.682
   15     21        (-4.594, 2.956, 28.588, 0.258, 0.547, -0.541, -0.584)      0      0 -1376.62661     1   5.000   -1.000 lightdock_21.pdb      0 -917.685
  214     12     (-26.562, -24.508, 7.816, 0.599, -0.781, -0.153, -0.082)      0      0 -1376.53057     0   5.000   -1.000 lightdock_12.pdb      0 -917.687
   75     12      (-20.284, 4.499, -8.532, -0.674, 0.472, -0.539, -0.177)      0      0 -1376.56201     0   5.000   -1.000 lightdock_12.pdb      0 -917.708
  210      7      (-27.675, 6.001, -16.751, -0.224, 0.132, 0.956, -0.138)      0      0 -1376.59870     0   5.000   -1.000  lightdock_7.pdb      0 -917.732
  137      1        (-27.002, 15.829, 7.731, 0.250, 0.248, 0.844, -0.405)      0      0 -1376.63767     0   5.000   -1.000  lightdock_1.pdb      0 -917.758
   38     19       (2.217, 33.244, -9.920, -0.002, 0.732, -0.321, -0.601)      0      0 -1376.64223     0   5.000   -1.000 lightdock_19.pdb      0 -917.761
  146     11       (31.815, 3.445, -14.836, -0.484, -0.287, 0.817, 0.130)      0      0 -1376.64787     0   5.000   -1.000 lightdock_11.pdb      0 -917.765
   33      3         (20.745, 31.017, 9.136, 0.578, 0.711, 0.206, -0.344)      0      0 -1376.65325     0   5.000   -1.000  lightdock_3.pdb      0 -917.769
  199     18      (11.300, 14.535, 26.843, 0.813, -0.557, -0.011, -0.171)      0      0 -1376.68534     0   5.000   -1.000 lightdock_18.pdb      0 -917.790
  190     11     (-14.201, 21.130, 18.849, -0.795, 0.589, -0.034, -0.141)      0      0 -1376.78149     1   5.000   -1.000 lightdock_11.pdb      0 -917.794
  145     16         (5.339, 24.445, -23.023, 0.291, 0.187, 0.888, 0.303)      0      0 -1376.87958     2   5.000   -1.000 lightdock_16.pdb      0 -917.794
  165      1         (5.593, -22.939, 9.426, 0.024, 0.668, -0.692, 0.272)      0      0 -1376.69391     0   5.000   -1.000  lightdock_1.pdb      0 -917.796
  145     22         (5.531, 24.253, -23.146, 0.291, 0.187, 0.888, 0.303)      0      0 -1376.82472     0   5.000   -1.000 lightdock_22.pdb      0 -917.799
   46      5    (-31.041, 17.568, -18.223, -0.117, -0.468, -0.801, 0.356)      0      0 -1376.72965     0   5.000   -1.000  lightdock_5.pdb      0 -917.820
  145     17         (5.718, 24.558, -23.005, 0.291, 0.187, 0.888, 0.303)      0      0 -1376.83232     1   4.920   -1.000 lightdock_17.pdb      0 -917.826
   97     18     (-18.201, -5.047, 20.648, 0.749, -0.483, -0.255, -0.376)      0      0 -1376.74550     0   5.000   -1.000 lightdock_18.pdb      0 -917.830
  135     20      (-8.341, -25.397, 15.030, -0.632, -0.272, 0.489, 0.536)      0      0 -1376.75166     0   5.000   -1.000 lightdock_20.pdb      0 -917.834
   93      8      (11.478, -0.371, 22.458, 0.507, -0.102, -0.326, -0.791)      0      0 -1376.75204     0   5.000   -1.000  lightdock_8.pdb      0 -917.835
   72      1           (6.851, 0.936, 35.484, 0.705, 0.075, 0.421, 0.567)      0      0 -1376.75798     0   5.000   -1.000  lightdock_1.pdb      0 -917.839
  119     13         (9.559, 28.875, -2.898, 0.747, -0.586, 0.293, 0.110)      0      0 -1376.76111     0   5.000   -1.000 lightdock_13.pdb      0 -917.841
   99     17   (-26.143, 19.014, -17.314, -0.607, -0.768, -0.051, -0.199)      0      0 -1376.76446     0   5.000   -1.000 lightdock_17.pdb      0 -917.843
   18      9       (15.502, 25.138, -13.395, 0.529, 0.435, -0.147, 0.713)      0      0 -1376.77623     0   5.000   -1.000  lightdock_9.pdb      0 -917.851
  142     13     (12.819, -24.138, -4.306, -0.612, -0.685, 0.173, -0.355)      0      0 -1377.29721     1   5.000   -1.000 lightdock_13.pdb      0 -917.851
  145     23         (5.611, 24.389, -23.079, 0.291, 0.187, 0.888, 0.303)      0      0 -1376.94265     5   4.760   -1.000 lightdock_23.pdb      0 -917.854
  201      2       (-18.208, 15.416, -24.692, 0.907, 0.415, 0.048, 0.057)      0      0 -1376.78949     0   5.000   -1.000  lightdock_2.pdb      0 -917.860
  190     20      (-21.340, 24.632, 4.297, -0.271, -0.921, -0.164, 0.225)      0      0 -1376.70335     1   5.000   -1.000 lightdock_20.pdb      0 -917.860
  142     17     (12.912, -24.047, -4.671, -0.612, -0.685, 0.173, -0.355)      0      0 -1376.80093     0   5.000   -1.000 lightdock_17.pdb      0 -917.867
   54     21     (23.918, 9.750, -21.105, -0.286, -0.496, -0.398, -0.717)      0      0 -1376.38459     1   5.000   -1.000 lightdock_21.pdb      0 -917.877
   67     16      (20.724, 18.977, -15.765, -0.186, 0.292, 0.415, -0.841)      0      0 -1376.81779     0   5.000   -1.000 lightdock_16.pdb      0 -917.879
  217     22      (-17.352, 24.107, 16.003, -0.475, -0.040, 0.811, 0.340)      0      0 -1376.82365     0   5.000   -1.000 lightdock_22.pdb      0 -917.882
  145     11         (5.561, 24.343, -23.109, 0.291, 0.187, 0.888, 0.303)      0      0 -1376.92515     3   5.000   -1.000 lightdock_11.pdb      0 -917.889
  145     20         (5.561, 24.342, -23.110, 0.291, 0.187, 0.888, 0.303)      0      0 -1376.92710     4   5.000   -1.000 lightdock_20.pdb      0 -917.890
  156     16         (27.395, 3.951, 6.781, -0.571, 0.357, -0.722, 0.160)      0      0 -1376.87021     0   5.000   -1.000 lightdock_16.pdb      0 -917.913
  175     21         (-14.076, 33.524, 2.271, 0.060, 0.245, 0.323, 0.912)      0      0 -1376.88939     0   5.000   -1.000 lightdock_21.pdb      0 -917.926
   15      3       (-1.373, -6.284, 35.136, 0.847, -0.365, -0.354, 0.155)      0      0 -1376.88990     0   5.000   -1.000  lightdock_3.pdb      0 -917.927
   80      9       (-6.610, -3.296, -20.486, 0.121, 0.662, 0.727, -0.134)      0      0 -1376.89122     0   5.000   -1.000  lightdock_9.pdb      0 -917.927
  175     17         (-14.292, 33.501, 1.877, 0.060, 0.245, 0.323, 0.912)      0      0 -1376.91599     1   5.000   -1.000 lightdock_17.pdb      0 -917.928
  117     24   (-17.204, -25.925, 21.063, -0.831, -0.545, -0.086, -0.071)      0      0 -1376.89845     0   5.000   -1.000 lightdock_24.pdb      0 -917.932
  193     16        (30.173, 7.057, -16.302, -0.750, 0.252, 0.491, 0.365)      0      0 -1376.90831     0   5.000   -1.000 lightdock_16.pdb      0 -917.939
    7     21       (30.416, 23.113, -2.082, -0.357, 0.279, 0.171, -0.875)      0      0 -1376.90949     0   5.000   -1.000 lightdock_21.pdb      0 -917.940
  139     17      (15.467, 21.739, 13.176, 0.247, -0.515, -0.812, -0.120)      0      0 -1376.91549     0   5.000   -1.000 lightdock_17.pdb      0 -917.944
   86     11         (9.702, 36.547, -2.999, 0.349, 0.210, 0.179, -0.896)      0      0 -1376.92291     0   5.000   -1.000 lightdock_11.pdb      0 -917.949
   33     21      (17.789, 33.453, -0.144, -0.405, -0.556, 0.054, -0.724)      0      0 -1376.96386     0   5.000   -1.000 lightdock_21.pdb      0 -917.976
   67     24      (20.664, 18.985, -16.253, -0.186, 0.292, 0.415, -0.841)      0      0 -1377.79809     1   5.000   -1.000 lightdock_24.pdb      0 -917.982
   75      8      (-20.314, 4.490, -8.149, -0.674, 0.472, -0.539, -0.177)      0      0 -1377.01991     1   5.000   -1.000  lightdock_8.pdb      0 -917.990
  147      8         (16.013, 1.625, 15.111, 0.059, 0.348, -0.660, 0.663)      0      0 -1377.00616     0   5.000   -1.000  lightdock_8.pdb      0 -918.004
  145      0         (5.377, 23.939, -23.286, 0.291, 0.187, 0.888, 0.303)      0      0 -1376.98081     6   4.920   -1.000  lightdock_0.pdb      0 -918.013
   46      9    (-15.572, 14.801, -17.406, -0.281, -0.487, -0.563, 0.605)      0      0 -1377.03029     0   5.000   -1.000  lightdock_9.pdb      0 -918.020
   97      6     (-18.482, -5.035, 20.748, 0.749, -0.483, -0.255, -0.376)      0      0 -1377.59918     1   5.000   -1.000  lightdock_6.pdb      0 -918.023
   31      8       (-6.598, 15.651, 19.834, 0.859, -0.477, 0.186, -0.004)      0      0 -1377.06972     0   5.000   -1.000  lightdock_8.pdb      0 -918.046
   59      0      (23.863, 3.971, 24.176, -0.434, -0.288, -0.201, -0.830)      0      0 -1377.07428     0   5.000   -1.000  lightdock_0.pdb      0 -918.050
   31     22       (-6.793, 15.232, 19.970, 0.859, -0.477, 0.186, -0.004)      0      0 -1378.35118     1   5.000   -1.000 lightdock_22.pdb      0 -918.054
  120     22     (-27.596, 14.505, -3.040, -0.349, -0.037, -0.309, 0.884)      0      0 -1377.10581     0   5.000   -1.000 lightdock_22.pdb      0 -918.071
   71      1      (-28.668, 11.887, 13.852, 0.697, -0.432, 0.508, -0.265)      0      0 -1377.14437     0   5.000   -1.000  lightdock_1.pdb      0 -918.096
   71     10      (-28.842, 11.722, 13.617, 0.697, -0.432, 0.508, -0.265)      0      0 -1377.17397     1   5.000   -1.000 lightdock_10.pdb      0 -918.099
    7      3        (30.036, 19.406, -10.663, 0.090, 0.727, 0.339, 0.590)      0      0 -1377.14985     0   5.000   -1.000  lightdock_3.pdb      0 -918.100
   63      3     (-12.975, 15.017, -14.788, -0.966, -0.166, 0.015, 0.198)      0      0 -1377.16717     0   5.000   -1.000  lightdock_3.pdb      0 -918.111
   66     15       (29.977, 19.082, -13.215, 0.468, 0.143, -0.428, 0.760)      0      0 -1377.30232     1   5.000   -1.000 lightdock_15.pdb      0 -918.118
   18      8       (15.299, 25.198, -13.669, 0.529, 0.435, -0.147, 0.713)      0      0 -1377.01743     1   5.000   -1.000  lightdock_8.pdb      0 -918.138
   75     22      (-20.266, 4.505, -8.771, -0.674, 0.472, -0.539, -0.177)      0      0 -1377.63835     2   5.000   -1.000 lightdock_22.pdb      0 -918.153
  147     18      (18.748, -10.653, 15.696, 0.030, 0.219, -0.771, -0.597)      0      0 -1377.25559     0   5.000   -1.000 lightdock_18.pdb      0 -918.170
   99     21   (-27.440, 22.235, -12.402, -0.704, -0.658, -0.061, -0.260)      0      0 -1377.26460     0   5.000   -1.000 lightdock_21.pdb      0 -918.176
   66      9       (30.154, 18.844, -13.141, 0.468, 0.143, -0.428, 0.760)      0      0 -1377.27664     0   5.000   -1.000  lightdock_9.pdb      0 -918.184
   33     11       (16.586, 31.603, 10.745, -0.504, 0.000, -0.809, 0.302)      0      0 -1377.28442     0   5.000   -1.000 lightdock_11.pdb      0 -918.190
  152     17        (21.057, 15.983, 6.274, 0.223, -0.651, -0.152, 0.709)      0      0 -1377.33094     0   5.000   -1.000 lightdock_17.pdb      0 -918.221
  201     19      (-19.148, 5.325, -29.578, 0.849, 0.354, -0.040, -0.389)      0      0 -1377.34106     0   5.000   -1.000 lightdock_19.pdb      0 -918.227
  177     20         (-7.387, -32.749, 6.260, 0.316, 0.245, 0.487, 0.777)      0      0 -1377.37986     0   5.000   -1.000 lightdock_20.pdb      0 -918.253
  104      6       (1.960, -20.510, 14.913, -0.715, 0.561, 0.181, -0.377)      0      0 -1377.39801     0   5.000   -1.000  lightdock_6.pdb      0 -918.265
   37      1      (-24.047, 22.960, 5.908, 0.009, -0.996, -0.087, -0.025)      0      0 -1377.40285     0   5.000   -1.000  lightdock_1.pdb      0 -918.269
   77      3        (-0.257, 0.680, 33.902, 0.451, -0.631, -0.445, 0.448)      0      0 -1377.42651     0   5.000   -1.000  lightdock_3.pdb      0 -918.284
  157     11    (-15.644, 22.313, -12.637, -0.699, -0.587, 0.407, -0.027)      0      0 -1377.43082     0   5.000   -1.000 lightdock_11.pdb      0 -918.287
   20     21         (28.047, 9.677, 15.795, 0.096, -0.700, 0.705, 0.060)      0      0 -1377.63584     1   5.000   -1.000 lightdock_21.pdb      0 -918.322
    7     23       (24.196, 24.066, -3.900, -0.295, 0.908, 0.192, -0.229)      0      0 -1377.49019     0   5.000   -1.000 lightdock_23.pdb      0 -918.327
   45      4       (29.137, 20.377, -16.598, 0.271, 0.700, -0.533, 0.390)      0      0 -1377.52100     1   5.000   -1.000  lightdock_4.pdb      0 -918.329
   45     10       (29.460, 20.034, -16.478, 0.271, 0.700, -0.533, 0.390)      0      0 -1377.49423     0   5.000   -1.000 lightdock_10.pdb      0 -918.329
  155     22        (20.284, -27.976, 9.432, 0.810, -0.465, 0.118, 0.337)      0      0 -1377.49854     0   5.000   -1.000 lightdock_22.pdb      0 -918.332
   20     12         (28.467, 9.443, 15.755, 0.096, -0.700, 0.705, 0.060)      0      0 -1377.50621     0   5.000   -1.000 lightdock_12.pdb      0 -918.337
  195     21     (-21.875, 2.204, -6.963, -0.469, -0.386, -0.134, -0.783)      0      0 -1377.56455     0   5.000   -1.000 lightdock_21.pdb      0 -918.376
  203     18       (12.380, 26.315, 17.716, 0.353, 0.082, -0.816, -0.450)      0      0 -1377.59214     0   5.000   -1.000 lightdock_18.pdb      0 -918.395
  171     20     (-7.037, 3.815, -24.046, -0.016, -0.910, -0.129, -0.394)      0      0 -1377.59548     0   5.000   -1.000 lightdock_20.pdb      0 -918.397
  120     11     (-27.291, 14.772, -3.223, -0.349, -0.037, -0.309, 0.884)      0      0 -1377.43367     1   5.000   -1.000 lightdock_11.pdb      0 -918.404
   46     17      (-28.745, 10.535, -22.075, 0.911, 0.372, 0.170, -0.054)      0      0 -1377.61251     0   5.000   -1.000 lightdock_17.pdb      0 -918.408
   57     24       (-2.350, 32.444, -18.746, 0.263, 0.692, -0.538, 0.403)      0      0 -1377.62893     0   5.000   -1.000 lightdock_24.pdb      0 -918.419
  147     12      (18.957, -10.602, 16.058, 0.030, 0.219, -0.771, -0.597)      0      0 -1377.43695     1   5.000   -1.000 lightdock_12.pdb      0 -918.426
  135     21        (-5.932, -29.072, 24.444, 0.319, 0.240, 0.698, 0.594)      0      0 -1377.64099     0   5.000   -1.000 lightdock_21.pdb      0 -918.427
   82      6       (-4.483, -28.883, 1.063, 0.518, -0.309, 0.726, -0.329)      0      0 -1377.14797     2   5.000   -1.000  lightdock_6.pdb      0 -918.429
   60      9       (26.560, 9.662, -4.494, -0.460, 0.553, -0.622, -0.311)      0      0 -1377.64642     0   5.000   -1.000  lightdock_9.pdb      0 -918.431
  156     17         (36.272, -2.885, 6.610, 0.214, 0.619, -0.549, 0.519)      0      0 -1377.64655     0   5.000   -1.000 lightdock_17.pdb      0 -918.431
  118      3     (-25.209, 18.041, -21.016, -0.743, 0.208, -0.632, 0.074)      0      0 -1377.64805     0   5.000   -1.000  lightdock_3.pdb      0 -918.432
  170     24       (-20.954, 25.485, 1.600, 0.062, 0.120, -0.175, -0.975)      0      0 -1377.65295     0   5.000   -1.000 lightdock_24.pdb      0 -918.435
   18     21       (23.635, 29.633, -12.585, 0.502, 0.570, -0.247, 0.602)      0      0 -1377.65915     0   5.000   -1.000 lightdock_21.pdb      0 -918.439
  132     15       (26.616, -6.678, 20.839, -0.024, 0.318, -0.943, 0.093)      0      0 -1377.95327     1   5.000   -1.000 lightdock_15.pdb      0 -918.467
   69     19       (11.895, 33.255, 6.382, -0.488, -0.300, -0.589, 0.570)      0      0 -1377.70866     0   5.000   -1.000 lightdock_19.pdb      0 -918.472
  194      2      (-16.073, 30.460, 5.344, -0.310, 0.000, -0.950, -0.024)      0      0 -1377.82650     1   5.000   -1.000  lightdock_2.pdb      0 -918.477
   73      4    (-1.128, -17.637, 33.962, -0.212, -0.618, -0.736, -0.176)      0      0 -1377.71875     0   5.000   -1.000  lightdock_4.pdb      0 -918.479
  139     14      (15.492, 22.040, 13.381, 0.247, -0.515, -0.812, -0.120)      0      0 -1377.76989     1   5.000   -1.000 lightdock_14.pdb      0 -918.480
  168      0     (-28.045, -16.707, 10.557, 0.105, -0.338, -0.328, 0.876)      0      0 -1377.72501     0   5.000   -1.000  lightdock_0.pdb      0 -918.483
  177     10         (-7.526, -32.792, 6.335, 0.316, 0.245, 0.487, 0.777)      0      0 -1377.84913     1   5.000   -1.000 lightdock_10.pdb      0 -918.497
  194      9      (-16.453, 30.548, 5.252, -0.310, 0.000, -0.950, -0.024)      0      0 -1377.75904     0   5.000   -1.000  lightdock_9.pdb      0 -918.506
  129     23      (-11.269, 29.501, 13.389, -0.417, 0.310, 0.035, -0.854)      0      0 -1377.76386     0   5.000   -1.000 lightdock_23.pdb      0 -918.509
  107     19       (-29.841, 18.683, 7.396, -0.136, 0.083, -0.047, 0.986)      0      0 -1377.76426     0   5.000   -1.000 lightdock_19.pdb      0 -918.510
   40     21      (5.263, 17.243, 10.876, -0.019, -0.384, -0.095, -0.918)      0      0 -1377.78379     0   5.000   -1.000 lightdock_21.pdb      0 -918.523
   12      6      (26.338, 9.602, -17.754, -0.880, -0.142, 0.419, -0.175)      0      0 -1377.80201     0   5.000   -1.000  lightdock_6.pdb      0 -918.535
  185      7           (0.863, 3.792, 33.229, 0.253, 0.362, 0.894, 0.072)      0      0 -1378.03388     1   5.000   -1.000  lightdock_7.pdb      0 -918.536
   69     13       (11.898, 33.266, 6.359, -0.488, -0.300, -0.589, 0.570)      0      0 -1377.77102     1   5.000   -1.000 lightdock_13.pdb      0 -918.545
   69     18       (11.921, 33.337, 6.208, -0.488, -0.300, -0.589, 0.570)      0      0 -1377.78273     2   5.000   -1.000 lightdock_18.pdb      0 -918.549
  157     10    (-27.096, 13.409, -8.665, -0.912, -0.111, -0.195, -0.343)      0      0 -1377.84899     0   5.000   -1.000 lightdock_10.pdb      0 -918.566
   55     14      (-25.560, -24.224, 1.359, 0.672, 0.316, -0.392, -0.543)      0      0 -1377.86698     0   5.000   -1.000 lightdock_14.pdb      0 -918.578
  112      5     (27.910, 23.814, -12.895, -0.294, 0.628, -0.206, -0.691)      0      0 -1377.88846     0   5.000   -1.000  lightdock_5.pdb      0 -918.592
  118     10      (-18.213, 19.963, -11.407, 0.262, 0.615, 0.518, -0.533)      0      0 -1377.89163     0   5.000   -1.000 lightdock_10.pdb      0 -918.594
  207      9         (21.908, 13.328, 0.320, 0.202, 0.952, -0.149, 0.176)      0      0 -1377.89350     0   5.000   -1.000  lightdock_9.pdb      0 -918.596
  132      1       (26.724, -6.734, 21.136, -0.024, 0.318, -0.943, 0.093)      0      0 -1377.89474     0   5.000   -1.000  lightdock_1.pdb      0 -918.596
  170     15       (-21.025, 25.401, 1.513, 0.062, 0.120, -0.175, -0.975)      0      0 -1377.86633     1   5.000   -1.000 lightdock_15.pdb      0 -918.622
   48     13      (19.945, 28.534, -16.648, 0.386, 0.574, -0.581, -0.429)      0      0 -1377.93962     0   5.000   -1.000 lightdock_13.pdb      0 -918.626
  115     18         (-4.235, -30.100, 1.288, 0.409, 0.352, 0.840, 0.049)      0      0 -1377.95912     0   5.000   -1.000 lightdock_18.pdb      0 -918.639
   67     23       (16.377, 20.321, -18.866, -0.328, 0.314, 0.630, 0.630)      0      0 -1374.78752     1   5.000   -1.000 lightdock_23.pdb      0 -918.645
   22      3     (24.004, -16.338, -12.038, 0.062, -0.549, -0.398, 0.733)      0      0 -1377.98453     0   5.000   -1.000  lightdock_3.pdb      0 -918.656
  133     22       (-26.992, 21.917, 8.132, 0.184, -0.002, 0.275, -0.944)      0      0 -1378.06281     1   5.000   -1.000 lightdock_22.pdb      0 -918.663
  208      3      (12.810, -31.821, 11.062, 0.872, -0.402, -0.276, 0.052)      0      0 -1377.99554     0   5.000   -1.000  lightdock_3.pdb      0 -918.664
  185      5           (0.752, 3.931, 33.454, 0.253, 0.362, 0.894, 0.072)      0      0 -1378.00733     0   5.000   -1.000  lightdock_5.pdb      0 -918.672
  147     17      (23.808, -10.599, 21.625, 0.026, -0.656, 0.744, -0.127)      0      0 -1378.02061     0   5.000   -1.000 lightdock_17.pdb      0 -918.680
  133     20       (-26.982, 21.704, 8.494, 0.184, -0.002, 0.275, -0.944)      0      0 -1378.02075     0   5.000   -1.000 lightdock_20.pdb      0 -918.681
   64     11   (-27.366, 10.903, -18.713, -0.556, -0.692, -0.207, -0.412)      0      0 -1378.02247     0   5.000   -1.000 lightdock_11.pdb      0 -918.682
   30      5      (-22.461, -25.638, -4.203, 0.294, 0.455, -0.618, 0.570)      0      0 -1378.03783     0   5.000   -1.000  lightdock_5.pdb      0 -918.692
    2     20     (-7.737, 31.181, -0.403, -0.440, -0.839, -0.225, -0.228)      0      0 -1378.04916     0   5.000   -1.000 lightdock_20.pdb      0 -918.699
  155      2        (20.431, -28.006, 9.365, 0.810, -0.465, 0.118, 0.337)      0      0 -1377.91711     1   5.000   -1.000  lightdock_2.pdb      0 -918.709
  169      1     (-19.333, -22.892, 4.625, 0.916, -0.071, -0.395, -0.009)      0      0 -1378.06499     0   5.000   -1.000  lightdock_1.pdb      0 -918.710
  125      8      (-24.438, -21.791, 3.133, 0.560, -0.583, 0.281, -0.517)      0      0 -1378.07761     0   5.000   -1.000  lightdock_8.pdb      0 -918.718
   70      6      (15.810, -24.282, 12.238, -0.544, -0.595, 0.567, 0.168)      0      0 -1378.10270     0   5.000   -1.000  lightdock_6.pdb      0 -918.735
   33      5      (25.098, 26.160, -0.449, -0.429, -0.761, 0.100, -0.477)      0      0 -1378.10808     0   5.000   -1.000  lightdock_5.pdb      0 -918.739
  131     10      (-1.369, 15.963, -25.869, -0.134, -0.965, 0.226, 0.019)      0      0 -1378.10915     0   5.000   -1.000 lightdock_10.pdb      0 -918.739
   50     16       (-16.699, 26.558, 9.014, 0.328, -0.473, -0.301, 0.760)      0      0 -1378.12611     0   5.000   -1.000 lightdock_16.pdb      0 -918.751
  139     23      (15.475, 21.659, 13.132, 0.247, -0.515, -0.812, -0.120)      0      0 -1377.93553     2   5.000   -1.000 lightdock_23.pdb      0 -918.757
  159     22        (1.457, 33.916, 7.945, -0.024, 0.954, -0.006, -0.299)      0      0 -1378.13764     0   5.000   -1.000 lightdock_22.pdb      0 -918.758
   97     23      (-21.987, -16.668, 22.939, -0.236, 0.103, 0.073, 0.964)      0      0 -1378.30709     0   5.000   -1.000 lightdock_23.pdb      0 -918.771
   65     19     (18.172, 27.254, -19.776, -0.396, 0.847, -0.031, -0.353)      0      0 -1378.18593     0   5.000   -1.000 lightdock_19.pdb      0 -918.791
  116      1         (-32.872, 0.153, 7.207, 0.344, -0.317, 0.584, 0.663)      0      0 -1378.19649     0   5.000   -1.000  lightdock_1.pdb      0 -918.798
   31     21         (0.492, 5.785, 29.101, -0.913, 0.023, 0.247, -0.325)      0      0 -1378.19871     0   5.000   -1.000 lightdock_21.pdb      0 -918.799
   97     13     (-18.171, -5.050, 20.638, 0.749, -0.483, -0.255, -0.376)      0      0 -1377.70190     2   5.000   -1.000 lightdock_13.pdb      0 -918.801
    2      5       (-14.732, 32.076, 6.150, 0.126, -0.699, -0.405, 0.576)      0      0 -1378.45204     1   5.000   -1.000  lightdock_5.pdb      0 -918.805
   69     14         (19.365, 24.050, 7.842, 0.618, -0.286, 0.097, 0.726)      0      0 -1378.41807     1   5.000   -1.000 lightdock_14.pdb      0 -918.808
  105      2      (-4.372, -0.726, -13.292, 0.116, -0.302, 0.858, -0.398)      0      0 -1378.21508     0   5.000   -1.000  lightdock_2.pdb      0 -918.810
  121     20       (-0.333, -18.572, 19.141, -0.107, 0.425, 0.721, 0.538)      0      0 -1378.23848     0   5.000   -1.000 lightdock_20.pdb      0 -918.826
  120      8      (-33.980, 13.547, -9.354, -0.714, -0.437, 0.040, 0.545)      0      0 -1378.24957     0   5.000   -1.000  lightdock_8.pdb      0 -918.833
  125     23       (-12.384, -31.323, 5.358, 0.405, 0.397, -0.817, 0.104)      0      0 -1378.26023     0   5.000   -1.000 lightdock_23.pdb      0 -918.840
   44      9       (20.756, 3.629, 12.265, -0.622, 0.216, -0.668, -0.345)      0      0 -1378.28603     0   5.000   -1.000  lightdock_9.pdb      0 -918.857
  184     16      (-8.581, -30.552, 18.928, 0.037, 0.514, -0.202, -0.833)      0      0 -1378.28793     0   5.000   -1.000 lightdock_16.pdb      0 -918.859
  117     11   (-17.135, -26.011, 21.282, -0.831, -0.545, -0.086, -0.071)      0      0 -1377.47897     1   5.000   -1.000 lightdock_11.pdb      0 -918.859
  100      4       (16.816, 23.381, 15.775, 0.572, 0.586, -0.420, -0.392)      0      0 -1378.29491     0   5.000   -1.000  lightdock_4.pdb      0 -918.863
  190     14      (-14.298, 25.289, 16.069, 0.325, -0.872, 0.152, -0.333)      0      0 -1378.30644     0   5.000   -1.000 lightdock_14.pdb      0 -918.871
   46      7   (-19.762, 14.081, -23.526, -0.711, -0.306, -0.155, -0.615)      0      0 -1379.00687     1   5.000   -1.000  lightdock_7.pdb      0 -918.874
   69      4         (19.089, 24.272, 8.018, 0.618, -0.286, 0.097, 0.726)      0      0 -1378.31485     0   5.000   -1.000  lightdock_4.pdb      0 -918.877
   18      5     (14.827, 30.552, -10.415, -0.559, 0.332, -0.259, -0.714)      0      0 -1378.31703     0   5.000   -1.000  lightdock_5.pdb      0 -918.878
  112      4     (24.406, 25.243, -17.781, 0.627, -0.146, -0.273, -0.714)      0      0 -1378.31861     0   5.000   -1.000  lightdock_4.pdb      0 -918.879
   97     20      (-22.430, -16.640, 23.013, -0.236, 0.103, 0.073, 0.964)      0      0 -1378.52095     3   5.000   -1.000 lightdock_20.pdb      0 -918.890
  130     14      (31.583, -1.552, 13.864, 0.277, -0.489, -0.265, -0.784)      0      0 -1378.57839     1   5.000   -1.000 lightdock_14.pdb      0 -918.895
  115     23         (-4.020, -30.091, 0.904, 0.409, 0.352, 0.840, 0.049)      0      0 -1379.01963     1   5.000   -1.000 lightdock_23.pdb      0 -918.898
   65      3     (18.386, 27.356, -20.017, -0.395, 0.847, -0.030, -0.356)      0      0 -1379.25618     2   5.000   -1.000  lightdock_3.pdb      0 -918.899
   97     16      (-22.375, -16.674, 23.031, -0.236, 0.103, 0.073, 0.964)      0      0 -1378.39126     1   5.000   -1.000 lightdock_16.pdb      0 -918.900
  113     13     (-4.314, -2.539, 30.872, -0.018, -0.320, -0.089, -0.943)      0      0 -1378.35640     0   5.000   -1.000 lightdock_13.pdb      0 -918.904
  151      3       (-8.638, -12.120, 25.906, 0.015, 0.823, 0.562, -0.080)      0      0 -1378.37437     0   5.000   -1.000  lightdock_3.pdb      0 -918.916
    2     14       (-14.697, 32.334, 5.954, 0.126, -0.699, -0.405, 0.576)      0      0 -1378.44154     0   5.000   -1.000 lightdock_14.pdb      0 -918.935
   97      8      (-22.055, -16.664, 22.950, -0.236, 0.103, 0.073, 0.964)      0      0 -1378.44729     2   5.000   -1.000  lightdock_8.pdb      0 -918.938
  168     19       (-28.353, -9.328, 16.683, 0.257, -0.188, 0.314, 0.894)      0      0 -1378.40685     0   5.000   -1.000 lightdock_19.pdb      0 -918.938
  190      0      (-12.653, 24.790, 17.239, 0.485, -0.220, 0.840, -0.103)      0      0 -1378.43332     0   5.000   -1.000  lightdock_0.pdb      0 -918.956
  194      7       (-12.774, 18.100, 12.744, -0.018, 0.134, 0.658, 0.741)      0      0 -1378.44452     0   5.000   -1.000  lightdock_7.pdb      0 -918.963
  153     22    (-25.534, -22.736, 21.919, -0.453, -0.527, -0.676, 0.245)      0      0 -1379.17632     2   5.000   -1.000 lightdock_22.pdb      0 -918.963
   18      0     (14.684, 30.639, -10.154, -0.559, 0.332, -0.259, -0.714)      0      0 -1378.40447     1   5.000   -1.000  lightdock_0.pdb      0 -918.968
  154      9     (-22.524, 1.407, -22.143, 0.330, -0.350, -0.531, -0.697)      0      0 -1378.59047     1   5.000   -1.000  lightdock_9.pdb      0 -918.980
  195     16         (-34.274, 3.656, 1.830, -0.355, 0.742, 0.422, 0.380)      0      0 -1378.47740     0   5.000   -1.000 lightdock_16.pdb      0 -918.985
   38     14      (2.484, 33.232, -10.044, -0.002, 0.732, -0.321, -0.601)      0      0 -1377.71957     2   5.000   -1.000 lightdock_14.pdb      0 -918.989
  154     10     (-22.520, 1.517, -22.325, 0.330, -0.350, -0.531, -0.697)      0      0 -1378.49445     0   5.000   -1.000 lightdock_10.pdb      0 -918.996
   17      7        (20.902, 7.363, 29.077, 0.529, -0.042, 0.787, -0.317)      0      0 -1379.43138     0   5.000   -1.000  lightdock_7.pdb      0 -919.004
  130     19      (31.696, -1.873, 14.076, 0.277, -0.489, -0.265, -0.784)      0      0 -1378.51468     0   5.000   -1.000 lightdock_19.pdb      0 -919.010
  102      9       (12.732, -28.744, -1.057, 0.483, 0.231, 0.833, -0.138)      0      0 -1378.52257     0   5.000   -1.000  lightdock_9.pdb      0 -919.015
   39     11      (-25.260, 20.535, -1.679, 0.484, -0.518, 0.068, -0.701)      0      0 -1378.54821     0   5.000   -1.000 lightdock_11.pdb      0 -919.032
  120     16        (-30.237, 9.306, 1.390, 0.542, -0.388, 0.712, -0.222)      0      0 -1378.55784     0   5.000   -1.000 lightdock_16.pdb      0 -919.039
   72     10       (-0.525, 1.326, 32.885, -0.332, -0.432, -0.666, 0.509)      0      0 -1378.57109     0   5.000   -1.000 lightdock_10.pdb      0 -919.047
   10     17        (13.576, 33.173, 10.423, 0.423, 0.581, -0.052, 0.693)      0      0 -1378.58154     0   5.000   -1.000 lightdock_17.pdb      0 -919.054
  209     18        (30.810, -5.825, 10.755, 0.283, -0.522, 0.668, 0.449)      0      0 -1378.58250     0   5.000   -1.000 lightdock_18.pdb      0 -919.055
   90     20     (-12.766, -12.670, -19.480, -0.252, 0.223, 0.160, 0.928)      0      0 -1378.59250     0   5.000   -1.000 lightdock_20.pdb      0 -919.062
   33     17      (21.672, 27.143, -3.176, 0.368, -0.928, -0.043, -0.030)      0      0 -1378.59644     0   5.000   -1.000 lightdock_17.pdb      0 -919.064
  194      6       (-18.054, 27.636, 9.176, 0.609, -0.304, 0.715, -0.160)      0      0 -1378.60590     0   5.000   -1.000  lightdock_6.pdb      0 -919.071
  107     12     (-29.012, 22.539, -1.196, -0.057, -0.327, -0.408, 0.850)      0      0 -1378.60752     0   5.000   -1.000 lightdock_12.pdb      0 -919.072
  164     12     (-15.104, -19.332, -14.284, 0.545, -0.111, 0.538, 0.634)      0      0 -1378.61702     0   5.000   -1.000 lightdock_12.pdb      0 -919.078
   29     10        (6.114, -19.938, -19.072, 0.773, 0.594, 0.056, 0.218)      0      0 -1378.62876     0   5.000   -1.000 lightdock_10.pdb      0 -919.086
   84     24     (21.761, -16.554, 16.446, -0.835, 0.066, -0.263, -0.479)      0      0 -1377.44955     1   5.000   -1.000 lightdock_24.pdb      0 -919.089
  123     21       (18.526, -4.554, 24.585, 0.578, 0.330, -0.336, -0.666)      0      0 -1378.63548     0   5.000   -1.000 lightdock_21.pdb      0 -919.090
   16     24        (9.594, -25.750, 22.107, -0.420, 0.613, 0.656, 0.135)      0      0 -1378.64821     0   5.000   -1.000 lightdock_24.pdb      0 -919.099
  217      3       (-12.802, 24.085, 19.457, 0.525, 0.495, 0.568, -0.396)      0      0 -1378.66072     0   5.000   -1.000  lightdock_3.pdb      0 -919.107
  209     23        (31.014, -5.590, 10.385, 0.283, -0.522, 0.668, 0.449)      0      0 -1378.64773     2   5.000   -1.000 lightdock_23.pdb      0 -919.109
   41     17          (32.666, 0.125, 6.633, -0.292, 0.075, 0.946, 0.120)      0      0 -1378.67416     0   5.000   -1.000 lightdock_17.pdb      0 -919.116
  209     17        (30.831, -5.800, 10.716, 0.283, -0.522, 0.668, 0.449)      0      0 -1378.63749     1   5.000   -1.000 lightdock_17.pdb      0 -919.118
   46      6   (-19.979, 14.050, -23.398, -0.711, -0.306, -0.155, -0.615)      0      0 -1378.68575     0   5.000   -1.000  lightdock_6.pdb      0 -919.124
  153     17    (-19.181, -21.191, 24.524, -0.269, -0.369, -0.009, 0.890)      0      0 -1378.68844     0   5.000   -1.000 lightdock_17.pdb      0 -919.125
  153     21    (-19.046, -21.494, 24.357, -0.269, -0.369, -0.009, 0.890)      0      0 -1378.75477     2   5.000   -1.000 lightdock_21.pdb      0 -919.136
  217      9       (-12.733, 24.133, 19.463, 0.525, 0.495, 0.568, -0.396)      0      0 -1378.68256     1   5.000   -1.000  lightdock_9.pdb      0 -919.136
  153      7     (-20.255, -24.928, 15.481, -0.716, -0.255, 0.119, 0.639)      0      0 -1378.70423     0   5.000   -1.000  lightdock_7.pdb      0 -919.136
  169     19     (-19.291, -22.747, 4.482, 0.916, -0.071, -0.395, -0.009)      0      0 -1378.47980     1   5.000   -1.000 lightdock_19.pdb      0 -919.136
  157     20       (-22.557, 25.278, 0.486, 0.530, -0.407, 0.743, -0.031)      0      0 -1378.70553     0   5.000   -1.000 lightdock_20.pdb      0 -919.137
   77     12       (-4.498, -3.578, 25.524, 0.346, -0.928, 0.101, -0.096)      0      0 -1378.71912     0   5.000   -1.000 lightdock_12.pdb      0 -919.146
    2     16       (-14.677, 32.485, 5.838, 0.126, -0.699, -0.405, 0.576)      0      0 -1378.62359     2   5.000   -1.000 lightdock_16.pdb      0 -919.153
  156     22         (27.364, 3.998, 6.815, -0.571, 0.357, -0.722, 0.160)      0      0 -1378.03229     1   5.000   -1.000 lightdock_22.pdb      0 -919.161
  135     24      (3.617, -25.752, 25.866, -0.562, -0.271, 0.753, -0.209)      0      0 -1378.93118     1   5.000   -1.000 lightdock_24.pdb      0 -919.163
    4      6       (8.527, 30.294, 8.299, -0.336, -0.377, -0.293, -0.812)      0      0 -1378.74672     0   5.000   -1.000  lightdock_6.pdb      0 -919.164
   39     23      (-36.542, 13.690, -2.327, 0.592, -0.057, 0.346, -0.726)      0      0 -1378.75183     0   5.000   -1.000 lightdock_23.pdb      0 -919.168
   20     14        (18.464, 1.048, 16.694, -0.752, 0.577, -0.295, 0.117)      0      0 -1378.76274     0   5.000   -1.000 lightdock_14.pdb      0 -919.170
    0     17        (9.585, -3.510, 32.473, 0.147, -0.623, -0.337, 0.690)      0      0 -1378.75561     0   5.000   -1.000 lightdock_17.pdb      0 -919.170
  180     22        (-37.670, 8.958, -7.004, 0.310, 0.876, 0.185, -0.321)      0      0 -1378.75649     0   5.000   -1.000 lightdock_22.pdb      0 -919.171
  116     14      (-29.793, 12.008, -4.251, -0.058, -0.226, 0.426, 0.874)      0      0 -1378.77519     0   5.000   -1.000 lightdock_14.pdb      0 -919.183
  153      6    (-19.278, -20.963, 24.690, -0.269, -0.369, -0.009, 0.890)      0      0 -1378.75440     1   5.000   -1.000  lightdock_6.pdb      0 -919.188
  135      0      (3.276, -25.593, 25.709, -0.562, -0.271, 0.753, -0.209)      0      0 -1378.78763     0   5.000   -1.000  lightdock_0.pdb      0 -919.192
   79      9      (-25.852, -2.438, -10.821, -0.239, 0.547, 0.775, 0.208)      0      0 -1378.79929     0   5.000   -1.000  lightdock_9.pdb      0 -919.200
   30      2        (-16.746, -27.775, 1.360, 0.445, 0.052, 0.792, 0.415)      0      0 -1378.81180     0   5.000   -1.000  lightdock_2.pdb      0 -919.208
  153      4    (-19.215, -21.086, 24.467, -0.269, -0.369, -0.009, 0.890)      0      0 -1378.81105     4   5.000   -1.000  lightdock_4.pdb      0 -919.208
  146      2        (20.627, 9.509, -4.543, -0.931, -0.185, 0.076, 0.306)      0      0 -1378.81258     0   5.000   -1.000  lightdock_2.pdb      0 -919.208
  121      0       (3.496, -17.037, 32.639, -0.380, 0.797, 0.253, -0.395)      0      0 -1378.83327     0   5.000   -1.000  lightdock_0.pdb      0 -919.222
   57      2        (3.446, 32.049, -6.873, 0.068, 0.942, -0.097, -0.315)      0      0 -1378.99224     1   5.000   -1.000  lightdock_2.pdb      0 -919.227
   92      7       (-30.714, 15.593, 9.484, 0.546, -0.500, 0.612, -0.279)      0      0 -1378.84630     0   5.000   -1.000  lightdock_7.pdb      0 -919.231
   57     21        (3.471, 32.000, -6.843, 0.068, 0.942, -0.097, -0.315)      0      0 -1378.87291     0   5.000   -1.000 lightdock_21.pdb      0 -919.249
  121     21       (3.342, -16.839, 32.798, -0.380, 0.797, 0.253, -0.395)      0      0 -1378.85079     1   5.000   -1.000 lightdock_21.pdb      0 -919.249
   29     24        (1.607, -21.593, -7.664, 0.241, 0.560, 0.767, -0.202)      0      0 -1378.87470     0   5.000   -1.000 lightdock_24.pdb      0 -919.250
  153      3    (-19.189, -21.170, 24.540, -0.269, -0.369, -0.009, 0.890)      0      0 -1378.80711     3   5.000   -1.000  lightdock_3.pdb      0 -919.258
   66     12     (27.854, 16.083, -16.506, -0.568, -0.491, 0.002, -0.661)      0      0 -1378.89220     0   5.000   -1.000 lightdock_12.pdb      0 -919.261
  215      5         (16.435, 26.138, 8.643, 0.304, 0.378, 0.857, -0.173)      0      0 -1378.89648     0   5.000   -1.000  lightdock_5.pdb      0 -919.264
   99     22    (-19.055, 17.427, -19.397, 0.131, -0.120, -0.653, -0.736)      0      0 -1378.90174     0   5.000   -1.000 lightdock_22.pdb      0 -919.268
   65     18      (14.420, 25.459, -15.520, -0.262, 0.742, 0.065, -0.614)      0      0 -1378.92245     0   5.000   -1.000 lightdock_18.pdb      0 -919.282
   73      7    (-6.398, -17.377, 27.054, -0.485, -0.135, -0.799, -0.327)      0      0 -1378.95334     0   5.000   -1.000  lightdock_7.pdb      0 -919.302
   80     15        (3.960, -4.533, -19.392, 0.008, -0.426, 0.703, 0.569)      0      0 -1378.95421     0   5.000   -1.000 lightdock_15.pdb      0 -919.303
  135      9      (3.520, -25.705, 25.821, -0.562, -0.271, 0.753, -0.209)      0      0 -1379.02681     3   5.000   -1.000  lightdock_9.pdb      0 -919.305
   69     23         (16.141, 30.919, 8.348, 0.010, 0.965, -0.248, 0.087)      0      0 -1378.98627     0   5.000   -1.000 lightdock_23.pdb      0 -919.324
   31     14       (-6.523, 15.817, 19.770, 0.859, -0.477, 0.186, -0.004)      0      0 -1378.68363     2   5.000   -1.000 lightdock_14.pdb      0 -919.348
   47     17      (6.630, -20.764, 12.909, 0.817, -0.213, -0.443, -0.303)      0      0 -1379.04721     0   5.000   -1.000 lightdock_17.pdb      0 -919.365
  131     11        (5.261, 13.349, -13.205, 0.246, 0.031, -0.552, 0.796)      0      0 -1379.08944     0   5.000   -1.000 lightdock_11.pdb      0 -919.393
  108     16       (1.290, -28.493, -10.443, -0.111, 0.641, 0.277, 0.707)      0      0 -1379.10029     0   5.000   -1.000 lightdock_16.pdb      0 -919.393
  135     11      (3.170, -25.544, 25.660, -0.562, -0.271, 0.753, -0.209)      0      0 -1379.01078     2   5.000   -1.000 lightdock_11.pdb      0 -919.402
   30     15        (-16.751, -27.775, 1.358, 0.445, 0.052, 0.792, 0.415)      0      0 -1378.99325     1   5.000   -1.000 lightdock_15.pdb      0 -919.409
  130      7       (32.021, -3.742, 3.220, 0.608, -0.298, -0.615, -0.404)      0      0 -1379.11628     0   5.000   -1.000  lightdock_7.pdb      0 -919.411
  153      8     (-20.247, -24.941, 15.481, -0.716, -0.255, 0.119, 0.639)      0      0 -1378.97388     1   5.000   -1.000  lightdock_8.pdb      0 -919.435
   75     23    (-28.010, -2.918, -11.124, -0.881, 0.396, -0.236, -0.104)      0      0 -1379.17005     0   5.000   -1.000 lightdock_23.pdb      0 -919.447
  134     18     (-18.972, 12.649, -16.807, 0.228, -0.543, -0.721, 0.364)      0      0 -1379.18726     0   5.000   -1.000 lightdock_18.pdb      0 -919.458
  195     17         (-34.311, 3.710, 1.816, -0.355, 0.742, 0.422, 0.380)      0      0 -1378.88535     1   5.000   -1.000 lightdock_17.pdb      0 -919.459
  167     10         (10.367, 5.087, 29.676, 0.252, -0.750, 0.433, 0.432)      0      0 -1379.61848     1   5.000   -1.000 lightdock_10.pdb      0 -919.462
   58      2       (0.380, 3.012, -33.511, -0.614, -0.233, 0.356, -0.665)      0      0 -1379.22812     0   5.000   -1.000  lightdock_2.pdb      0 -919.466
   45      3       (24.702, 17.589, -22.030, 0.740, 0.210, -0.639, 0.006)      0      0 -1379.22368     0   5.000   -1.000  lightdock_3.pdb      0 -919.482
  173      2       (-29.125, 19.591, -2.898, 0.762, 0.282, -0.022, 0.582)      0      0 -1379.23177     0   5.000   -1.000  lightdock_2.pdb      0 -919.488
  219     22        (-27.386, 5.203, 16.227, 0.696, -0.354, 0.610, 0.132)      0      0 -1379.23828     0   5.000   -1.000 lightdock_22.pdb      0 -919.492
  120     19        (-30.232, 9.394, 1.303, 0.542, -0.388, 0.712, -0.222)      0      0 -1379.31433     2   5.000   -1.000 lightdock_19.pdb      0 -919.496
   99      1    (-19.240, 17.437, -19.237, 0.131, -0.120, -0.653, -0.736)      0      0 -1379.32712     1   5.000   -1.000  lightdock_1.pdb      0 -919.508
   92     18       (-30.779, 15.727, 9.429, 0.546, -0.500, 0.612, -0.279)      0      0 -1379.04030     1   5.000   -1.000 lightdock_18.pdb      0 -919.509
   98      3       (2.842, 19.448, -28.763, -0.018, -0.689, 0.263, 0.675)      0      0 -1379.31657     1   5.000   -1.000  lightdock_3.pdb      0 -919.516
   98      0       (3.034, 19.805, -28.618, -0.018, -0.689, 0.263, 0.675)      0      0 -1379.30496     0   5.000   -1.000  lightdock_0.pdb      0 -919.537
    3      2      (26.067, -16.764, -7.695, 0.198, -0.502, -0.434, 0.721)      0      0 -1379.31224     0   5.000   -1.000  lightdock_2.pdb      0 -919.541
  110      6         (3.686, 6.830, 21.739, 0.731, -0.409, -0.503, 0.212)      0      0 -1379.68869     1   5.000   -1.000  lightdock_6.pdb      0 -919.549
   17     10        (20.871, 7.298, 29.054, 0.529, -0.042, 0.787, -0.317)      0      0 -1379.60256     1   5.000   -1.000 lightdock_10.pdb      0 -919.555
  102     24       (12.732, -28.733, -1.066, 0.483, 0.231, 0.833, -0.138)      0      0 -1378.98872     1   5.000   -1.000 lightdock_24.pdb      0 -919.562
  130     11        (34.791, -6.310, 4.134, -0.159, 0.181, 0.373, -0.896)      0      0 -1379.34435     0   5.000   -1.000 lightdock_11.pdb      0 -919.563
  108     15       (1.640, -28.585, -10.475, -0.111, 0.641, 0.277, 0.707)      0      0 -1379.35232     1   5.000   -1.000 lightdock_15.pdb      0 -919.578
   50      0       (-23.944, 25.357, 0.079, -0.259, 0.510, 0.735, -0.364)      0      0 -1379.37317     0   5.000   -1.000  lightdock_0.pdb      0 -919.582
   49     18      (24.373, -13.279, -3.344, -0.416, 0.157, -0.482, 0.755)      0      0 -1379.37826     0   5.000   -1.000 lightdock_18.pdb      0 -919.586
   50     22       (-21.262, 26.056, -7.539, 0.292, 0.446, -0.825, 0.187)      0      0 -1379.38082     0   5.000   -1.000 lightdock_22.pdb      0 -919.587
  151     17       (-11.747, -7.255, 32.375, -0.794, 0.080, 0.133, 0.588)      0      0 -1379.38405     0   5.000   -1.000 lightdock_17.pdb      0 -919.589
   99     24    (-19.010, 17.424, -19.436, 0.131, -0.120, -0.653, -0.736)      0      0 -1379.39222     2   5.000   -1.000 lightdock_24.pdb      0 -919.590
   50      7       (-22.781, 24.230, 7.916, 0.298, -0.849, -0.277, 0.338)      0      0 -1379.91007     1   5.000   -1.000  lightdock_7.pdb      0 -919.605
   66     22    (14.986, 14.106, -14.829, -0.647, -0.490, -0.568, -0.137)      0      0 -1379.41035     0   5.000   -1.000 lightdock_22.pdb      0 -919.607
   89     11     (20.224, 14.445, 16.639, -0.599, -0.263, -0.171, -0.736)      0      0 -1379.42472     0   5.000   -1.000 lightdock_11.pdb      0 -919.616
  177     21     (-11.349, -29.105, 18.916, -0.130, 0.729, 0.014, -0.672)      0      0 -1379.43310     0   5.000   -1.000 lightdock_21.pdb      0 -919.622
   82     14      (-13.514, -30.224, 3.665, 0.285, -0.348, -0.888, 0.093)      0      0 -1379.43617     0   5.000   -1.000 lightdock_14.pdb      0 -919.624
  207     16       (23.212, 2.171, -2.641, 0.880, -0.168, -0.402, -0.188)      0      0 -1379.43939     0   5.000   -1.000 lightdock_16.pdb      0 -919.626
  120      7        (-30.246, 9.129, 1.566, 0.542, -0.388, 0.712, -0.222)      0      0 -1379.13974     1   5.000   -1.000  lightdock_7.pdb      0 -919.628
  112      0      (26.347, 25.150, -4.759, -0.753, 0.303, -0.085, -0.578)      0      0 -1379.46433     0   5.000   -1.000  lightdock_0.pdb      0 -919.643
  142     14     (12.728, -30.685, -3.103, -0.208, -0.794, 0.351, -0.452)      0      0 -1379.50322     0   5.000   -1.000 lightdock_14.pdb      0 -919.669
   60      6         (33.106, 2.284, -6.561, 0.640, -0.440, 0.287, 0.560)      0      0 -1379.81012     1   5.000   -1.000  lightdock_6.pdb      0 -919.679
  110     17         (3.539, 6.767, 21.635, 0.731, -0.409, -0.503, 0.212)      0      0 -1379.52461     0   5.000   -1.000 lightdock_17.pdb      0 -919.683
   58     23       (0.362, 3.205, -33.698, -0.614, -0.233, 0.356, -0.665)      0      0 -1379.39648     1   5.000   -1.000 lightdock_23.pdb      0 -919.700
   85     19       (-29.595, 2.836, -1.206, 0.189, -0.086, 0.873, -0.442)      0      0 -1379.55084     0   5.000   -1.000 lightdock_19.pdb      0 -919.701
  182     15       (21.897, 11.429, 15.949, 0.606, 0.134, -0.611, -0.492)      0      0 -1379.55584     0   5.000   -1.000 lightdock_15.pdb      0 -919.704
   92     12       (-34.351, 10.852, 7.440, -0.675, 0.158, -0.608, 0.387)      0      0 -1379.55707     0   5.000   -1.000 lightdock_12.pdb      0 -919.705
   82      5      (-13.273, -30.254, 3.796, 0.285, -0.348, -0.888, 0.093)      0      0 -1379.85917     1   5.000   -1.000  lightdock_5.pdb      0 -919.710
  156      3       (32.279, -7.798, 8.526, -0.644, -0.389, 0.534, -0.385)      0      0 -1379.56469     0   5.000   -1.000  lightdock_3.pdb      0 -919.710
  182      4       (22.202, 11.397, 15.665, 0.606, 0.134, -0.611, -0.492)      0      0 -1379.62336     1   5.000   -1.000  lightdock_4.pdb      0 -919.712
  115      7         (-4.268, -30.099, 1.344, 0.409, 0.352, 0.840, 0.049)      0      0 -1379.13428     2   5.000   -1.000  lightdock_7.pdb      0 -919.720
  167      6         (10.447, 5.265, 29.921, 0.252, -0.750, 0.433, 0.432)      0      0 -1379.60377     0   5.000   -1.000  lightdock_6.pdb      0 -919.736
   50     15       (-22.684, 24.156, 7.920, 0.298, -0.849, -0.277, 0.338)      0      0 -1379.61439     0   5.000   -1.000 lightdock_15.pdb      0 -919.743
   82      7       (-12.741, -25.795, 8.851, -0.498, 0.813, 0.085, 0.289)      0      0 -1378.49691     1   5.000   -1.000  lightdock_7.pdb      0 -919.746
   13     22     (-25.585, -11.657, -1.013, 0.283, -0.265, 0.918, -0.084)      0      0 -1379.64682     0   5.000   -1.000 lightdock_22.pdb      0 -919.765
   97      1     (-15.552, -12.977, 13.248, 0.056, 0.128, -0.974, -0.180)      0      0 -1379.67113     0   5.000   -1.000  lightdock_1.pdb      0 -919.781
  165      8     (-7.087, -20.866, 9.313, -0.094, -0.634, -0.766, -0.049)      0      0 -1379.68404     0   5.000   -1.000  lightdock_8.pdb      0 -919.789
  151     20      (-11.060, -11.395, 32.844, 0.307, 0.026, 0.694, -0.650)      0      0 -1379.68675     0   5.000   -1.000 lightdock_20.pdb      0 -919.791
   60     14         (33.371, 1.996, -6.621, 0.640, -0.440, 0.287, 0.560)      0      0 -1379.69801     0   5.000   -1.000 lightdock_14.pdb      0 -919.799
  118      9     (-19.714, 12.549, -20.756, -0.093, -0.049, 0.942, 0.319)      0      0 -1379.70359     0   5.000   -1.000  lightdock_9.pdb      0 -919.802
   47      2     (12.822, -30.083, 14.520, -0.312, 0.461, -0.114, -0.823)      0      0 -1379.71225     0   5.000   -1.000  lightdock_2.pdb      0 -919.808
  152     20        (20.981, 16.027, 6.185, 0.223, -0.651, -0.152, 0.709)      0      0 -1378.68637     1   5.000   -1.000 lightdock_20.pdb      0 -919.809
  137     22       (-31.454, 15.177, 4.662, -0.104, 0.685, 0.664, -0.282)      0      0 -1379.72912     0   5.000   -1.000 lightdock_22.pdb      0 -919.819
  112     15      (26.317, 25.266, -4.752, -0.753, 0.303, -0.085, -0.578)      0      0 -1379.58450     1   5.000   -1.000 lightdock_15.pdb      0 -919.830
   47      0      (8.340, -30.267, 19.535, -0.521, 0.235, -0.727, -0.381)      0      0 -1379.75055     0   5.000   -1.000  lightdock_0.pdb      0 -919.834
   20      1        (18.240, 0.887, 16.576, -0.752, 0.577, -0.295, 0.117)      0      0 -1380.41453     2   5.000   -1.000  lightdock_1.pdb      0 -919.839
  142      7     (12.611, -30.850, -3.132, -0.208, -0.794, 0.351, -0.452)      0      0 -1379.63559     1   5.000   -1.000  lightdock_7.pdb      0 -919.842
   46     19   (-20.071, 14.036, -23.344, -0.711, -0.306, -0.155, -0.615)      0      0 -1379.46823     2   5.000   -1.000 lightdock_19.pdb      0 -919.853
  173      7        (-26.384, 15.160, 3.952, 0.668, -0.172, 0.489, 0.534)      0      0 -1379.80153     0   5.000   -1.000  lightdock_7.pdb      0 -919.868
   10      4        (13.933, 29.102, 15.942, 0.123, 0.287, 0.864, -0.394)      0      0 -1379.80333     0   5.000   -1.000  lightdock_4.pdb      0 -919.869
  217     16        (-9.263, 22.871, 15.786, 0.825, 0.241, 0.505, -0.073)      0      0 -1379.82379     0   5.000   -1.000 lightdock_16.pdb      0 -919.883
   29      6        (1.730, -21.642, -7.577, 0.241, 0.560, 0.767, -0.202)      0      0 -1380.27592     1   5.000   -1.000  lightdock_6.pdb      0 -919.883
    7      7         (29.036, 16.952, 1.874, 0.171, 0.406, 0.658, -0.611)      0      0 -1379.84465     0   5.000   -1.000  lightdock_7.pdb      0 -919.896
   47      4     (12.625, -30.173, 14.762, -0.312, 0.461, -0.114, -0.823)      0      0 -1379.86415     1   5.000   -1.000  lightdock_4.pdb      0 -919.904
   94     21     (-23.167, -11.325, -3.486, 0.147, 0.384, -0.840, -0.354)      0      0 -1379.87770     0   5.000   -1.000 lightdock_21.pdb      0 -919.918
   17     14        (20.752, 7.050, 28.966, 0.529, -0.042, 0.787, -0.317)      0      0 -1379.82557     2   5.000   -1.000 lightdock_14.pdb      0 -919.924
   47     13     (12.914, -30.041, 14.408, -0.312, 0.461, -0.114, -0.823)      0      0 -1379.86763     3   5.000   -1.000 lightdock_13.pdb      0 -919.925
   47      3     (12.916, -30.040, 14.405, -0.312, 0.461, -0.114, -0.823)      0      0 -1379.86693     2   5.000   -1.000  lightdock_3.pdb      0 -919.925
  140     23      (-11.015, 26.701, -4.010, -0.404, 0.838, 0.059, -0.363)      0      0 -1379.88858     0   5.000   -1.000 lightdock_23.pdb      0 -919.926
  108      0       (1.440, -28.720, -10.365, -0.111, 0.641, 0.277, 0.707)      0      0 -1379.54102     2   5.000   -1.000  lightdock_0.pdb      0 -919.942
   53     13         (26.050, 17.816, 3.203, 0.658, -0.262, 0.289, 0.644)      0      0 -1379.93447     0   5.000   -1.000 lightdock_13.pdb      0 -919.956
  125      2      (-23.375, -22.016, 0.246, 0.229, 0.543, -0.137, -0.796)      0      0 -1379.93972     0   5.000   -1.000  lightdock_2.pdb      0 -919.960
  103      9      (-7.516, -31.418, 16.253, 0.483, 0.655, -0.246, -0.526)      0      0 -1379.98402     0   5.000   -1.000  lightdock_9.pdb      0 -919.989
   97     21    (-15.936, -19.753, 23.702, -0.690, 0.459, -0.090, -0.553)      0      0 -1379.98767     0   5.000   -1.000 lightdock_21.pdb      0 -919.992
  143      0        (18.461, -18.107, -9.072, 0.369, 0.739, 0.423, 0.371)      0      0 -1380.67078     1   5.000   -1.000  lightdock_0.pdb      0 -920.014
   97     12     (-13.477, -18.122, 21.487, 0.719, 0.400, -0.478, -0.308)      0      0 -1380.02167     0   5.000   -1.000 lightdock_12.pdb      0 -920.014
   99      8       (-26.000, 17.001, -8.812, 0.340, 0.357, 0.866, -0.086)      0      0 -1380.05911     0   5.000   -1.000  lightdock_8.pdb      0 -920.039
  108     12       (1.741, -29.357, -2.401, 0.165, -0.152, -0.872, 0.435)      0      0 -1380.07279     0   5.000   -1.000 lightdock_12.pdb      0 -920.049
   56      2      (8.696, 11.888, 11.561, -0.460, -0.208, -0.091, -0.859)      0      0 -1380.09533     0   5.000   -1.000  lightdock_2.pdb      0 -920.064
   50      5      (-23.834, 25.347, -0.006, -0.259, 0.510, 0.735, -0.364)      0      0 -1379.83744     1   5.000   -1.000  lightdock_5.pdb      0 -920.067
   78     19        (11.182, -7.115, -19.617, 0.276, 0.253, 0.732, 0.569)      0      0 -1380.12291     0   5.000   -1.000 lightdock_19.pdb      0 -920.082
  134     11     (-3.528, 13.648, -12.407, 0.962, -0.169, -0.209, -0.041)      0      0 -1380.15167     0   5.000   -1.000 lightdock_11.pdb      0 -920.101
  151      2      (-1.053, -6.311, 25.581, -0.254, -0.464, 0.084, -0.845)      0      0 -1380.15302     0   5.000   -1.000  lightdock_2.pdb      0 -920.102
  167     22         (5.810, -6.030, 18.765, -0.327, 0.210, 0.298, 0.872)      0      0 -1380.15315     0   5.000   -1.000 lightdock_22.pdb      0 -920.102
  192     19     (-23.739, 21.891, -10.018, 0.173, -0.637, 0.102, -0.744)      0      0 -1380.16465     0   5.000   -1.000 lightdock_19.pdb      0 -920.110
   53      3         (26.095, 18.046, 3.328, 0.658, -0.262, 0.289, 0.644)      0      0 -1380.73440     1   5.000   -1.000  lightdock_3.pdb      0 -920.120
  161     15     (-15.138, 19.085, 20.734, 0.400, -0.740, -0.540, -0.008)      0      0 -1380.18765     0   5.000   -1.000 lightdock_15.pdb      0 -920.125
  125      3       (-23.155, -30.761, 4.649, -0.463, 0.108, 0.614, 0.631)      0      0 -1380.19859     0   5.000   -1.000  lightdock_3.pdb      0 -920.132
  182     20        (27.456, 4.112, 17.352, -0.346, 0.805, -0.391, 0.283)      0      0 -1380.22518     0   5.000   -1.000 lightdock_20.pdb      0 -920.150
   21     18        (-23.921, 6.734, 17.006, 0.331, -0.162, 0.599, 0.711)      0      0 -1380.95220     1   5.000   -1.000 lightdock_18.pdb      0 -920.152
  119      4       (15.450, 23.808, -13.848, 0.327, 0.317, -0.878, 0.146)      0      0 -1380.23282     0   5.000   -1.000  lightdock_4.pdb      0 -920.155
  191     19        (-5.948, -5.783, 34.104, 0.297, 0.947, 0.107, -0.054)      0      0 -1380.30148     0   5.000   -1.000 lightdock_19.pdb      0 -920.201
   15     22     (-1.619, -9.679, 19.929, -0.261, -0.306, -0.702, -0.588)      0      0 -1380.31572     0   5.000   -1.000 lightdock_22.pdb      0 -920.210
  131     14       (-2.102, 9.087, -13.431, -0.102, 0.448, 0.796, -0.393)      0      0 -1380.32947     0   5.000   -1.000 lightdock_14.pdb      0 -920.220
  213     13      (-31.694, -1.784, -2.122, -0.071, 0.838, 0.444, -0.310)      0      0 -1381.53944     2   5.000   -1.000 lightdock_13.pdb      0 -920.226
  162     13      (21.587, 18.566, 11.971, -0.886, 0.119, -0.075, -0.442)      0      0 -1380.34134     0   5.000   -1.000 lightdock_13.pdb      0 -920.228
  108      8        (4.188, -20.708, -11.881, 0.043, 0.085, 0.725, 0.682)      0      0 -1380.37119     0   5.000   -1.000  lightdock_8.pdb      0 -920.247
   14     16       (11.832, 27.979, 5.133, -0.291, 0.248, -0.922, -0.066)      0      0 -1380.39077     0   5.000   -1.000 lightdock_16.pdb      0 -920.261
   60      5         (33.402, 1.962, -6.628, 0.640, -0.440, 0.287, 0.560)      0      0 -1380.11012     2   5.000   -1.000  lightdock_5.pdb      0 -920.264
  133      1      (-25.103, 18.756, 11.804, -0.228, 0.502, 0.641, -0.533)      0      0 -1380.44730     0   5.000   -1.000  lightdock_1.pdb      0 -920.298
  133      4      (-25.084, 18.974, 11.632, -0.228, 0.502, 0.641, -0.533)      0      0 -1380.49551     2   5.000   -1.000  lightdock_4.pdb      0 -920.319
  133      9      (-25.131, 18.403, 12.081, -0.228, 0.502, 0.641, -0.533)      0      0 -1380.48733     1   5.000   -1.000  lightdock_9.pdb      0 -920.321
   14     13         (6.596, 31.512, -0.495, -0.087, 0.848, 0.353, 0.385)      0      0 -1380.48447     0   5.000   -1.000 lightdock_13.pdb      0 -920.323
  100     21        (22.210, 20.898, 3.987, 0.214, -0.167, 0.616, -0.739)      0      0 -1380.49492     0   5.000   -1.000 lightdock_21.pdb      0 -920.330
   13      3     (-18.191, -16.446, -4.092, 0.065, 0.924, -0.254, -0.279)      0      0 -1380.49619     0   5.000   -1.000  lightdock_3.pdb      0 -920.331
  143      3        (18.317, -18.299, -8.838, 0.369, 0.739, 0.423, 0.371)      0      0 -1380.51194     0   5.000   -1.000  lightdock_3.pdb      0 -920.341
  192     18     (-23.738, 21.839, -10.039, 0.173, -0.637, 0.102, -0.744)      0      0 -1380.35746     1   5.000   -1.000 lightdock_18.pdb      0 -920.347
   47     20      (20.794, -22.234, 17.280, -0.280, 0.224, 0.881, -0.308)      0      0 -1380.52948     0   5.000   -1.000 lightdock_20.pdb      0 -920.353
  160     21     (-15.353, -6.910, 27.008, -0.104, 0.710, -0.556, -0.419)      0      0 -1380.53961     0   5.000   -1.000 lightdock_21.pdb      0 -920.360
   15     16    (-6.029, -12.071, 27.870, -0.720, -0.102, -0.662, -0.182)      0      0 -1380.54662     0   5.000   -1.000 lightdock_16.pdb      0 -920.364
   21      9        (-24.109, 6.628, 16.969, 0.314, -0.163, 0.599, 0.718)      0      0 -1380.55243     0   5.000   -1.000  lightdock_9.pdb      0 -920.368
  179     18      (26.839, 16.033, -17.220, -0.682, -0.160, 0.569, 0.430)      0      0 -1380.79774     1   5.000   -1.000 lightdock_18.pdb      0 -920.368
   76     18     (-3.040, 18.084, -29.439, -0.019, 0.948, -0.244, -0.202)      0      0 -1380.56079     0   5.000   -1.000 lightdock_18.pdb      0 -920.374
  178     12     (-16.687, 27.160, -11.144, 0.392, -0.805, 0.010, -0.445)      0      0 -1380.56624     0   5.000   -1.000 lightdock_12.pdb      0 -920.377
  125     18      (-8.941, -26.284, 12.093, -0.289, -0.127, 0.079, 0.946)      0      0 -1380.57027     0   5.000   -1.000 lightdock_18.pdb      0 -920.380
   33     10         (10.261, 24.665, 4.347, 0.614, -0.222, 0.454, 0.607)      0      0 -1380.61643     0   5.000   -1.000 lightdock_10.pdb      0 -920.411
  108      5        (4.004, -21.019, -12.011, 0.043, 0.085, 0.725, 0.682)      0      0 -1381.04777     1   5.000   -1.000  lightdock_5.pdb      0 -920.414
  152     18       (22.904, 23.467, 4.752, -0.010, 0.399, -0.255, -0.881)      0      0 -1380.62821     0   5.000   -1.000 lightdock_18.pdb      0 -920.419
   35     12     (-14.553, -20.559, -1.558, 0.820, -0.035, -0.425, 0.382)      0      0 -1380.65224     0   5.000   -1.000 lightdock_12.pdb      0 -920.435
  179      7      (27.246, 16.008, -17.216, -0.682, -0.160, 0.569, 0.430)      0      0 -1380.65342     0   5.000   -1.000  lightdock_7.pdb      0 -920.436
   17      3      (22.259, 11.237, 16.225, 0.251, -0.116, -0.097, -0.956)      0      0 -1380.68025     0   5.000   -1.000  lightdock_3.pdb      0 -920.454
    4      2          (7.968, 32.911, 5.046, 0.062, 0.511, 0.159, -0.842)      0      0 -1380.69248     0   5.000   -1.000  lightdock_2.pdb      0 -920.462
   57     16       (8.322, 34.098, -12.936, -0.355, 0.006, -0.488, 0.797)      0      0 -1380.70498     0   5.000   -1.000 lightdock_16.pdb      0 -920.470
    5     20       (16.722, 23.663, -9.500, -0.675, -0.535, 0.210, 0.462)      0      0 -1380.71971     0   5.000   -1.000 lightdock_20.pdb      0 -920.480
   23      2          (2.799, 32.920, 8.475, 0.653, 0.494, 0.121, -0.561)      0      0 -1380.73607     0   5.000   -1.000  lightdock_2.pdb      0 -920.491
   79      0     (-18.130, -11.214, -20.157, 0.092, 0.679, 0.442, -0.579)      0      0 -1380.73689     0   5.000   -1.000  lightdock_0.pdb      0 -920.491
   79      7     (-17.864, -11.560, -20.191, 0.092, 0.679, 0.442, -0.579)      0      0 -1380.74853     1   5.000   -1.000  lightdock_7.pdb      0 -920.502
   79     11     (-18.123, -11.224, -20.158, 0.092, 0.679, 0.442, -0.579)      0      0 -1380.76008     2   5.000   -1.000 lightdock_11.pdb      0 -920.511
   68     12        (7.306, -25.257, 8.755, -0.523, 0.597, 0.033, -0.608)      0      0 -1380.76672     0   5.000   -1.000 lightdock_12.pdb      0 -920.511
   13     19     (-18.173, -16.455, -4.073, 0.065, 0.924, -0.254, -0.279)      0      0 -1380.74264     1   5.000   -1.000 lightdock_19.pdb      0 -920.519
  213      4      (-31.900, -1.491, -2.134, -0.071, 0.838, 0.444, -0.310)      0      0 -1380.83907     0   5.000   -1.000  lightdock_4.pdb      0 -920.557
   20     10        (18.477, 1.058, 16.701, -0.752, 0.577, -0.295, 0.117)      0      0 -1380.05226     1   5.000   -1.000 lightdock_10.pdb      0 -920.567
   98     22    (11.029, 24.333, -22.471, -0.157, -0.957, -0.235, -0.070)      0      0 -1380.86783     0   5.000   -1.000 lightdock_22.pdb      0 -920.579
  214     14       (-25.687, -17.597, 17.556, 0.271, 0.829, 0.228, 0.432)      0      0 -1380.87442     0   5.000   -1.000 lightdock_14.pdb      0 -920.583
  169      6     (-21.448, -29.816, 8.261, 0.738, -0.602, -0.170, -0.252)      0      0 -1380.89973     0   5.000   -1.000  lightdock_6.pdb      0 -920.600
  189     21        (7.141, 22.651, 13.936, -0.161, 0.197, -0.959, 0.126)      0      0 -1380.92413     0   5.000   -1.000 lightdock_21.pdb      0 -920.616
  157      7      (-27.169, 18.542, -14.321, -0.318, 0.632, 0.706, 0.030)      0      0 -1380.95496     0   5.000   -1.000  lightdock_7.pdb      0 -920.637
  112     23      (13.270, 19.114, -9.950, 0.013, -0.706, -0.466, -0.534)      0      0 -1380.96620     0   5.000   -1.000 lightdock_23.pdb      0 -920.644
  169     24      (-26.665, -27.140, 10.764, 0.388, 0.712, 0.058, -0.582)      0      0 -1380.96640     0   5.000   -1.000 lightdock_24.pdb      0 -920.644
  152     23       (22.736, 23.546, 4.506, -0.010, 0.399, -0.255, -0.881)      0      0 -1380.97093     1   5.000   -1.000 lightdock_23.pdb      0 -920.648
  107     16      (-31.902, 19.192, -4.746, -0.477, 0.668, 0.571, -0.015)      0      0 -1381.00404     0   5.000   -1.000 lightdock_16.pdb      0 -920.669
   72      8        (0.247, -5.477, 35.060, 0.197, -0.217, 0.879, -0.376)      0      0 -1381.01655     0   5.000   -1.000  lightdock_8.pdb      0 -920.678
   29     15       (14.923, -16.400, -9.735, 0.142, 0.672, -0.393, 0.611)      0      0 -1381.02675     0   5.000   -1.000 lightdock_15.pdb      0 -920.685
   10     12        (6.031, 27.506, 2.013, -0.414, -0.556, 0.719, -0.053)      0      0 -1381.37367     1   5.000   -1.000 lightdock_12.pdb      0 -920.700
   76     19     (-3.089, 18.322, -29.485, -0.019, 0.948, -0.244, -0.202)      0      0 -1380.79307     1   5.000   -1.000 lightdock_19.pdb      0 -920.700
  122     22        (8.321, -9.139, 22.598, 0.497, -0.767, 0.208, -0.349)      0      0 -1381.09437     0   5.000   -1.000 lightdock_22.pdb      0 -920.730
   10     19        (6.049, 27.667, 1.596, -0.414, -0.556, 0.719, -0.053)      0      0 -1381.09817     0   5.000   -1.000 lightdock_19.pdb      0 -920.732
  206     11     (10.515, -15.095, -12.649, 0.266, -0.867, 0.378, -0.185)      0      0 -1381.10621     0   5.000   -1.000 lightdock_11.pdb      0 -920.737
  116     21      (-31.626, 7.761, 9.282, -0.712, -0.331, -0.495, -0.371)      0      0 -1381.12963     0   5.000   -1.000 lightdock_21.pdb      0 -920.753
  123     22        (19.050, 3.442, 16.741, -0.333, 0.222, 0.705, -0.586)      0      0 -1381.19069     0   5.000   -1.000 lightdock_22.pdb      0 -920.794
   38     16       (-4.818, 27.314, -10.838, -0.591, 0.708, 0.011, 0.388)      0      0 -1381.21588     0   5.000   -1.000 lightdock_16.pdb      0 -920.811
  176      4        (-18.681, 9.808, 22.184, 0.164, 0.160, 0.942, -0.246)      0      0 -1381.22023     0   5.000   -1.000  lightdock_4.pdb      0 -920.813
  194     16       (-12.817, 17.980, 12.717, -0.018, 0.134, 0.658, 0.741)      0      0 -1379.83926     1   5.000   -1.000 lightdock_16.pdb      0 -920.817
  194      4    (-13.493, 31.422, 14.556, -0.587, -0.779, -0.215, -0.040)      0      0 -1381.24080     0   5.000   -1.000  lightdock_4.pdb      0 -920.827
   71     16       (-24.828, 7.981, 0.215, 0.339, -0.399, -0.471, -0.709)      0      0 -1381.24592     0   5.000   -1.000 lightdock_16.pdb      0 -920.831
  158      3       (0.916, 29.040, 13.508, -0.198, -0.119, -0.431, 0.872)      0      0 -1381.25083     0   5.000   -1.000  lightdock_3.pdb      0 -920.834
   21     19      (-19.154, 19.280, 14.776, 0.430, 0.440, -0.656, -0.437)      0      0 -1381.26505     0   5.000   -1.000 lightdock_19.pdb      0 -920.843
  179     23      (27.313, 16.004, -17.215, -0.682, -0.160, 0.569, 0.430)      0      0 -1381.01615     2   5.000   -1.000 lightdock_23.pdb      0 -920.849
  213      9     (-25.121, -7.100, -13.416, 0.184, -0.523, -0.622, 0.553)      0      0 -1381.29816     0   5.000   -1.000  lightdock_9.pdb      0 -920.865
  175      0       (-19.663, 29.674, -3.578, 0.119, 0.603, 0.241, -0.751)      0      0 -1381.30414     0   5.000   -1.000  lightdock_0.pdb      0 -920.870
   78     22      (22.451, -5.291, -23.272, -0.505, -0.775, 0.345, 0.157)      0      0 -1381.30607     0   5.000   -1.000 lightdock_22.pdb      0 -920.871
  175     20       (-21.705, 29.357, -4.247, 0.716, 0.132, 0.448, -0.519)      0      0 -1381.30966     0   5.000   -1.000 lightdock_20.pdb      0 -920.873
   86      5        (6.136, 37.276, -11.704, -0.460, 0.006, 0.321, 0.828)      0      0 -1381.32311     0   5.000   -1.000  lightdock_5.pdb      0 -920.882
   61     18      (-4.323, -0.139, -20.151, 0.763, 0.468, -0.038, -0.445)      0      0 -1381.34523     0   5.000   -1.000 lightdock_18.pdb      0 -920.897
  164      1    (-2.839, -22.282, -19.993, -0.298, -0.467, 0.371, -0.745)      0      0 -1382.73492     1   5.000   -1.000  lightdock_1.pdb      0 -920.901
  189      7        (7.214, 22.724, 13.908, -0.161, 0.197, -0.959, 0.126)      0      0 -1381.24731     1   5.000   -1.000  lightdock_7.pdb      0 -920.904
  161     11       (-13.266, 21.160, 21.082, 0.030, 0.430, -0.054, 0.901)      0      0 -1381.35575     0   5.000   -1.000 lightdock_11.pdb      0 -920.904
  153     19      (-12.917, -15.977, 18.674, -0.154, 0.875, 0.422, 0.180)      0      0 -1381.36031     0   5.000   -1.000 lightdock_19.pdb      0 -920.907
  147     21         (15.977, 1.571, 15.043, 0.059, 0.348, -0.660, 0.663)      0      0 -1379.44311     1   5.000   -1.000 lightdock_21.pdb      0 -920.919
  158     20       (9.934, 22.446, 19.762, 0.428, -0.872, -0.129, -0.202)      0      0 -1381.38190     0   5.000   -1.000 lightdock_20.pdb      0 -920.921
   16      5      (11.053, -23.647, 28.551, 0.163, -0.290, -0.135, 0.933)      0      0 -1381.39586     0   5.000   -1.000  lightdock_5.pdb      0 -920.931
   18     17        (19.293, 25.884, -8.335, 0.465, 0.166, 0.648, -0.580)      0      0 -1381.40099     0   5.000   -1.000 lightdock_17.pdb      0 -920.934
    1     21      (14.022, 7.316, -24.315, -0.334, 0.589, -0.470, -0.567)      0      0 -1381.40498     0   5.000   -1.000 lightdock_21.pdb      0 -920.937
  139      5        (21.180, 24.192, 9.846, -0.472, -0.686, 0.301, 0.466)      0      0 -1381.41338     0   5.000   -1.000  lightdock_5.pdb      0 -920.942
   86     18        (-0.038, 36.220, -1.027, 0.024, 0.898, -0.439, 0.027)      0      0 -1381.42591     0   5.000   -1.000 lightdock_18.pdb      0 -920.951
  152      5       (28.582, 8.246, 1.636, -0.634, -0.272, -0.005, -0.724)      0      0 -1381.43835     0   5.000   -1.000  lightdock_5.pdb      0 -920.959
   48     16       (14.697, 27.429, -7.768, -0.002, 0.380, -0.382, 0.842)      0      0 -1381.44221     0   5.000   -1.000 lightdock_16.pdb      0 -920.961
  117     23   (-12.087, -22.714, 15.955, -0.427, -0.227, -0.873, -0.062)      0      0 -1381.44583     0   5.000   -1.000 lightdock_23.pdb      0 -920.964
  154      2     (-18.854, -10.631, -14.502, -0.549, 0.143, 0.809, 0.153)      0      0 -1381.45746     0   5.000   -1.000  lightdock_2.pdb      0 -920.972
  147      9      (15.140, -1.272, 9.511, -0.152, -0.385, -0.904, -0.106)      0      0 -1381.45824     0   5.000   -1.000  lightdock_9.pdb      0 -920.972
   72     21        (0.884, -2.140, 18.953, -0.376, -0.064, 0.360, 0.851)      0      0 -1381.47629     0   5.000   -1.000 lightdock_21.pdb      0 -920.984
   74      2     (-28.187, 16.066, -6.848, 0.400, -0.360, -0.527, -0.658)      0      0 -1381.48204     0   5.000   -1.000  lightdock_2.pdb      0 -920.988
   28     16         (26.135, 15.262, 9.504, 0.110, 0.663, -0.635, 0.382)      0      0 -1382.04585     1   5.000   -1.000 lightdock_16.pdb      0 -921.005
   67      1       (21.983, 13.501, -20.377, -0.598, 0.191, 0.147, 0.764)      0      0 -1381.53560     0   5.000   -1.000  lightdock_1.pdb      0 -921.024
   78     15        (11.132, -7.115, -19.523, 0.276, 0.253, 0.732, 0.569)      0      0 -1380.90349     1   5.000   -1.000 lightdock_15.pdb      0 -921.027
   42      7    (-10.541, -14.517, 33.817, 0.543, -0.542, -0.634, -0.097)      0      0 -1381.58352     0   5.000   -1.000  lightdock_7.pdb      0 -921.056
  160     24     (-19.974, -12.366, 21.720, 0.647, 0.134, -0.526, -0.535)      0      0 -1381.59656     0   5.000   -1.000 lightdock_24.pdb      0 -921.064
   94     17     (-22.600, -15.651, -6.103, -0.345, 0.378, 0.840, -0.177)      0      0 -1381.59891     0   5.000   -1.000 lightdock_17.pdb      0 -921.066
   93     12        (12.519, -3.049, 29.353, 0.069, 0.544, 0.677, -0.491)      0      0 -1381.94683     1   5.000   -1.000 lightdock_12.pdb      0 -921.072
  144     18       (-29.992, -8.507, 8.635, 0.254, -0.394, -0.883, 0.014)      0      0 -1381.60989     0   5.000   -1.000 lightdock_18.pdb      0 -921.073
   97      2     (-17.195, -16.215, 25.923, 0.050, -0.335, 0.719, -0.607)      0      0 -1381.62441     0   5.000   -1.000  lightdock_2.pdb      0 -921.083
   16     14       (16.347, -22.349, 23.768, 0.078, 0.237, 0.934, -0.256)      0      0 -1381.64503     0   5.000   -1.000 lightdock_14.pdb      0 -921.097
  206     24      (23.423, -19.106, -10.390, 0.929, 0.367, -0.010, 0.046)      0      0 -1381.65312     0   5.000   -1.000 lightdock_24.pdb      0 -921.102
  113     14        (-12.997, -1.694, 26.571, 0.649, 0.542, 0.488, 0.217)      0      0 -1381.99998     1   5.000   -1.000 lightdock_14.pdb      0 -921.104
  128     12    (-4.670, 18.852, -23.170, -0.295, -0.313, -0.283, -0.857)      0      0 -1381.66630     0   5.000   -1.000 lightdock_12.pdb      0 -921.111
   15      9      (-2.469, -13.337, 31.681, 0.525, -0.080, -0.668, 0.521)      0      0 -1381.67641     0   5.000   -1.000  lightdock_9.pdb      0 -921.118
   63     19     (-17.002, 20.005, -16.958, 0.509, -0.529, 0.629, -0.255)      0      0 -1381.68124     0   5.000   -1.000 lightdock_19.pdb      0 -921.121
   93     11        (12.911, -3.201, 29.429, 0.069, 0.544, 0.677, -0.491)      0      0 -1381.69248     0   5.000   -1.000 lightdock_11.pdb      0 -921.128
  160     19      (-16.824, -2.285, 27.740, -0.583, 0.354, -0.582, 0.442)      0      0 -1381.70838     0   5.000   -1.000 lightdock_19.pdb      0 -921.139
  164     13    (-2.362, -22.241, -19.968, -0.298, -0.467, 0.371, -0.745)      0      0 -1381.73280     0   5.000   -1.000 lightdock_13.pdb      0 -921.155
  102     17       (2.298, -29.248, 0.866, -0.464, -0.068, -0.875, 0.123)      0      0 -1381.76499     0   5.000   -1.000 lightdock_17.pdb      0 -921.177
  114     20      (24.543, -17.338, -11.068, 0.654, 0.118, -0.736, 0.124)      0      0 -1381.77221     0   5.000   -1.000 lightdock_20.pdb      0 -921.181
  114      5      (24.596, -17.354, -10.834, 0.654, 0.118, -0.736, 0.124)      0      0 -1381.91004     1   5.000   -1.000  lightdock_5.pdb      0 -921.199
   97     19     (-17.118, -15.856, 25.808, 0.050, -0.335, 0.719, -0.607)      0      0 -1382.06234     1   5.000   -1.000 lightdock_19.pdb      0 -921.229
  180     18      (-26.875, 7.935, -14.717, 0.149, -0.752, 0.138, -0.627)      0      0 -1381.85135     0   5.000   -1.000 lightdock_18.pdb      0 -921.234
  113     15        (-12.778, -1.460, 26.776, 0.649, 0.542, 0.488, 0.217)      0      0 -1381.88219     0   5.000   -1.000 lightdock_15.pdb      0 -921.255
    7     18        (18.509, 23.149, -7.907, -0.849, 0.180, 0.370, 0.331)      0      0 -1381.88693     0   5.000   -1.000 lightdock_18.pdb      0 -921.258
  207      1       (23.771, 16.592, 3.665, -0.441, -0.246, -0.786, 0.357)      0      0 -1381.89331     0   5.000   -1.000  lightdock_1.pdb      0 -921.262
  209     12       (27.910, 0.638, 14.133, -0.319, -0.513, 0.303, -0.737)      0      0 -1381.91157     1   5.000   -1.000 lightdock_12.pdb      0 -921.266
  209      3       (27.916, 0.626, 14.136, -0.319, -0.513, 0.303, -0.737)      0      0 -1381.90318     0   5.000   -1.000  lightdock_3.pdb      0 -921.269
   41     19       (29.511, 11.229, 7.876, -0.630, -0.448, 0.305, -0.556)      0      0 -1381.93136     0   5.000   -1.000 lightdock_19.pdb      0 -921.288
  104      9       (8.054, -33.694, 8.958, 0.993, -0.094, -0.036, -0.062)      0      0 -1382.05293     1   5.000   -1.000  lightdock_9.pdb      0 -921.288
  104      3       (8.117, -33.642, 9.430, 0.993, -0.094, -0.036, -0.062)      0      0 -1381.93474     0   5.000   -1.000  lightdock_3.pdb      0 -921.290
  165      2        (1.154, -25.244, 11.729, 0.678, 0.026, -0.727, 0.107)      0      0 -1381.93976     0   5.000   -1.000  lightdock_2.pdb      0 -921.293
  110     20        (7.281, 14.434, 28.235, 0.298, -0.470, 0.399, -0.729)      0      0 -1381.94142     0   5.000   -1.000 lightdock_20.pdb      0 -921.294
   73     24       (-0.180, -1.762, 29.870, 0.438, -0.519, 0.088, -0.729)      0      0 -1381.94925     0   5.000   -1.000 lightdock_24.pdb      0 -921.299
   48      2       (21.277, 26.483, -16.820, 0.849, 0.127, -0.242, 0.453)      0      0 -1381.99166     0   5.000   -1.000  lightdock_2.pdb      0 -921.328
   28     22         (26.324, 15.414, 9.690, 0.110, 0.663, -0.635, 0.382)      0      0 -1381.99182     0   5.000   -1.000 lightdock_22.pdb      0 -921.328
  110     14        (7.084, 14.456, 28.242, 0.298, -0.470, 0.399, -0.729)      0      0 -1382.00621     1   5.000   -1.000 lightdock_14.pdb      0 -921.328
   26      4       (16.767, -28.234, 0.970, 0.588, 0.583, -0.560, -0.009)      0      0 -1381.99438     0   5.000   -1.000  lightdock_4.pdb      0 -921.330
   51      5      (2.166, -26.673, 25.336, -0.598, 0.675, -0.386, -0.197)      0      0 -1382.01321     0   5.000   -1.000  lightdock_5.pdb      0 -921.342
  213     17     (-25.285, -6.994, -13.477, 0.184, -0.523, -0.622, 0.553)      0      0 -1381.60514     1   5.000   -1.000 lightdock_17.pdb      0 -921.344
   82     13     (-13.070, -27.778, -3.017, 0.070, -0.626, -0.340, 0.698)      0      0 -1382.03435     0   5.000   -1.000 lightdock_13.pdb      0 -921.356
  209     14      (28.261, -0.130, 14.306, -0.319, -0.513, 0.303, -0.737)      0      0 -1382.26745     4   5.000   -1.000 lightdock_14.pdb      0 -921.358
  108     13        (4.235, -20.628, -11.848, 0.043, 0.085, 0.725, 0.682)      0      0 -1381.54538     2   5.000   -1.000 lightdock_13.pdb      0 -921.373
   71     23          (-25.173, 8.339, 6.176, 0.890, 0.139, 0.424, 0.097)      0      0 -1382.06477     0   5.000   -1.000 lightdock_23.pdb      0 -921.377
   94      9     (-22.462, -15.671, -6.289, -0.345, 0.378, 0.840, -0.177)      0      0 -1382.04343     1   5.000   -1.000  lightdock_9.pdb      0 -921.388
   21     14      (-25.114, 14.228, 12.514, 0.287, -0.368, -0.015, 0.884)      0      0 -1382.08511     0   5.000   -1.000 lightdock_14.pdb      0 -921.390
   82     19     (-13.240, -27.729, -3.145, 0.070, -0.626, -0.340, 0.698)      0      0 -1382.42565     1   5.000   -1.000 lightdock_19.pdb      0 -921.397
   50      1       (-24.079, 30.383, 1.714, 0.596, 0.266, -0.316, -0.689)      0      0 -1382.10728     0   5.000   -1.000  lightdock_1.pdb      0 -921.405
  209     19       (28.096, 0.248, 14.223, -0.319, -0.513, 0.303, -0.737)      0      0 -1382.02467     2   5.000   -1.000 lightdock_19.pdb      0 -921.413
  213     18      (-32.056, -1.264, -2.142, -0.071, 0.838, 0.444, -0.310)      0      0 -1381.49657     1   5.000   -1.000 lightdock_18.pdb      0 -921.421
  160     22     (-19.945, -12.425, 21.799, 0.647, 0.134, -0.526, -0.535)      0      0 -1381.91799     1   5.000   -1.000 lightdock_22.pdb      0 -921.422
   48      9       (15.021, 27.390, -7.621, -0.002, 0.380, -0.382, 0.842)      0      0 -1381.83599     1   5.000   -1.000  lightdock_9.pdb      0 -921.425
  127      1       (-16.948, 30.776, -4.258, -0.679, 0.165, 0.394, 0.597)      0      0 -1382.15712     0   5.000   -1.000  lightdock_1.pdb      0 -921.438
  209     21       (27.945, 0.607, 14.143, -0.319, -0.513, 0.303, -0.737)      0      0 -1382.08294     3   5.000   -1.000 lightdock_21.pdb      0 -921.440
  173     20         (-35.468, 5.893, 1.366, 0.230, 0.915, 0.243, -0.226)      0      0 -1382.75473     1   5.000   -1.000 lightdock_20.pdb      0 -921.453
  140     21      (-12.494, 18.708, -14.989, 0.455, 0.823, -0.214, 0.263)      0      0 -1382.19233     0   5.000   -1.000 lightdock_21.pdb      0 -921.462
  122     14      (15.276, -17.209, 27.729, -0.404, 0.012, 0.669, -0.623)      0      0 -1382.19802     0   5.000   -1.000 lightdock_14.pdb      0 -921.465
   75     21      (-31.274, 8.057, -9.667, 0.785, -0.274, -0.089, -0.548)      0      0 -1382.20639     0   5.000   -1.000 lightdock_21.pdb      0 -921.471
  119     22       (15.363, 23.667, -13.767, 0.327, 0.317, -0.878, 0.146)      0      0 -1381.43747     1   5.000   -1.000 lightdock_22.pdb      0 -921.495
  135      1       (2.430, -21.006, 29.686, -0.640, 0.594, -0.480, 0.083)      0      0 -1382.24483     0   5.000   -1.000  lightdock_1.pdb      0 -921.497
  121     15     (2.726, -25.780, 26.253, -0.429, -0.638, -0.280, -0.575)      0      0 -1382.28529     0   5.000   -1.000 lightdock_15.pdb      0 -921.524
   38     23        (2.291, 37.219, -3.146, 0.327, -0.391, -0.845, 0.164)      0      0 -1382.29363     0   5.000   -1.000 lightdock_23.pdb      0 -921.529
  198      9         (7.866, 7.885, 19.308, 0.120, 0.126, -0.974, -0.148)      0      0 -1382.29889     0   5.000   -1.000  lightdock_9.pdb      0 -921.533
   57     23       (4.115, 34.727, -16.285, 0.356, -0.666, -0.633, 0.172)      0      0 -1382.30154     0   5.000   -1.000 lightdock_23.pdb      0 -921.534
   28      9       (20.365, 4.295, 15.910, -0.453, 0.871, -0.147, -0.119)      0      0 -1382.32020     0   5.000   -1.000  lightdock_9.pdb      0 -921.547
   84     19     (25.772, -14.023, 17.888, -0.064, -0.355, 0.932, -0.016)      0      0 -1382.34278     0   5.000   -1.000 lightdock_19.pdb      0 -921.562
  165     17        (1.226, -25.316, 11.655, 0.678, 0.026, -0.727, 0.107)      0      0 -1382.83698     1   5.000   -1.000 lightdock_17.pdb      0 -921.569
   45      2      (25.751, 23.502, -7.668, -0.140, 0.910, -0.320, -0.221)      0      0 -1382.36046     0   5.000   -1.000  lightdock_2.pdb      0 -921.574
    7     13        (18.486, 22.916, -8.136, -0.849, 0.180, 0.370, 0.331)      0      0 -1382.32871     1   5.000   -1.000 lightdock_13.pdb      0 -921.581
  160     11     (-16.867, -14.237, 22.322, 0.787, -0.270, 0.268, -0.486)      0      0 -1382.37205     0   5.000   -1.000 lightdock_11.pdb      0 -921.581
   64     17      (-25.701, 14.152, -18.912, 0.490, 0.067, -0.857, 0.143)      0      0 -1382.38560     0   5.000   -1.000 lightdock_17.pdb      0 -921.590
  173     13      (-23.549, 7.778, -7.450, -0.518, 0.293, -0.472, -0.651)      0      0 -1382.40020     0   5.000   -1.000 lightdock_13.pdb      0 -921.600
  101      3       (14.347, 28.303, -7.440, 0.326, 0.577, -0.057, -0.747)      0      0 -1382.40175     0   5.000   -1.000  lightdock_3.pdb      0 -921.601
  154     22     (-23.365, 0.419, -11.317, -0.788, -0.305, -0.509, 0.164)      0      0 -1382.41645     0   5.000   -1.000 lightdock_22.pdb      0 -921.611
   15      0      (2.044, -10.051, 30.508, -0.434, -0.223, 0.681, -0.546)      0      0 -1382.41647     0   5.000   -1.000  lightdock_0.pdb      0 -921.611
   70     24       (21.042, -18.553, 0.426, 0.634, -0.473, -0.179, 0.586)      0      0 -1382.45294     0   5.000   -1.000 lightdock_24.pdb      0 -921.635
  108      9        (4.229, -20.641, -11.851, 0.043, 0.085, 0.725, 0.682)      0      0 -1381.91091     3   5.000   -1.000  lightdock_9.pdb      0 -921.639
  151     23     (-14.714, -15.302, 28.102, -0.861, -0.370, 0.324, 0.129)      0      0 -1382.47389     0   5.000   -1.000 lightdock_23.pdb      0 -921.649
  101     14       (14.514, 28.388, -7.344, 0.326, 0.577, -0.057, -0.747)      0      0 -1382.62916     1   5.000   -1.000 lightdock_14.pdb      0 -921.666
  116      9       (-24.380, 5.386, -5.361, 0.644, -0.529, -0.499, 0.235)      0      0 -1382.50322     0   5.000   -1.000  lightdock_9.pdb      0 -921.669
    0      8       (15.122, -14.273, 28.824, 0.892, -0.066, 0.109, 0.433)      0      0 -1382.52230     0   5.000   -1.000  lightdock_8.pdb      0 -921.682
  119      8        (10.805, 30.922, -5.271, 0.243, 0.292, -0.910, 0.165)      0      0 -1382.52748     0   5.000   -1.000  lightdock_8.pdb      0 -921.685
  152      3        (21.052, 16.395, -4.215, 0.020, 0.109, -0.231, 0.967)      0      0 -1382.52920     0   5.000   -1.000  lightdock_3.pdb      0 -921.686
  100     17        (22.208, 20.897, 3.986, 0.214, -0.167, 0.616, -0.739)      0      0 -1381.78571     1   5.000   -1.000 lightdock_17.pdb      0 -921.689
   94     20     (-24.177, -14.475, -4.239, -0.339, 0.430, -0.021, 0.837)      0      0 -1382.54880     0   5.000   -1.000 lightdock_20.pdb      0 -921.699
    0      3        (12.540, -3.984, 32.524, 0.248, -0.165, 0.716, 0.632)      0      0 -1382.55741     0   5.000   -1.000  lightdock_3.pdb      0 -921.705
  118     11        (-24.031, 9.410, -21.266, 0.782, 0.491, 0.369, 0.100)      0      0 -1382.57095     0   5.000   -1.000 lightdock_11.pdb      0 -921.714
  181     19      (-20.830, -23.340, 0.755, -0.449, -0.575, 0.676, 0.104)      0      0 -1382.57616     0   5.000   -1.000 lightdock_19.pdb      0 -921.717
  125     13       (-22.007, -27.132, 4.016, 0.486, -0.509, 0.534, 0.468)      0      0 -1382.61534     0   5.000   -1.000 lightdock_13.pdb      0 -921.744
   54     20      (28.473, 15.369, -12.426, 0.462, -0.719, 0.510, -0.096)      0      0 -1382.63115     0   5.000   -1.000 lightdock_20.pdb      0 -921.754
   83     24      (32.446, -10.266, 0.823, -0.327, -0.206, -0.487, 0.783)      0      0 -1382.66136     0   5.000   -1.000 lightdock_24.pdb      0 -921.774
  173     10         (-35.748, 5.798, 1.335, 0.230, 0.915, 0.243, -0.226)      0      0 -1382.71037     0   5.000   -1.000 lightdock_10.pdb      0 -921.807
   45     17     (27.120, 17.525, -17.210, -0.233, 0.940, -0.028, -0.249)      0      0 -1382.72259     0   5.000   -1.000 lightdock_17.pdb      0 -921.815
   52     17      (18.921, -11.175, 25.077, 0.589, -0.206, 0.188, -0.758)      0      0 -1382.76457     0   5.000   -1.000 lightdock_17.pdb      0 -921.843
   74      6     (-18.817, 23.829, -5.149, -0.088, -0.700, -0.138, 0.695)      0      0 -1382.77061     0   5.000   -1.000  lightdock_6.pdb      0 -921.847
  112     16     (15.225, 14.707, -12.847, -0.317, -0.448, 0.244, -0.799)      0      0 -1382.79020     0   5.000   -1.000 lightdock_16.pdb      0 -921.860
  177     23      (-17.056, -23.679, 14.302, 0.363, 0.804, -0.229, 0.411)      0      0 -1382.80556     0   5.000   -1.000 lightdock_23.pdb      0 -921.870
   49     14       (29.492, -17.384, -2.445, 0.287, 0.640, -0.219, 0.679)      0      0 -1382.81288     0   5.000   -1.000 lightdock_14.pdb      0 -921.875
   50      9       (-14.915, 24.071, 9.283, 0.779, -0.254, -0.152, 0.553)      0      0 -1383.13827     1   5.000   -1.000  lightdock_9.pdb      0 -921.879
  146     23      (32.305, -1.857, -4.771, -0.501, 0.129, -0.086, -0.851)      0      0 -1382.83028     0   5.000   -1.000 lightdock_23.pdb      0 -921.887
   16      3     (3.843, -18.415, 24.097, -0.905, -0.248, -0.198, -0.282)      0      0 -1382.89112     0   5.000   -1.000  lightdock_3.pdb      0 -921.927
   28      1         (26.447, 15.512, 9.811, 0.110, 0.663, -0.635, 0.382)      0      0 -1382.38009     2   5.000   -1.000  lightdock_1.pdb      0 -921.942
  144     14     (-30.066, -15.760, 2.603, 0.474, -0.397, -0.544, -0.567)      0      0 -1382.91841     0   5.000   -1.000 lightdock_14.pdb      0 -921.946
   50     18       (-14.776, 24.203, 9.627, 0.779, -0.254, -0.152, 0.553)      0      0 -1382.91853     0   5.000   -1.000 lightdock_18.pdb      0 -921.946
   13      7       (-31.219, -10.139, 3.949, -0.557, 0.114, 0.221, 0.792)      0      0 -1382.91910     0   5.000   -1.000  lightdock_7.pdb      0 -921.946
   53      5         (15.420, 28.428, 7.179, 0.884, 0.002, 0.460, -0.081)      0      0 -1382.93477     0   5.000   -1.000  lightdock_5.pdb      0 -921.957
   94      6     (-22.696, -15.637, -5.971, -0.345, 0.378, 0.840, -0.177)      0      0 -1382.80561     2   5.000   -1.000  lightdock_6.pdb      0 -921.968
  205     21       (-17.830, 25.081, -4.726, 0.660, 0.610, 0.059, -0.435)      0      0 -1382.95735     0   5.000   -1.000 lightdock_21.pdb      0 -921.972
  181     22        (-4.282, -27.264, 1.702, 0.897, -0.388, 0.145, 0.154)      0      0 -1382.96636     0   5.000   -1.000 lightdock_22.pdb      0 -921.978
  180     14       (-26.779, 16.224, -8.355, 0.042, -0.264, 0.015, 0.964)      0      0 -1382.99119     0   5.000   -1.000 lightdock_14.pdb      0 -921.994
   13     11        (-19.193, -9.399, 1.941, 0.484, 0.262, 0.419, -0.722)      0      0 -1383.00034     0   5.000   -1.000 lightdock_11.pdb      0 -922.000
   82     16        (-5.737, -34.660, 0.288, -0.058, 0.141, 0.986, 0.062)      0      0 -1383.03911     0   5.000   -1.000 lightdock_16.pdb      0 -922.026
  183     10        (-15.993, 4.870, 29.066, -0.494, 0.411, 0.578, 0.503)      0      0 -1383.04689     0   5.000   -1.000 lightdock_10.pdb      0 -922.031
  173      5        (-32.359, 4.436, 2.273, 0.862, 0.304, -0.404, -0.041)      0      0 -1383.05847     0   5.000   -1.000  lightdock_5.pdb      0 -922.039
  205      2       (-17.804, 25.057, -4.657, 0.660, 0.610, 0.059, -0.435)      0      0 -1383.07707     1   5.000   -1.000  lightdock_2.pdb      0 -922.045
    6      3        (-26.031, -4.206, 6.481, 0.232, 0.648, 0.198, -0.698)      0      0 -1383.08690     0   5.000   -1.000  lightdock_3.pdb      0 -922.058
    3     11      (9.501, -12.076, -8.510, 0.425, -0.639, -0.480, -0.425)      0      0 -1383.08921     0   5.000   -1.000 lightdock_11.pdb      0 -922.059
  137     24       (-21.562, 20.566, 5.272, 0.690, -0.429, -0.470, 0.344)      0      0 -1383.12084     0   5.000   -1.000 lightdock_24.pdb      0 -922.081
   25      3        (-8.692, -1.998, 27.724, 0.761, 0.247, -0.473, 0.369)      0      0 -1383.12639     0   5.000   -1.000  lightdock_3.pdb      0 -922.084
  157     15       (-27.987, 17.643, -3.801, 0.060, 0.160, -0.983, 0.060)      0      0 -1383.13753     0   5.000   -1.000 lightdock_15.pdb      0 -922.092
   43     13         (9.337, -8.755, 35.358, 0.715, -0.459, 0.071, 0.522)      0      0 -1383.14424     0   5.000   -1.000 lightdock_13.pdb      0 -922.096
  176      0    (-16.681, -4.583, 20.123, -0.423, -0.263, -0.856, -0.136)      0      0 -1383.18955     0   5.000   -1.000  lightdock_0.pdb      0 -922.126
   32      0      (25.126, -12.331, 5.077, 0.674, -0.665, -0.257, -0.194)      0      0 -1383.20116     0   5.000   -1.000  lightdock_0.pdb      0 -922.134
  129     17      (-20.112, 24.502, 11.379, -0.375, 0.287, -0.822, 0.319)      0      0 -1383.21105     0   5.000   -1.000 lightdock_17.pdb      0 -922.141
   75      3     (-20.858, -2.323, -20.748, 0.947, -0.023, -0.119, 0.298)      0      0 -1383.22674     0   5.000   -1.000  lightdock_3.pdb      0 -922.151
  166      4     (-15.235, -0.986, -25.074, 0.076, 0.553, -0.647, -0.519)      0      0 -1383.22968     0   5.000   -1.000  lightdock_4.pdb      0 -922.153
  109      3       (-12.938, 17.155, 23.370, -0.679, 0.570, 0.260, 0.382)      0      0 -1383.23016     0   5.000   -1.000  lightdock_3.pdb      0 -922.153
    6     17       (-29.894, -8.944, -0.495, 0.357, 0.391, 0.277, -0.802)      0      0 -1383.73998     1   5.000   -1.000 lightdock_17.pdb      0 -922.163
   58     22       (1.688, 6.936, -30.617, -0.349, -0.575, -0.386, 0.631)      0      0 -1383.25396     0   5.000   -1.000 lightdock_22.pdb      0 -922.169
  104     19        (7.189, -30.601, 4.414, 0.242, -0.869, -0.385, 0.195)      0      0 -1383.26707     0   5.000   -1.000 lightdock_19.pdb      0 -922.178
    6      2       (-30.320, -8.842, -0.705, 0.357, 0.391, 0.277, -0.802)      0      0 -1383.26804     0   5.000   -1.000  lightdock_2.pdb      0 -922.179
   51      4        (1.121, -29.418, 25.294, 0.735, 0.662, 0.033, -0.140)      0      0 -1383.28807     0   5.000   -1.000  lightdock_4.pdb      0 -922.192
  144     11     (-25.163, -22.216, 5.350, -0.279, -0.899, 0.310, -0.136)      0      0 -1383.58465     1   5.000   -1.000 lightdock_11.pdb      0 -922.218
   18      7      (16.424, 32.276, -15.687, 0.305, 0.217, -0.908, -0.187)      0      0 -1383.32969     0   5.000   -1.000  lightdock_7.pdb      0 -922.220
   86     13         (1.065, 34.361, -5.955, 0.502, 0.555, 0.264, -0.608)      0      0 -1383.33334     0   5.000   -1.000 lightdock_13.pdb      0 -922.222
   53     21     (14.697, 27.823, -3.870, -0.316, -0.386, -0.041, -0.866)      0      0 -1383.35814     0   5.000   -1.000 lightdock_21.pdb      0 -922.239
  195     24       (-33.972, 1.012, -3.960, -0.146, 0.534, -0.711, 0.433)      0      0 -1383.36945     0   5.000   -1.000 lightdock_24.pdb      0 -922.246
  105      9      (7.811, -9.309, -17.933, -0.093, -0.356, 0.866, -0.339)      0      0 -1383.41363     0   5.000   -1.000  lightdock_9.pdb      0 -922.276
   99      0     (-20.419, 26.564, -17.384, -0.509, -0.383, 0.431, 0.640)      0      0 -1383.43538     0   5.000   -1.000  lightdock_0.pdb      0 -922.290
  200     19       (4.983, -29.854, 15.488, 0.971, 0.140, -0.061, -0.182)      0      0 -1383.47430     0   5.000   -1.000 lightdock_19.pdb      0 -922.316
  177     18      (-17.192, -23.798, 14.387, 0.363, 0.804, -0.229, 0.411)      0      0 -1383.28214     1   5.000   -1.000 lightdock_18.pdb      0 -922.318
   82     15     (-12.786, -27.848, -2.816, 0.070, -0.626, -0.340, 0.698)      0      0 -1383.30869     2   5.000   -1.000 lightdock_15.pdb      0 -922.327
   30     11     (-19.800, -23.545, -7.927, 0.277, 0.684, -0.311, -0.599)      0      0 -1383.49070     0   5.000   -1.000 lightdock_11.pdb      0 -922.327
   51      2      (1.103, -20.476, 20.244, 0.655, -0.627, -0.248, -0.341)      0      0 -1383.49300     0   5.000   -1.000  lightdock_2.pdb      0 -922.329
  181      9     (-18.482, -29.887, 3.415, 0.439, -0.115, -0.885, -0.106)      0      0 -1383.49481     0   5.000   -1.000  lightdock_9.pdb      0 -922.330
  137     17       (-21.523, 20.789, 5.304, 0.690, -0.429, -0.470, 0.344)      0      0 -1383.37188     1   5.000   -1.000 lightdock_17.pdb      0 -922.358
  144     24     (-25.381, -22.355, 5.696, -0.279, -0.899, 0.310, -0.136)      0      0 -1383.56671     0   5.000   -1.000 lightdock_24.pdb      0 -922.378
   50     11       (-14.752, 24.226, 9.687, 0.779, -0.254, -0.152, 0.553)      0      0 -1383.25008     2   5.000   -1.000 lightdock_11.pdb      0 -922.381
   53     23     (14.776, 27.702, -3.974, -0.316, -0.386, -0.041, -0.866)      0      0 -1383.55070     1   5.000   -1.000 lightdock_23.pdb      0 -922.383
  136      3         (-26.939, 0.573, 9.561, 0.340, -0.748, 0.462, 0.333)      0      0 -1383.58994     0   5.000   -1.000  lightdock_3.pdb      0 -922.393
    2      1       (-9.442, 33.865, -0.544, 0.464, -0.117, 0.611, -0.630)      0      0 -1383.65038     0   5.000   -1.000  lightdock_1.pdb      0 -922.434
  155     21      (23.589, -15.772, 12.151, -0.364, -0.855, 0.222, 0.296)      0      0 -1383.67582     0   5.000   -1.000 lightdock_21.pdb      0 -922.451
  181     23     (-18.553, -29.870, 3.457, 0.439, -0.115, -0.885, -0.106)      0      0 -1383.59558     1   5.000   -1.000 lightdock_23.pdb      0 -922.456
  173     19      (-36.323, 13.634, -6.610, -0.321, 0.232, 0.185, -0.899)      0      0 -1383.70524     0   5.000   -1.000 lightdock_19.pdb      0 -922.470
  183     15        (-16.047, 5.043, 29.090, -0.494, 0.411, 0.578, 0.503)      0      0 -1383.41496     1   5.000   -1.000 lightdock_15.pdb      0 -922.485
  158     17        (3.145, 24.545, 18.938, 0.403, -0.872, -0.094, 0.262)      0      0 -1383.77673     0   5.000   -1.000 lightdock_17.pdb      0 -922.518
  130      4       (30.546, -8.563, 1.791, -0.578, -0.186, 0.192, -0.771)      0      0 -1383.80267     0   5.000   -1.000  lightdock_4.pdb      0 -922.535
  144      9     (-30.066, -15.763, 2.601, 0.474, -0.397, -0.544, -0.567)      0      0 -1383.47094     1   5.000   -1.000  lightdock_9.pdb      0 -922.538
   82      0     (-12.801, -27.801, -2.883, 0.070, -0.626, -0.340, 0.698)      0      0 -1383.52291     3   5.000   -1.000  lightdock_0.pdb      0 -922.539
  203      9         (16.031, 20.164, 20.090, 0.282, 0.103, 0.362, 0.883)      0      0 -1383.86192     0   5.000   -1.000  lightdock_9.pdb      0 -922.575
  205     10      (-24.842, 21.809, 0.809, -0.250, -0.567, -0.356, 0.700)      0      0 -1383.87119     0   5.000   -1.000 lightdock_10.pdb      0 -922.581
  140     17      (-10.834, 30.563, -2.948, -0.846, -0.303, 0.436, 0.046)      0      0 -1383.87195     0   5.000   -1.000 lightdock_17.pdb      0 -922.581
   80     22     (-6.231, -8.635, -26.368, -0.318, -0.809, -0.174, 0.462)      0      0 -1383.89211     0   5.000   -1.000 lightdock_22.pdb      0 -922.595
   32     10       (31.495, -11.811, -1.795, 0.654, -0.364, 0.663, 0.013)      0      0 -1383.90489     0   5.000   -1.000 lightdock_10.pdb      0 -922.603
  105     18      (8.115, -9.332, -17.975, -0.093, -0.356, 0.866, -0.339)      0      0 -1385.82989     1   5.000   -1.000 lightdock_18.pdb      0 -922.612
  181     14        (-4.280, -27.265, 1.693, 0.897, -0.388, 0.145, 0.154)      0      0 -1383.43357     1   5.000   -1.000 lightdock_14.pdb      0 -922.644
   54     12      (28.503, 15.395, -12.478, 0.462, -0.719, 0.510, -0.096)      0      0 -1383.42881     1   5.000   -1.000 lightdock_12.pdb      0 -922.648
  112     21     (15.218, 14.698, -12.854, -0.317, -0.448, 0.244, -0.799)      0      0 -1383.60901     1   5.000   -1.000 lightdock_21.pdb      0 -922.651
  103     23     (-16.778, -25.443, 11.462, -0.360, 0.027, -0.565, 0.742)      0      0 -1383.98847     0   5.000   -1.000 lightdock_23.pdb      0 -922.659
   36      3     (-14.942, -15.451, -15.972, 0.174, -0.300, 0.839, 0.420)      0      0 -1384.02689     0   5.000   -1.000  lightdock_3.pdb      0 -922.685
  129      8      (-16.047, 29.251, 11.125, 0.070, 0.904, -0.345, -0.244)      0      0 -1384.06230     0   5.000   -1.000  lightdock_8.pdb      0 -922.708
   98      9        (1.870, 17.787, -17.692, 0.761, -0.393, 0.500, 0.126)      0      0 -1384.06942     0   5.000   -1.000  lightdock_9.pdb      0 -922.713
   42     16        (-9.058, -7.469, 28.940, -0.800, 0.462, 0.069, 0.377)      0      0 -1384.07734     0   5.000   -1.000 lightdock_16.pdb      0 -922.718
   95     22     (-5.089, -3.900, -22.674, -0.468, -0.832, -0.182, 0.235)      0      0 -1384.08569     0   5.000   -1.000 lightdock_22.pdb      0 -922.724
  114     24      (19.027, -19.838, -9.319, -0.707, -0.180, 0.348, 0.589)      0      0 -1384.08783     0   5.000   -1.000 lightdock_24.pdb      0 -922.724
    2     19       (-20.027, 27.047, 3.311, -0.065, 0.472, -0.638, 0.605)      0      0 -1384.09191     0   5.000   -1.000 lightdock_19.pdb      0 -922.728
   19     23        (2.548, 24.565, -26.865, 0.787, 0.140, 0.021, -0.600)      0      0 -1384.11459     0   5.000   -1.000 lightdock_23.pdb      0 -922.743
  130     16       (30.535, -8.550, 1.809, -0.578, -0.186, 0.192, -0.771)      0      0 -1384.04676     1   5.000   -1.000 lightdock_16.pdb      0 -922.753
  169     20     (-25.917, -20.089, 14.857, 0.772, -0.423, 0.432, -0.197)      0      0 -1384.17784     0   5.000   -1.000 lightdock_20.pdb      0 -922.785
    9      3   (-19.174, -7.463, -19.658, -0.361, -0.834, -0.416, -0.040)      0      0 -1384.23469     0   5.000   -1.000  lightdock_3.pdb      0 -922.823
   13     10       (-23.992, -20.710, 1.954, -0.648, 0.337, 0.681, 0.048)      0      0 -1384.24727     0   5.000   -1.000 lightdock_10.pdb      0 -922.832
   36      7     (-14.803, -15.463, -16.006, 0.174, -0.300, 0.839, 0.420)      0      0 -1384.29035     1   5.000   -1.000  lightdock_7.pdb      0 -922.853
   14      1         (11.712, 32.746, -4.295, 0.767, 0.300, 0.054, 0.564)      0      0 -1378.73015     3   5.000   -1.000  lightdock_1.pdb      0 -922.865
  186     24       (6.311, -25.674, 27.681, 0.277, -0.058, -0.957, 0.066)      0      0 -1384.30170     0   5.000   -1.000 lightdock_24.pdb      0 -922.868
   37      5     (-14.681, 17.847, 13.076, -0.162, -0.389, 0.170, -0.891)      0      0 -1384.39447     0   5.000   -1.000  lightdock_5.pdb      0 -922.930
   33     12         (23.583, 24.664, -1.509, 0.122, 0.439, 0.818, 0.350)      0      0 -1384.43283     0   5.000   -1.000 lightdock_12.pdb      0 -922.955
  101      9          (2.376, 26.987, 0.605, -0.524, 0.530, 0.604, 0.282)      0      0 -1384.45486     0   5.000   -1.000  lightdock_9.pdb      0 -922.970
  199      2         (12.241, 7.916, 26.326, 0.400, 0.894, -0.192, 0.067)      0      0 -1384.81459     1   5.000   -1.000  lightdock_2.pdb      0 -922.984
  199      7         (12.195, 7.903, 26.399, 0.400, 0.894, -0.192, 0.067)      0      0 -1384.49411     0   5.000   -1.000  lightdock_7.pdb      0 -922.996
    5     11        (22.587, 23.535, -3.619, -0.514, 0.814, 0.233, 0.140)      0      0 -1384.55686     0   5.000   -1.000 lightdock_11.pdb      0 -923.038
  169     17      (-23.974, -23.440, 14.931, 0.040, -0.707, 0.693, 0.138)      0      0 -1384.56535     0   5.000   -1.000 lightdock_17.pdb      0 -923.044
   32     19        (29.775, -0.403, -7.755, 0.003, -0.665, 0.576, 0.475)      0      0 -1384.58226     0   5.000   -1.000 lightdock_19.pdb      0 -923.055
   41      1         (31.433, 1.991, 7.564, -0.253, 0.767, -0.583, 0.086)      0      0 -1385.30030     1   5.000   -1.000  lightdock_1.pdb      0 -923.067
  126     19        (-13.722, 18.810, 6.632, 0.516, 0.043, 0.462, -0.720)      0      0 -1384.62717     0   5.000   -1.000 lightdock_19.pdb      0 -923.085
  178     13     (-15.233, 25.181, -19.125, 0.218, -0.716, 0.076, -0.659)      0      0 -1384.64222     0   5.000   -1.000 lightdock_13.pdb      0 -923.095
   60     18        (31.316, 2.348, -6.691, -0.661, -0.336, 0.608, 0.284)      0      0 -1385.79411     1   5.000   -1.000 lightdock_18.pdb      0 -923.098
  207     20        (28.726, 15.926, -1.063, 0.367, 0.102, -0.436, 0.815)      0      0 -1384.67782     0   5.000   -1.000 lightdock_20.pdb      0 -923.119
  200     13        (6.474, -33.823, 1.250, 0.205, -0.475, -0.684, 0.515)      0      0 -1384.67872     0   5.000   -1.000 lightdock_13.pdb      0 -923.119
   13     14       (-23.795, -20.975, 1.795, -0.648, 0.337, 0.681, 0.048)      0      0 -1384.85334     1   5.000   -1.000 lightdock_14.pdb      0 -923.131
  106     14     (22.646, -17.471, -5.205, 0.343, -0.292, -0.157, -0.879)      0      0 -1384.69676     0   5.000   -1.000 lightdock_14.pdb      0 -923.131
  206     14   (12.653, -18.206, -12.195, -0.511, -0.578, -0.631, -0.085)      0      0 -1384.71576     0   5.000   -1.000 lightdock_14.pdb      0 -923.144
    4     24         (1.414, 35.851, 1.407, -0.100, -0.617, 0.310, 0.717)      0      0 -1384.71648     0   5.000   -1.000 lightdock_24.pdb      0 -923.144
   77     10      (-7.705, -4.629, 32.232, -0.357, -0.453, -0.616, 0.537)      0      0 -1384.71750     0   5.000   -1.000 lightdock_10.pdb      0 -923.145
  175      5      (-19.578, 23.882, -4.390, 0.798, -0.347, -0.236, 0.432)      0      0 -1384.73147     0   5.000   -1.000  lightdock_5.pdb      0 -923.155
    2      3         (-2.959, 32.679, 4.249, 0.071, 0.075, 0.290, -0.951)      0      0 -1384.80997     0   5.000   -1.000  lightdock_3.pdb      0 -923.207
   52     15     (10.625, -15.468, 9.593, -0.178, -0.762, -0.597, -0.175)      0      0 -1384.81881     0   5.000   -1.000 lightdock_15.pdb      0 -923.213
   10      7        (12.452, 30.136, 5.582, 0.557, 0.736, -0.322, -0.211)      0      0 -1384.82103     0   5.000   -1.000  lightdock_7.pdb      0 -923.214
  159     23         (2.948, 33.082, -5.152, 0.773, 0.295, -0.004, 0.561)      0      0 -1384.82191     0   5.000   -1.000 lightdock_23.pdb      0 -923.215
  175      7      (-23.835, 28.374, -0.308, 0.758, -0.604, -0.152, 0.195)      0      0 -1384.84707     0   5.000   -1.000  lightdock_7.pdb      0 -923.231
  208      7        (4.267, -24.591, 11.353, 0.138, 0.288, 0.920, -0.228)      0      0 -1384.86678     0   5.000   -1.000  lightdock_7.pdb      0 -923.245
   60     21         (31.151, 3.965, -0.715, 0.188, -0.687, 0.684, 0.156)      0      0 -1384.86772     0   5.000   -1.000 lightdock_21.pdb      0 -923.245
   36     24     (-15.269, -15.425, -15.893, 0.174, -0.300, 0.839, 0.420)      0      0 -1384.55386     2   5.000   -1.000 lightdock_24.pdb      0 -923.248
   32      8         (32.130, 0.809, 4.534, 0.531, -0.029, -0.529, 0.662)      0      0 -1384.88239     0   5.000   -1.000  lightdock_8.pdb      0 -923.255
   26      0       (9.162, -24.671, 0.706, -0.249, -0.092, -0.855, 0.447)      0      0 -1384.90063     0   5.000   -1.000  lightdock_0.pdb      0 -923.267
  127      9         (-12.701, 24.382, 5.024, 0.213, 0.116, 0.920, 0.307)      0      0 -1384.90597     0   5.000   -1.000  lightdock_9.pdb      0 -923.271
  216     21       (-5.042, 20.102, -15.097, 0.381, 0.852, -0.178, 0.311)      0      0 -1384.91745     0   5.000   -1.000 lightdock_21.pdb      0 -923.278
   47     16       (4.785, -23.395, 22.098, 0.540, -0.307, 0.170, -0.765)      0      0 -1384.94213     0   5.000   -1.000 lightdock_16.pdb      0 -923.295
   80     13     (0.458, -18.964, -17.771, -0.674, -0.306, -0.446, 0.503)      0      0 -1384.95949     0   5.000   -1.000 lightdock_13.pdb      0 -923.306
  183     13     (-12.446, -5.330, 32.358, 0.283, -0.822, -0.203, -0.450)      0      0 -1384.97399     0   5.000   -1.000 lightdock_13.pdb      0 -923.316
  190     16    (-12.449, 16.139, 17.686, -0.490, -0.039, -0.825, -0.279)      0      0 -1384.97862     0   5.000   -1.000 lightdock_16.pdb      0 -923.319
  193     21     (25.459, -2.963, -13.610, 0.323, -0.329, -0.805, -0.372)      0      0 -1384.97911     0   5.000   -1.000 lightdock_21.pdb      0 -923.319
   71      6        (-30.930, 8.578, 4.045, 0.578, -0.559, 0.413, -0.428)      0      0 -1384.98363     0   5.000   -1.000  lightdock_6.pdb      0 -923.322
  147     14        (23.050, 1.191, 10.660, 0.352, 0.577, -0.264, -0.688)      0      0 -1384.99419     0   5.000   -1.000 lightdock_14.pdb      0 -923.329
   69      8       (15.434, 25.193, -3.350, 0.094, -0.156, -0.983, 0.026)      0      0 -1385.05425     0   5.000   -1.000  lightdock_8.pdb      0 -923.370
   51     23     (-3.334, -21.679, 26.990, -0.397, 0.886, -0.139, -0.193)      0      0 -1385.06158     0   5.000   -1.000 lightdock_23.pdb      0 -923.374
   60      3        (31.419, 2.230, -6.381, -0.661, -0.336, 0.608, 0.284)      0      0 -1385.06417     0   5.000   -1.000  lightdock_3.pdb      0 -923.376
  212     15     (15.204, 25.751, -14.522, -0.170, -0.069, -0.700, 0.690)      0      0 -1385.06820     0   5.000   -1.000 lightdock_15.pdb      0 -923.379
  183     22      (-9.992, 5.361, 28.708, -0.316, -0.821, -0.399, -0.260)      0      0 -1385.07179     0   5.000   -1.000 lightdock_22.pdb      0 -923.381
   37     11     (-20.608, 19.925, 8.339, -0.846, -0.329, -0.417, -0.046)      0      0 -1385.09369     0   5.000   -1.000 lightdock_11.pdb      0 -923.396
  210     14     (-25.167, 5.903, -12.098, -0.155, -0.596, -0.704, 0.353)      0      0 -1385.09462     0   5.000   -1.000 lightdock_14.pdb      0 -923.396
  158      5        (10.154, 25.613, 16.312, 0.347, -0.894, 0.179, 0.222)      0      0 -1385.13098     0   5.000   -1.000  lightdock_5.pdb      0 -923.421
  204     12     (16.686, 6.228, -15.273, -0.136, -0.279, -0.280, -0.908)      0      0 -1385.13302     0   5.000   -1.000 lightdock_12.pdb      0 -923.422
   41     23         (31.713, 2.087, 7.688, -0.253, 0.767, -0.583, 0.086)      0      0 -1385.17051     0   5.000   -1.000 lightdock_23.pdb      0 -923.447
  128      1       (-0.091, 15.460, -14.015, 0.301, 0.115, -0.572, 0.755)      0      0 -1385.17180     0   5.000   -1.000  lightdock_1.pdb      0 -923.448
   45      9     (22.966, 17.240, -20.702, -0.124, 0.704, -0.514, -0.474)      0      0 -1385.19668     0   5.000   -1.000  lightdock_9.pdb      0 -923.464
  155      6        (15.893, -13.262, 3.484, 0.470, 0.863, -0.172, 0.073)      0      0 -1385.20288     0   5.000   -1.000  lightdock_6.pdb      0 -923.469
  136      4      (-33.054, -2.460, -1.531, 0.458, 0.655, -0.006, -0.601)      0      0 -1385.20713     0   5.000   -1.000  lightdock_4.pdb      0 -923.471
    8     18       (4.248, 13.853, -12.233, 0.570, -0.457, -0.680, 0.064)      0      0 -1385.22638     0   5.000   -1.000 lightdock_18.pdb      0 -923.484
  136     24      (-23.483, -8.318, -0.996, 0.705, -0.630, 0.269, -0.185)      0      0 -1385.24794     0   5.000   -1.000 lightdock_24.pdb      0 -923.499
  183      4         (-9.326, 3.154, 26.862, 0.703, 0.159, -0.228, 0.655)      0      0 -1385.26050     0   5.000   -1.000  lightdock_4.pdb      0 -923.507
   62     20      (11.212, -6.149, -15.434, 0.637, 0.706, -0.299, -0.081)      0      0 -1385.26973     0   5.000   -1.000 lightdock_20.pdb      0 -923.513
  121      7      (-7.612, -16.921, 32.573, 0.482, -0.012, 0.520, -0.705)      0      0 -1385.27411     0   5.000   -1.000  lightdock_7.pdb      0 -923.516
  206     17   (12.234, -18.465, -12.170, -0.511, -0.578, -0.631, -0.085)      0      0 -1385.34781     1   5.000   -1.000 lightdock_17.pdb      0 -923.535
  120      1       (-25.297, 10.825, -1.601, 0.064, 0.297, -0.285, 0.909)      0      0 -1385.30281     0   5.000   -1.000  lightdock_1.pdb      0 -923.535
   24     15        (13.232, 6.627, -25.049, -0.777, 0.372, 0.092, 0.499)      0      0 -1385.33466     0   5.000   -1.000 lightdock_15.pdb      0 -923.556
  164     19   (-8.103, -23.063, -19.951, -0.756, -0.310, -0.490, -0.302)      0      0 -1385.36087     0   5.000   -1.000 lightdock_19.pdb      0 -923.574
  160      0    (-18.635, -10.460, 26.426, -0.719, -0.051, -0.608, 0.332)      0      0 -1385.36926     0   5.000   -1.000  lightdock_0.pdb      0 -923.580
  159      6         (2.923, 33.104, -5.086, 0.773, 0.295, -0.004, 0.561)      0      0 -1385.31419     1   5.000   -1.000  lightdock_6.pdb      0 -923.588
   37     18     (-14.663, 17.752, 13.108, -0.162, -0.389, 0.170, -0.891)      0      0 -1385.45992     1   5.000   -1.000 lightdock_18.pdb      0 -923.591
  159      2         (3.084, 32.928, -5.556, 0.773, 0.295, -0.004, 0.561)      0      0 -1385.59013     2   5.000   -1.000  lightdock_2.pdb      0 -923.621
   92     14        (-23.621, 9.339, -3.392, -0.211, 0.713, 0.244, 0.623)      0      0 -1385.44704     0   5.000   -1.000 lightdock_14.pdb      0 -923.631
  193     12     (25.208, -2.853, -13.585, 0.323, -0.329, -0.805, -0.372)      0      0 -1385.55868     1   5.000   -1.000 lightdock_12.pdb      0 -923.678
  117      1     (-18.028, -27.196, 22.113, 0.500, -0.515, 0.189, -0.670)      0      0 -1385.52348     0   5.000   -1.000  lightdock_1.pdb      0 -923.682
   20     20        (24.959, 2.294, 10.205, -0.744, -0.358, 0.030, 0.564)      0      0 -1385.54430     0   5.000   -1.000 lightdock_20.pdb      0 -923.696
  193     15     (25.820, -3.121, -13.646, 0.323, -0.329, -0.805, -0.372)      0      0 -1385.71179     2   5.000   -1.000 lightdock_15.pdb      0 -923.698
  116     11         (-33.789, 4.052, 2.874, 0.110, 0.502, 0.857, -0.027)      0      0 -1385.57041     0   5.000   -1.000 lightdock_11.pdb      0 -923.714
  186     20       (2.631, -16.625, 34.169, 0.685, -0.122, -0.073, 0.714)      0      0 -1385.63521     0   5.000   -1.000 lightdock_20.pdb      0 -923.757
  146      1        (23.237, 11.183, -7.753, 0.504, 0.756, -0.059, 0.414)      0      0 -1385.64293     0   5.000   -1.000  lightdock_1.pdb      0 -923.762
  101      0        (18.607, 29.727, -5.243, 0.519, 0.561, -0.034, 0.644)      0      0 -1385.64604     0   5.000   -1.000  lightdock_0.pdb      0 -923.764
   32     17        (34.863, -0.736, -2.116, 0.087, 0.454, -0.383, 0.800)      0      0 -1385.65633     0   5.000   -1.000 lightdock_17.pdb      0 -923.771
   22     19       (27.514, -13.115, -7.715, 0.732, 0.522, -0.377, 0.223)      0      0 -1385.69384     0   5.000   -1.000 lightdock_19.pdb      0 -923.796
  187     23        (6.482, -23.474, 27.264, 0.537, -0.696, 0.461, 0.121)      0      0 -1385.70766     0   5.000   -1.000 lightdock_23.pdb      0 -923.805
  209     20        (19.286, 0.192, 16.716, -0.243, 0.498, -0.144, 0.820)      0      0 -1385.71344     0   5.000   -1.000 lightdock_20.pdb      0 -923.809
  175     13      (-19.391, 23.804, -4.316, 0.798, -0.347, -0.236, 0.432)      0      0 -1385.41108     1   5.000   -1.000 lightdock_13.pdb      0 -923.848
  157      1     (-21.022, 23.944, -15.204, -0.077, 0.961, 0.264, -0.027)      0      0 -1385.77895     0   5.000   -1.000  lightdock_1.pdb      0 -923.853
   19     19        (2.557, 24.599, -26.885, 0.787, 0.140, 0.021, -0.600)      0      0 -1385.13446     1   5.000   -1.000 lightdock_19.pdb      0 -923.886
  164      8   (-8.038, -23.131, -19.936, -0.756, -0.310, -0.490, -0.302)      0      0 -1385.62651     1   5.000   -1.000  lightdock_8.pdb      0 -923.912
   32      4      (30.355, -1.888, -0.468, -0.766, 0.270, -0.031, -0.582)      0      0 -1385.89500     0   5.000   -1.000  lightdock_4.pdb      0 -923.930
   72     15         (12.646, -8.267, 26.748, 0.100, 0.428, 0.246, 0.864)      0      0 -1385.91247     0   5.000   -1.000 lightdock_15.pdb      0 -923.942
   82      3        (-4.166, -18.853, 6.026, 0.043, 0.391, 0.007, -0.919)      0      0 -1385.93443     0   5.000   -1.000  lightdock_3.pdb      0 -923.956
  103     21     (-15.250, -25.844, 24.705, 0.866, -0.324, -0.286, 0.253)      0      0 -1385.97875     0   5.000   -1.000 lightdock_21.pdb      0 -923.986
   49     21         (23.949, -16.517, 0.676, 0.898, 0.304, 0.094, 0.304)      0      0 -1386.03523     0   5.000   -1.000 lightdock_21.pdb      0 -924.023
  193     22     (25.521, -2.899, -13.750, 0.323, -0.329, -0.805, -0.372)      0      0 -1386.05585     3   5.000   -1.000 lightdock_22.pdb      0 -924.027
  121      9        (4.252, -10.364, 23.961, 0.317, -0.443, 0.838, 0.040)      0      0 -1386.08837     0   5.000   -1.000  lightdock_9.pdb      0 -924.059
   18     14      (23.301, 20.682, -5.422, -0.089, -0.466, -0.191, 0.859)      0      0 -1386.10501     0   5.000   -1.000 lightdock_14.pdb      0 -924.070
  112     10         (15.626, 26.045, -6.563, 0.163, 0.905, 0.366, 0.144)      0      0 -1386.11765     0   5.000   -1.000 lightdock_10.pdb      0 -924.078
  185     17       (7.895, -2.285, 24.635, 0.034, -0.106, -0.325, -0.939)      0      0 -1386.12470     0   5.000   -1.000 lightdock_17.pdb      0 -924.083
  117     16       (-14.730, -23.101, 13.698, 0.309, 0.646, 0.258, 0.649)      0      0 -1386.14898     0   5.000   -1.000 lightdock_16.pdb      0 -924.099
  179     13    (21.959, 10.011, -18.299, -0.504, -0.118, -0.465, -0.719)      0      0 -1386.16468     0   5.000   -1.000 lightdock_13.pdb      0 -924.110
  194      3      (-16.562, 29.644, 13.885, -0.749, 0.453, -0.446, 0.186)      0      0 -1386.19926     0   5.000   -1.000  lightdock_3.pdb      0 -924.133
    6     18     (-19.280, -13.500, -2.343, 0.374, -0.139, -0.505, 0.765)      0      0 -1386.20228     0   5.000   -1.000 lightdock_18.pdb      0 -924.135
  177      5       (-5.932, -33.458, 9.514, 0.046, 0.552, -0.671, -0.492)      0      0 -1386.23511     0   5.000   -1.000  lightdock_5.pdb      0 -924.157
   98     21      (8.908, 18.140, -26.527, 0.360, -0.670, -0.647, -0.050)      0      0 -1386.23938     0   5.000   -1.000 lightdock_21.pdb      0 -924.160
   40     24          (4.930, 19.978, 19.257, 0.359, 0.223, 0.767, 0.483)      0      0 -1386.29873     0   5.000   -1.000 lightdock_24.pdb      0 -924.199
  119      1      (10.663, 23.134, -20.176, -0.137, 0.963, -0.047, 0.228)      0      0 -1386.34789     0   5.000   -1.000  lightdock_1.pdb      0 -924.232
  162      4        (8.612, 16.436, 18.893, -0.437, 0.204, -0.429, 0.764)      0      0 -1386.35362     0   5.000   -1.000  lightdock_4.pdb      0 -924.236
   41     18         (31.892, 2.149, 7.768, -0.253, 0.767, -0.583, 0.086)      0      0 -1385.65890     2   5.000   -1.000 lightdock_18.pdb      0 -924.242
  218      8    (-5.355, -15.536, -13.794, 0.848, -0.439, -0.245, -0.167)      0      0 -1386.36555     0   5.000   -1.000  lightdock_8.pdb      0 -924.244
  178      5     (-18.106, 19.411, -19.637, 0.109, -0.583, 0.333, -0.733)      0      0 -1386.37960     0   5.000   -1.000  lightdock_5.pdb      0 -924.253
  104     20        (13.375, -28.217, 14.634, 0.546, 0.370, 0.602, 0.450)      0      0 -1386.44146     0   5.000   -1.000 lightdock_20.pdb      0 -924.294
   14     20         (12.248, 32.910, -4.608, 0.767, 0.300, 0.054, 0.564)      0      0 -1382.07197     5   5.000   -1.000 lightdock_20.pdb      0 -924.296
  205     14      (-23.517, 24.056, -0.617, -0.349, 0.230, -0.138, 0.898)      0      0 -1386.45315     0   5.000   -1.000 lightdock_14.pdb      0 -924.302
  211     22        (-13.596, -5.567, 19.181, 0.214, 0.935, 0.021, 0.281)      0      0 -1386.49810     0   5.000   -1.000 lightdock_22.pdb      0 -924.332
  138      3       (-4.044, 5.232, -21.405, 0.028, -0.702, 0.047, -0.710)      0      0 -1386.50412     0   5.000   -1.000  lightdock_3.pdb      0 -924.336
  217     11       (-7.562, 26.475, 14.026, 0.218, -0.955, 0.021, -0.200)      0      0 -1386.51444     0   5.000   -1.000 lightdock_11.pdb      0 -924.343
  158     14        (4.566, 30.152, 8.534, -0.138, -0.580, -0.271, 0.756)      0      0 -1386.56200     0   5.000   -1.000 lightdock_14.pdb      0 -924.375
   96      8       (-23.462, 0.041, 7.490, -0.171, -0.341, -0.694, 0.611)      0      0 -1386.56209     0   5.000   -1.000  lightdock_8.pdb      0 -924.375
  137      6      (-21.990, 21.022, -0.663, -0.006, -0.227, 0.503, 0.834)      0      0 -1386.56732     0   5.000   -1.000  lightdock_6.pdb      0 -924.378
  217      1       (-7.595, 26.586, 13.881, 0.218, -0.955, 0.021, -0.200)      0      0 -1386.55584     1   5.000   -1.000  lightdock_1.pdb      0 -924.380
   53      6         (21.119, 28.255, 6.520, -0.277, 0.323, 0.458, 0.780)      0      0 -1386.60114     0   5.000   -1.000  lightdock_6.pdb      0 -924.401
  173      0        (-32.278, 4.437, 2.336, 0.862, 0.304, -0.404, -0.041)      0      0 -1384.85155     1   5.000   -1.000  lightdock_0.pdb      0 -924.415
   98      8       (2.759, 25.890, -22.184, -0.210, -0.934, 0.288, 0.018)      0      0 -1386.69022     0   5.000   -1.000  lightdock_8.pdb      0 -924.460
   36      1  (-23.518, -14.607, -13.790, -0.276, -0.240, -0.925, -0.107)      0      0 -1386.72989     0   5.000   -1.000  lightdock_1.pdb      0 -924.487
   93      0        (11.539, 4.105, 26.261, 0.382, -0.717, 0.464, -0.353)      0      0 -1386.76697     0   5.000   -1.000  lightdock_0.pdb      0 -924.511
   43      6       (3.436, -21.233, 26.537, 0.270, -0.720, -0.633, 0.091)      0      0 -1386.76986     0   5.000   -1.000  lightdock_6.pdb      0 -924.513
  219     19         (-28.030, 8.170, 5.646, 0.135, 0.231, 0.035, -0.963)      0      0 -1386.77395     0   5.000   -1.000 lightdock_19.pdb      0 -924.516
   56     15       (13.774, 12.503, 16.231, 0.109, -0.494, 0.265, -0.821)      0      0 -1386.78915     0   5.000   -1.000 lightdock_15.pdb      0 -924.526
  173     12      (-35.216, 9.245, -1.316, 0.759, -0.002, -0.329, -0.562)      0      0 -1386.79783     0   5.000   -1.000 lightdock_12.pdb      0 -924.532
   52     10      (20.961, -18.534, 18.666, -0.390, -0.498, 0.456, 0.626)      0      0 -1386.80335     0   5.000   -1.000 lightdock_10.pdb      0 -924.536
   88     12       (22.966, 30.268, -3.408, -0.320, 0.402, -0.546, 0.662)      0      0 -1386.81664     0   5.000   -1.000 lightdock_12.pdb      0 -924.544
  164      4    (-2.209, -22.178, -19.968, -0.298, -0.467, 0.371, -0.745)      0      0 -1384.23877     2   5.000   -1.000  lightdock_4.pdb      0 -924.583
    9     24   (-19.240, -7.555, -19.473, -0.361, -0.834, -0.416, -0.040)      0      0 -1385.84188     1   5.000   -1.000 lightdock_24.pdb      0 -924.590
  136     20      (-31.489, -8.181, -2.450, 0.539, -0.057, 0.155, -0.826)      0      0 -1386.97116     0   5.000   -1.000 lightdock_20.pdb      0 -924.647
    6     16     (-19.363, -13.445, -2.232, 0.374, -0.139, -0.505, 0.765)      0      0 -1387.14327     1   5.000   -1.000 lightdock_16.pdb      0 -924.651
   65     22        (20.508, 13.647, -21.261, 0.651, 0.360, 0.454, 0.490)      0      0 -1386.99641     0   5.000   -1.000 lightdock_22.pdb      0 -924.664
   44      2         (22.385, 1.216, 4.014, 0.336, -0.069, -0.939, 0.005)      0      0 -1387.00501     0   5.000   -1.000  lightdock_2.pdb      0 -924.670
  195     18       (-21.955, 6.765, 2.149, -0.460, 0.720, -0.483, -0.193)      0      0 -1387.03476     0   5.000   -1.000 lightdock_18.pdb      0 -924.690
  116     16       (-35.216, -0.563, -3.481, 0.579, 0.276, 0.719, -0.268)      0      0 -1387.03865     0   5.000   -1.000 lightdock_16.pdb      0 -924.692
  207      6         (29.428, 2.087, -1.954, -0.408, 0.122, 0.905, 0.012)      0      0 -1387.07717     0   5.000   -1.000  lightdock_6.pdb      0 -924.718
   25     23      (-10.912, 8.117, 29.508, -0.725, 0.174, -0.666, -0.017)      0      0 -1387.08064     0   5.000   -1.000 lightdock_23.pdb      0 -924.720
  133     19       (-19.770, 20.958, 9.110, 0.218, 0.457, -0.241, -0.828)      0      0 -1387.08671     0   5.000   -1.000 lightdock_19.pdb      0 -924.724
  155      4         (19.364, -27.253, 4.997, 0.689, 0.276, 0.665, 0.086)      0      0 -1387.09059     0   5.000   -1.000  lightdock_4.pdb      0 -924.727
  145     13       (1.215, 15.578, -14.263, 0.523, -0.091, 0.827, -0.182)      0      0 -1387.11480     0   5.000   -1.000 lightdock_13.pdb      0 -924.743
  162      9       (16.355, 15.961, 16.143, 0.499, 0.373, -0.484, -0.615)      0      0 -1387.17356     0   5.000   -1.000  lightdock_9.pdb      0 -924.782
  187      0        (9.576, -18.102, 22.377, 0.002, -0.322, 0.232, 0.918)      0      0 -1387.18064     0   5.000   -1.000  lightdock_0.pdb      0 -924.787
   23     21      (-3.788, 29.755, -1.203, 0.893, -0.017, -0.443, -0.078)      0      0 -1387.23999     0   5.000   -1.000 lightdock_21.pdb      0 -924.827
  100     23      (19.653, 15.035, 15.964, -0.055, -0.654, 0.146, -0.740)      0      0 -1387.24587     0   5.000   -1.000 lightdock_23.pdb      0 -924.831
   34     16    (-5.911, -31.977, -0.835, -0.083, -0.808, -0.335, -0.478)      0      0 -1387.49958     0   5.000   -1.000 lightdock_16.pdb      0 -924.835
   87      0      (16.000, -17.889, -4.963, -0.369, 0.181, 0.910, -0.048)      0      0 -1387.25506     0   5.000   -1.000  lightdock_0.pdb      0 -924.837
  181     21       (-16.627, -31.592, -0.512, 0.366, 0.695, 0.528, 0.324)      0      0 -1387.29972     0   5.000   -1.000 lightdock_21.pdb      0 -924.866
   40     11          (4.979, 19.977, 19.273, 0.359, 0.223, 0.767, 0.483)      0      0 -1386.89280     1   5.000   -1.000 lightdock_11.pdb      0 -924.880
  126     23      (-11.659, 7.244, 11.139, -0.327, 0.043, -0.471, -0.818)      0      0 -1387.34208     0   5.000   -1.000 lightdock_23.pdb      0 -924.895
   30     16       (-16.203, -28.181, -5.421, 0.754, 0.038, 0.632, 0.175)      0      0 -1387.36108     0   5.000   -1.000 lightdock_16.pdb      0 -924.907
   48     15     (19.313, 23.958, -13.648, -0.027, 0.368, -0.135, -0.919)      0      0 -1387.37155     0   5.000   -1.000 lightdock_15.pdb      0 -924.914
   31      2        (-6.325, 9.113, 29.281, 0.171, -0.793, 0.572, -0.120)      0      0 -1387.38142     0   5.000   -1.000  lightdock_2.pdb      0 -924.921
    0     14        (6.840, -4.303, 27.909, 0.286, -0.736, -0.148, 0.596)      0      0 -1387.40084     0   5.000   -1.000 lightdock_14.pdb      0 -924.934
   70      4         (16.726, -29.936, 3.847, 0.954, 0.244, 0.137, 0.103)      0      0 -1387.44233     0   5.000   -1.000  lightdock_4.pdb      0 -924.962
  109     23      (-12.240, 12.132, 25.519, -0.061, 0.171, -0.567, 0.803)      0      0 -1387.48954     0   5.000   -1.000 lightdock_23.pdb      0 -924.974
   75     16     (-27.508, -0.045, -20.865, -0.780, -0.175, 0.557, 0.224)      0      0 -1387.74984     1   5.000   -1.000 lightdock_16.pdb      0 -924.983
   25     20        (2.098, 7.317, 26.715, -0.605, 0.447, -0.086, -0.654)      0      0 -1387.49302     0   5.000   -1.000 lightdock_20.pdb      0 -924.995
  197     13        (29.737, 7.467, -4.290, 0.910, -0.253, 0.253, -0.210)      0      0 -1387.53961     0   5.000   -1.000 lightdock_13.pdb      0 -925.026
   75      6      (-27.951, 0.080, -20.729, -0.780, -0.175, 0.557, 0.224)      0      0 -1387.55596     0   5.000   -1.000  lightdock_6.pdb      0 -925.037
  214     24       (-26.008, -23.828, 13.133, 0.432, 0.155, 0.720, 0.521)      0      0 -1387.56510     0   5.000   -1.000 lightdock_24.pdb      0 -925.043
   34     22    (-6.094, -31.894, -0.514, -0.083, -0.808, -0.335, -0.478)      0      0 -1387.73177     1   5.000   -1.000 lightdock_22.pdb      0 -925.045
   14     23       (16.152, 24.998, 2.503, -0.333, -0.513, 0.737, -0.286)      0      0 -1387.58207     0   5.000   -1.000 lightdock_23.pdb      0 -925.055
   73     17         (3.520, -7.529, 23.274, 0.006, -0.388, 0.800, 0.457)      0      0 -1388.11671     1   5.000   -1.000 lightdock_17.pdb      0 -925.094
  152     14       (25.493, 17.718, -7.462, -0.031, 0.515, -0.336, 0.788)      0      0 -1387.65763     0   5.000   -1.000 lightdock_14.pdb      0 -925.105
   63     21       (-6.299, 19.011, -8.421, 0.080, -0.277, 0.889, -0.357)      0      0 -1387.66068     0   5.000   -1.000 lightdock_21.pdb      0 -925.107
  108      1        (2.276, -19.334, 1.647, 0.518, 0.056, -0.848, -0.094)      0      0 -1387.73085     0   5.000   -1.000  lightdock_1.pdb      0 -925.154
   73     10         (3.625, -7.844, 22.978, 0.006, -0.388, 0.800, 0.457)      0      0 -1387.73158     0   5.000   -1.000 lightdock_10.pdb      0 -925.154
  111      2        (17.167, -15.454, 21.079, 0.040, 0.312, 0.560, 0.767)      0      0 -1387.77551     0   5.000   -1.000  lightdock_2.pdb      0 -925.184
   34     12    (-5.969, -31.950, -0.735, -0.083, -0.808, -0.335, -0.478)      0      0 -1387.87911     2   5.000   -1.000 lightdock_12.pdb      0 -925.237
    0     23      (5.479, -15.964, 24.684, -0.275, -0.861, -0.065, 0.424)      0      0 -1387.86638     0   5.000   -1.000 lightdock_23.pdb      0 -925.244
   80      3      (-8.586, -13.326, -11.514, -0.530, 0.601, 0.537, 0.263)      0      0 -1387.87012     0   5.000   -1.000  lightdock_3.pdb      0 -925.247
    8      1        (-5.516, 10.934, -19.174, 0.526, 0.598, 0.579, 0.172)      0      0 -1387.91510     0   5.000   -1.000  lightdock_1.pdb      0 -925.277
  159     16         (-1.463, 33.870, 2.745, 0.596, 0.773, -0.180, 0.124)      0      0 -1383.20202     3   5.000   -1.000 lightdock_16.pdb      0 -925.279
  102     21     (13.380, -25.432, -3.000, -0.906, -0.404, 0.078, -0.101)      0      0 -1387.91995     0   5.000   -1.000 lightdock_21.pdb      0 -925.280
   25     15      (-10.923, 8.157, 29.505, -0.725, 0.174, -0.666, -0.017)      0      0 -1387.57629     1   5.000   -1.000 lightdock_15.pdb      0 -925.284
  181      8        (-9.419, -31.349, 8.270, 0.750, 0.340, 0.542, -0.169)      0      0 -1387.92878     0   5.000   -1.000  lightdock_8.pdb      0 -925.286
   76     22     (-4.660, 14.898, -13.670, -0.419, 0.610, -0.295, -0.604)      0      0 -1387.94272     0   5.000   -1.000 lightdock_22.pdb      0 -925.295
  211     11      (-9.310, -9.393, 15.830, -0.439, -0.144, 0.056, -0.885)      0      0 -1387.98138     0   5.000   -1.000 lightdock_11.pdb      0 -925.321
  159     24       (5.168, 35.703, -0.261, -0.692, -0.630, 0.350, -0.044)      0      0 -1388.00827     0   5.000   -1.000 lightdock_24.pdb      0 -925.339
  102     16        (4.707, -30.820, 1.520, -0.155, 0.208, -0.610, 0.749)      0      0 -1388.06552     0   5.000   -1.000 lightdock_16.pdb      0 -925.377
  165     22        (6.865, -23.387, 16.924, 0.163, 0.237, 0.888, -0.359)      0      0 -1388.06568     0   5.000   -1.000 lightdock_22.pdb      0 -925.377
  219     24         (-16.902, 2.946, 1.523, 0.383, 0.579, -0.247, 0.676)      0      0 -1388.06777     0   5.000   -1.000 lightdock_24.pdb      0 -925.379
  116      5         (-26.470, -2.036, 3.301, 0.212, 0.165, 0.907, 0.324)      0      0 -1388.09427     0   5.000   -1.000  lightdock_5.pdb      0 -925.396
   62     17     (11.845, -14.348, -15.025, 0.273, -0.159, 0.949, -0.013)      0      0 -1388.12037     0   5.000   -1.000 lightdock_17.pdb      0 -925.414
  116     15     (-35.124, -0.762, -2.903, 0.074, -0.706, -0.057, -0.702)      0      0 -1388.12513     0   5.000   -1.000 lightdock_15.pdb      0 -925.417
  113      9         (-8.661, -5.493, 24.816, 0.472, 0.306, 0.670, 0.485)      0      0 -1388.20097     0   5.000   -1.000  lightdock_9.pdb      0 -925.467
  109     13      (-12.419, 12.059, 25.561, -0.061, 0.171, -0.567, 0.803)      0      0 -1387.83274     1   5.000   -1.000 lightdock_13.pdb      0 -925.481
   89     17      (17.366, -0.367, 19.662, -0.554, -0.403, -0.686, 0.246)      0      0 -1388.24521     0   5.000   -1.000 lightdock_17.pdb      0 -925.497
   54     13         (26.331, 5.724, -9.844, 0.097, 0.208, 0.384, -0.894)      0      0 -1388.26385     0   5.000   -1.000 lightdock_13.pdb      0 -925.509
  165     13       (-0.331, -24.715, 19.768, -0.837, 0.409, 0.336, 0.137)      0      0 -1388.27895     0   5.000   -1.000 lightdock_13.pdb      0 -925.519
   82     24      (-6.799, -32.090, 9.701, -0.290, 0.598, -0.404, -0.629)      0      0 -1388.30990     0   5.000   -1.000 lightdock_24.pdb      0 -925.540
   63     11       (-12.754, 20.907, -24.871, 0.974, 0.109, 0.199, 0.029)      0      0 -1388.74829     1   5.000   -1.000 lightdock_11.pdb      0 -925.570
   28     21           (19.050, 5.336, 6.418, 0.573, 0.555, 0.596, 0.095)      0      0 -1388.35737     0   5.000   -1.000 lightdock_21.pdb      0 -925.572
   20      6        (25.992, 2.841, 20.829, -0.011, -0.284, 0.229, 0.931)      0      0 -1388.37451     0   5.000   -1.000  lightdock_6.pdb      0 -925.583
   25     12        (2.110, 7.287, 26.720, -0.605, 0.447, -0.086, -0.654)      0      0 -1387.94476     1   5.000   -1.000 lightdock_12.pdb      0 -925.583
   23      0         (-4.555, 29.384, 3.891, 0.913, 0.360, 0.154, -0.118)      0      0 -1388.37876     0   5.000   -1.000  lightdock_0.pdb      0 -925.586
   70      0       (15.376, -24.039, 1.695, -0.097, -0.423, 0.824, 0.365)      0      0 -1388.42040     0   5.000   -1.000  lightdock_0.pdb      0 -925.614
  159     20        (-4.493, 33.362, -3.565, 0.749, 0.642, 0.073, -0.147)      0      0 -1388.44473     0   5.000   -1.000 lightdock_20.pdb      0 -925.630
  205      4     (-24.232, 21.046, -1.067, -0.779, -0.408, -0.453, 0.146)      0      0 -1388.45482     0   5.000   -1.000  lightdock_4.pdb      0 -925.637
  162     23           (13.529, 8.266, 5.400, 0.575, 0.457, 0.264, 0.625)      0      0 -1388.49040     0   5.000   -1.000 lightdock_23.pdb      0 -925.660
    2     17        (-4.424, 29.585, 3.890, -0.537, 0.599, 0.160, -0.572)      0      0 -1388.50079     0   5.000   -1.000 lightdock_17.pdb      0 -925.667
    7     15        (21.913, 9.639, -3.715, 0.853, 0.088, -0.038, -0.513)      0      0 -1388.50970     0   5.000   -1.000 lightdock_15.pdb      0 -925.673
   28     13        (23.829, 10.461, 16.673, 0.400, 0.826, -0.357, 0.175)      0      0 -1382.88730     4   5.000   -1.000 lightdock_13.pdb      0 -925.675
  111      9     (24.732, -10.489, 15.516, -0.427, -0.314, 0.716, -0.455)      0      0 -1388.53499     0   5.000   -1.000  lightdock_9.pdb      0 -925.690
   15      5        (-5.091, -3.504, 22.192, 0.004, -0.153, 0.581, 0.800)      0      0 -1388.53851     0   5.000   -1.000  lightdock_5.pdb      0 -925.692
   63      9       (-13.009, 21.081, -24.942, 0.974, 0.109, 0.199, 0.029)      0      0 -1388.55887     0   5.000   -1.000  lightdock_9.pdb      0 -925.706
  209      2        (23.452, -1.314, 16.106, 0.094, 0.774, -0.149, 0.608)      0      0 -1388.56478     0   5.000   -1.000  lightdock_2.pdb      0 -925.710
   13     24      (-28.894, -11.667, 4.941, 0.508, -0.848, 0.154, -0.006)      0      0 -1389.54674     1   5.000   -1.000 lightdock_24.pdb      0 -925.738
  217     24      (-8.544, 14.937, 17.192, -0.738, -0.325, -0.552, 0.211)      0      0 -1388.61029     0   5.000   -1.000 lightdock_24.pdb      0 -925.740
    1      9        (0.564, 8.566, -26.906, -0.632, -0.059, 0.076, 0.769)      0      0 -1388.64152     0   5.000   -1.000  lightdock_9.pdb      0 -925.761
  123      1       (12.609, 2.734, 30.595, -0.438, 0.501, -0.379, -0.643)      0      0 -1388.71468     0   5.000   -1.000  lightdock_1.pdb      0 -925.810
   24      1     (20.606, 1.739, -25.401, -0.346, -0.226, -0.558, -0.720)      0      0 -1388.75433     0   5.000   -1.000  lightdock_1.pdb      0 -925.836
  112     22      (23.902, 20.976, -16.011, 0.355, -0.149, -0.665, 0.640)      0      0 -1389.12901     1   5.000   -1.000 lightdock_22.pdb      0 -925.850
   49     20         (31.265, -9.945, -6.218, 0.334, 0.673, 0.015, 0.660)      0      0 -1388.80448     0   5.000   -1.000 lightdock_20.pdb      0 -925.870
   13     23      (-20.457, -8.548, -0.510, -0.656, -0.343, 0.359, 0.569)      0      0 -1382.92752     3   5.000   -1.000 lightdock_23.pdb      0 -925.877
   49     15         (31.136, -9.907, -5.916, 0.334, 0.673, 0.015, 0.660)      0      0 -1388.93497     1   5.000   -1.000 lightdock_15.pdb      0 -925.879
  201     14    (-21.778, 16.742, -15.898, 0.172, -0.967, -0.074, -0.175)      0      0 -1388.82998     0   5.000   -1.000 lightdock_14.pdb      0 -925.887
  119     18        (16.895, 26.270, -6.694, 0.072, 0.323, -0.734, 0.593)      0      0 -1388.86474     0   5.000   -1.000 lightdock_18.pdb      0 -925.910
  204      1     (16.642, 6.162, -15.180, -0.136, -0.279, -0.280, -0.908)      0      0 -1387.26908     1   5.000   -1.000  lightdock_1.pdb      0 -925.913
  112      6      (23.883, 20.901, -16.421, 0.355, -0.149, -0.665, 0.640)      0      0 -1388.91441     0   5.000   -1.000  lightdock_6.pdb      0 -925.943
    5     22      (18.604, 17.174, -1.114, -0.161, -0.380, -0.898, 0.150)      0      0 -1388.92511     0   5.000   -1.000 lightdock_22.pdb      0 -925.950
   68      4     (-0.092, -20.622, -1.310, -0.642, -0.012, -0.509, 0.572)      0      0 -1388.92613     0   5.000   -1.000  lightdock_4.pdb      0 -925.951
  218      3   (-11.048, -29.937, -6.588, -0.126, -0.191, -0.944, -0.240)      0      0 -1388.95122     0   5.000   -1.000  lightdock_3.pdb      0 -925.967
   30     19      (-14.384, -19.680, 4.623, -0.376, 0.652, 0.142, -0.643)      0      0 -1366.14142     5   5.000   -1.000 lightdock_19.pdb      0 -926.035
   62     16     (11.670, -14.218, -15.088, 0.273, -0.159, 0.949, -0.013)      0      0 -1388.86554     1   5.000   -1.000 lightdock_16.pdb      0 -926.047
  116     13     (-32.915, 2.183, -3.243, -0.184, -0.059, -0.376, -0.906)      0      0 -1389.08220     0   5.000   -1.000 lightdock_13.pdb      0 -926.055
  113      0         (0.989, 1.572, 30.191, 0.361, -0.533, -0.020, 0.765)      0      0 -1389.08395     0   5.000   -1.000  lightdock_0.pdb      0 -926.056
   77      2      (-6.926, -6.599, 27.521, -0.824, -0.212, -0.431, 0.300)      0      0 -1389.08533     0   5.000   -1.000  lightdock_2.pdb      0 -926.057
   89      3         (20.809, 5.979, 15.228, 0.096, -0.420, 0.149, 0.890)      0      0 -1389.10024     0   5.000   -1.000  lightdock_3.pdb      0 -926.067
  190     19        (-16.994, 21.342, 4.405, 0.315, 0.672, -0.669, 0.033)      0      0 -1389.21895     0   5.000   -1.000 lightdock_19.pdb      0 -926.146
  165     21      (-5.239, -23.213, 21.272, 0.208, -0.973, 0.097, -0.002)      0      0 -1389.24861     0   5.000   -1.000 lightdock_21.pdb      0 -926.166
  126     21      (-7.185, 13.462, 22.730, -0.651, -0.550, -0.517, 0.075)      0      0 -1389.25371     0   5.000   -1.000 lightdock_21.pdb      0 -926.169
   84     22      (17.500, -16.659, 15.803, 0.409, -0.746, 0.461, -0.254)      0      0 -1389.25714     0   5.000   -1.000 lightdock_22.pdb      0 -926.171
   24     13     (20.605, 1.768, -25.414, -0.346, -0.226, -0.558, -0.720)      0      0 -1389.05792     1   5.000   -1.000 lightdock_13.pdb      0 -926.174
  153     16     (-17.930, -23.904, 19.031, 0.054, 0.235, -0.868, -0.434)      0      0 -1389.31939     0   5.000   -1.000 lightdock_16.pdb      0 -926.213
   41      5        (30.897, 0.161, -0.266, -0.388, 0.115, 0.898, -0.173)      0      0 -1389.34370     0   5.000   -1.000  lightdock_5.pdb      0 -926.229
  113      2      (-13.633, 3.433, 23.916, 0.634, -0.020, -0.083, -0.769)      0      0 -1389.38804     0   5.000   -1.000  lightdock_2.pdb      0 -926.259
   46     22     (-18.616, 19.562, -22.932, -0.632, -0.160, 0.751, 0.105)      0      0 -1390.36361     1   5.000   -1.000 lightdock_22.pdb      0 -926.259
  187     17        (9.691, -18.064, 22.459, 0.002, -0.322, 0.232, 0.918)      0      0 -1388.71918     1   5.000   -1.000 lightdock_17.pdb      0 -926.288
  168     12       (-24.033, -13.920, 6.639, 0.729, -0.222, 0.542, 0.355)      0      0 -1389.43552     0   5.000   -1.000 lightdock_12.pdb      0 -926.290
  193     14      (28.637, 10.933, -13.171, 0.366, 0.162, -0.878, -0.263)      0      0 -1389.43695     0   5.000   -1.000 lightdock_14.pdb      0 -926.291
   17      8          (21.153, 0.338, 21.758, 0.518, 0.501, 0.606, 0.337)      0      0 -1389.44618     0   5.000   -1.000  lightdock_8.pdb      0 -926.297
   13     12      (-29.150, -11.809, 4.842, 0.508, -0.848, 0.154, -0.006)      0      0 -1389.49146     0   5.000   -1.000 lightdock_12.pdb      0 -926.327
   17     16          (20.981, 0.598, 21.448, 0.518, 0.501, 0.606, 0.337)      0      0 -1389.66918     1   5.000   -1.000 lightdock_16.pdb      0 -926.334
   85      8       (-19.920, -0.421, -2.824, 0.873, 0.299, 0.332, -0.197)      0      0 -1389.52386     0   5.000   -1.000  lightdock_8.pdb      0 -926.349
   71     14         (-16.192, 7.602, 5.058, 0.288, -0.095, 0.417, 0.857)      0      0 -1389.55809     0   5.000   -1.000 lightdock_14.pdb      0 -926.372
  114     16       (26.480, -14.334, 0.754, 0.221, -0.137, 0.893, -0.368)      0      0 -1389.56713     0   5.000   -1.000 lightdock_16.pdb      0 -926.378
  211     20     (-7.242, -22.441, 20.440, -0.588, -0.221, 0.431, -0.648)      0      0 -1389.58880     0   5.000   -1.000 lightdock_20.pdb      0 -926.393
  186      9        (3.405, -11.844, 18.634, 0.735, 0.665, -0.061, 0.117)      0      0 -1389.60010     0   5.000   -1.000  lightdock_9.pdb      0 -926.400
  123     11       (19.433, 7.804, 20.235, -0.008, -0.603, -0.099, 0.792)      0      0 -1389.60082     0   5.000   -1.000 lightdock_11.pdb      0 -926.401
  156      5        (30.760, 3.350, 0.459, -0.075, -0.192, -0.605, 0.769)      0      0 -1389.61763     0   5.000   -1.000  lightdock_5.pdb      0 -926.412
  163     15      (-0.515, 22.488, -21.099, -0.079, -0.535, 0.141, 0.829)      0      0 -1389.67525     0   5.000   -1.000 lightdock_15.pdb      0 -926.450
   16      9       (5.115, -13.016, 28.917, 0.053, -0.501, -0.572, 0.647)      0      0 -1389.70414     0   5.000   -1.000  lightdock_9.pdb      0 -926.469
   31     19        (-8.030, 8.340, 19.877, -0.820, 0.092, -0.564, 0.020)      0      0 -1389.70792     0   5.000   -1.000 lightdock_19.pdb      0 -926.472
   46     15     (-19.058, 19.542, -22.942, -0.632, -0.160, 0.751, 0.105)      0      0 -1389.70815     0   5.000   -1.000 lightdock_15.pdb      0 -926.472
  112      3      (19.271, 22.290, -5.644, -0.163, -0.714, -0.565, 0.381)      0      0 -1389.74190     0   5.000   -1.000  lightdock_3.pdb      0 -926.495
   39     10      (-22.600, 12.649, -5.107, -0.589, 0.271, 0.561, -0.514)      0      0 -1389.78520     0   5.000   -1.000 lightdock_10.pdb      0 -926.523
   69     12       (18.829, 30.615, -1.149, -0.002, 0.387, 0.763, -0.518)      0      0 -1389.80791     0   5.000   -1.000 lightdock_12.pdb      0 -926.539
    0     20       (6.595, -9.082, 22.528, 0.191, -0.616, -0.571, -0.508)      0      0 -1389.84001     0   5.000   -1.000 lightdock_20.pdb      0 -926.560
  216      3       (-7.746, 32.242, -7.748, 0.595, 0.596, -0.529, -0.108)      0      0 -1389.84366     0   5.000   -1.000  lightdock_3.pdb      0 -926.562
  163     19      (-0.224, 22.382, -21.178, -0.079, -0.535, 0.141, 0.829)      0      0 -1389.83053     1   5.000   -1.000 lightdock_19.pdb      0 -926.571
  162      6       (20.849, 11.931, 19.909, 0.045, -0.807, -0.270, 0.524)      0      0 -1389.94486     0   5.000   -1.000  lightdock_6.pdb      0 -926.630
  130     18      (26.398, -12.205, 0.463, -0.651, -0.619, 0.360, -0.250)      0      0 -1389.95431     0   5.000   -1.000 lightdock_18.pdb      0 -926.636
  201      9     (-20.798, 10.287, -12.896, -0.523, 0.236, 0.236, -0.784)      0      0 -1389.95876     0   5.000   -1.000  lightdock_9.pdb      0 -926.639
  208      1       (9.583, -32.847, 6.166, -0.573, -0.623, -0.353, 0.399)      0      0 -1389.97588     0   5.000   -1.000  lightdock_1.pdb      0 -926.651
  182     18        (14.991, 9.810, 20.662, 0.697, -0.645, -0.301, 0.091)      0      0 -1390.02077     0   5.000   -1.000 lightdock_18.pdb      0 -926.681
  126     24        (-7.799, 23.241, 13.402, 0.115, -0.979, 0.040, 0.164)      0      0 -1390.02771     0   5.000   -1.000 lightdock_24.pdb      0 -926.685
  156     15        (30.681, 3.296, 0.847, -0.075, -0.192, -0.605, 0.769)      0      0 -1389.97823     1   5.000   -1.000 lightdock_15.pdb      0 -926.687
  112      9      (15.827, 17.243, -15.884, 0.635, 0.482, -0.534, -0.282)      0      0 -1390.04402     0   5.000   -1.000  lightdock_9.pdb      0 -926.696
   11      1          (27.179, -4.621, 2.291, 0.319, 0.875, 0.123, 0.344)      0      0 -1390.10729     0   5.000   -1.000  lightdock_1.pdb      0 -926.738
  184      1      (-11.556, -28.623, 22.950, -0.439, 0.471, 0.383, 0.662)      0      0 -1390.11152     0   5.000   -1.000  lightdock_1.pdb      0 -926.741
   95     19     (-5.084, -3.909, -22.664, -0.468, -0.832, -0.182, 0.235)      0      0 -1388.03415     1   5.000   -1.000 lightdock_19.pdb      0 -926.750
  198     13       (0.675, 23.219, 20.293, -0.090, -0.769, 0.620, -0.128)      0      0 -1390.21194     0   5.000   -1.000 lightdock_13.pdb      0 -926.808
   40     17       (4.848, 28.249, 10.039, -0.112, -0.838, 0.001, -0.533)      0      0 -1390.22358     0   5.000   -1.000 lightdock_17.pdb      0 -926.816
   91      0      (-21.670, -10.220, -9.131, 0.017, 0.848, -0.334, 0.410)      0      0 -1390.25118     0   5.000   -1.000  lightdock_0.pdb      0 -926.834
   61      0       (-9.509, 7.492, -20.863, -0.504, -0.623, 0.142, 0.581)      0      0 -1390.25181     0   5.000   -1.000  lightdock_0.pdb      0 -926.835
   22      1     (27.251, -10.595, -6.549, -0.207, -0.018, -0.068, 0.976)      0      0 -1390.25565     0   5.000   -1.000  lightdock_1.pdb      0 -926.837
  117     15       (-8.398, -18.586, 14.047, 0.645, 0.046, -0.763, 0.012)      0      0 -1390.26954     0   5.000   -1.000 lightdock_15.pdb      0 -926.846
   41     13       (25.704, 2.303, 1.403, -0.537, -0.452, -0.611, -0.366)      0      0 -1390.29623     0   5.000   -1.000 lightdock_13.pdb      0 -926.864
  166     22       (-12.499, -0.431, -22.136, 0.979, 0.106, 0.104, 0.141)      0      0 -1390.30077     0   5.000   -1.000 lightdock_22.pdb      0 -926.867
  208      5      (10.592, -27.881, 14.245, 0.424, -0.856, -0.084, 0.282)      0      0 -1390.30557     0   5.000   -1.000  lightdock_5.pdb      0 -926.870
  205     12    (-28.277, 12.548, -3.072, -0.742, -0.313, -0.047, -0.591)      0      0 -1390.37361     0   5.000   -1.000 lightdock_12.pdb      0 -926.916
  117     21        (-13.116, -9.581, 21.854, 0.418, 0.466, 0.048, 0.779)      0      0 -1390.37485     0   5.000   -1.000 lightdock_21.pdb      0 -926.917
   37     17        (-12.070, 13.777, 8.281, 0.754, 0.188, -0.568, 0.271)      0      0 -1390.39324     0   5.000   -1.000 lightdock_17.pdb      0 -926.929
  168     16       (-24.022, -13.919, 6.631, 0.729, -0.222, 0.542, 0.355)      0      0 -1390.06066     1   5.000   -1.000 lightdock_16.pdb      0 -926.931
  153     10     (-18.087, -24.043, 19.039, 0.054, 0.235, -0.868, -0.434)      0      0 -1389.88994     1   5.000   -1.000 lightdock_10.pdb      0 -926.936
   77     20        (2.767, -6.538, 23.766, -0.970, 0.134, 0.114, -0.166)      0      0 -1390.42169     0   5.000   -1.000 lightdock_20.pdb      0 -926.948
  133     17       (-25.045, 15.347, 6.232, 0.661, 0.739, -0.070, -0.111)      0      0 -1390.43903     0   5.000   -1.000 lightdock_17.pdb      0 -926.959
   83     22        (19.452, -12.825, -5.338, 0.007, 0.375, 0.639, 0.671)      0      0 -1390.47324     0   5.000   -1.000 lightdock_22.pdb      0 -926.982
   33      7       (22.633, 23.352, 10.528, -0.219, 0.786, 0.168, -0.553)      0      0 -1390.49438     0   5.000   -1.000  lightdock_7.pdb      0 -926.996
   72      4        (7.144, -4.287, 33.341, 0.721, -0.280, 0.632, -0.049)      0      0 -1390.57406     0   5.000   -1.000  lightdock_4.pdb      0 -927.049
  166      1       (-12.988, -0.385, -22.078, 0.979, 0.106, 0.104, 0.141)      0      0 -1391.55781     1   5.000   -1.000  lightdock_1.pdb      0 -927.056
  149      9     (10.883, -18.421, -14.568, 0.468, -0.513, 0.552, -0.460)      0      0 -1390.58530     0   5.000   -1.000  lightdock_9.pdb      0 -927.057
  167     12          (1.670, -1.176, 22.015, 0.048, 0.445, 0.671, 0.592)      0      0 -1390.64912     0   5.000   -1.000 lightdock_12.pdb      0 -927.099
   53      7        (22.928, 27.555, -0.377, 0.572, 0.707, -0.231, 0.345)      0      0 -1390.69121     0   5.000   -1.000  lightdock_7.pdb      0 -927.127
  112      2       (15.250, 27.944, -4.724, 0.828, -0.512, 0.135, -0.183)      0      0 -1390.73419     0   5.000   -1.000  lightdock_2.pdb      0 -927.156
  218     15    (-5.355, -15.536, -13.794, 0.848, -0.439, -0.245, -0.167)      0      0 -1389.12261     1   5.000   -1.000 lightdock_15.pdb      0 -927.180
   72     16        (5.800, -10.454, 31.208, 0.600, -0.554, 0.184, 0.547)      0      0 -1390.79726     0   5.000   -1.000 lightdock_16.pdb      0 -927.198
  186     16       (3.083, -22.147, 29.273, 0.317, 0.360, -0.813, -0.329)      0      0 -1390.87949     0   5.000   -1.000 lightdock_16.pdb      0 -927.253
    7      0        (21.862, 9.521, -3.494, 0.853, 0.088, -0.038, -0.513)      0      0 -1389.53165     1   5.000   -1.000  lightdock_0.pdb      0 -927.274
   88      9      (16.547, 19.649, -13.781, -0.155, -0.531, 0.736, 0.391)      0      0 -1391.01634     0   5.000   -1.000  lightdock_9.pdb      0 -927.344
  134     12     (-7.893, 14.538, -26.035, -0.277, 0.270, -0.660, -0.644)      0      0 -1391.03326     0   5.000   -1.000 lightdock_12.pdb      0 -927.356
   37      2         (-17.740, 6.034, 5.439, 0.026, -0.069, 0.137, 0.988)      0      0 -1391.07466     0   5.000   -1.000  lightdock_2.pdb      0 -927.383
  142     23      (11.348, -21.006, 4.202, -0.603, 0.439, -0.065, -0.663)      0      0 -1391.17991     0   5.000   -1.000 lightdock_23.pdb      0 -927.453
   64     10       (-23.910, 3.260, -24.242, 0.821, 0.049, -0.433, 0.370)      0      0 -1391.24288     0   5.000   -1.000 lightdock_10.pdb      0 -927.495
  124      4       (-0.455, 17.418, 18.406, -0.116, 0.289, -0.859, 0.406)      0      0 -1391.24495     0   5.000   -1.000  lightdock_4.pdb      0 -927.497
   40      9         (-2.635, 18.841, 6.604, -0.732, 0.506, 0.397, 0.223)      0      0 -1391.28060     0   5.000   -1.000  lightdock_9.pdb      0 -927.520
  147     15         (22.900, 3.024, 17.348, 0.246, 0.167, -0.700, 0.650)      0      0 -1391.28787     0   5.000   -1.000 lightdock_15.pdb      0 -927.525
  115     24        (-2.961, -19.873, 7.375, 0.004, -0.761, 0.448, 0.470)      0      0 -1391.30242     0   5.000   -1.000 lightdock_24.pdb      0 -927.535
  183      6       (-18.588, -4.876, 20.173, 0.802, 0.157, -0.371, 0.441)      0      0 -1391.31148     0   5.000   -1.000  lightdock_6.pdb      0 -927.541
  147     11         (22.891, 2.583, 17.375, 0.246, 0.167, -0.700, 0.650)      0      0 -1391.54768     1   5.000   -1.000 lightdock_11.pdb      0 -927.541
   30      8    (-12.518, -26.554, -0.916, -0.307, 0.079, -0.152, -0.936)      0      0 -1391.31304     0   5.000   -1.000  lightdock_8.pdb      0 -927.542
  105      6     (-6.565, -4.367, -20.985, -0.635, -0.319, -0.640, 0.291)      0      0 -1391.33422     0   5.000   -1.000  lightdock_6.pdb      0 -927.556
  136     17        (-30.534, -4.454, 5.340, 0.319, 0.600, 0.678, -0.280)      0      0 -1391.34935     0   5.000   -1.000 lightdock_17.pdb      0 -927.566
   63     23     (-11.938, 27.309, -15.412, 0.297, 0.699, -0.049, -0.648)      0      0 -1391.36956     0   5.000   -1.000 lightdock_23.pdb      0 -927.580
  107     14       (-24.763, 19.656, 0.106, -0.333, -0.524, 0.527, 0.580)      0      0 -1391.43341     0   5.000   -1.000 lightdock_14.pdb      0 -927.622
   31     16        (-3.271, 14.076, 19.018, -0.367, 0.137, 0.080, 0.917)      0      0 -1391.47052     0   5.000   -1.000 lightdock_16.pdb      0 -927.647
   79      2      (-24.610, -9.752, -7.941, 0.111, -0.789, 0.448, -0.405)      0      0 -1391.47987     0   5.000   -1.000  lightdock_2.pdb      0 -927.653
  159     11         (7.106, 32.714, -6.563, 0.112, 0.394, -0.911, 0.052)      0      0 -1391.50422     0   5.000   -1.000 lightdock_11.pdb      0 -927.669
   95      6   (-12.303, -4.494, -16.262, -0.055, -0.260, -0.963, -0.043)      0      0 -1391.54301     0   5.000   -1.000  lightdock_6.pdb      0 -927.695
  114      7      (25.184, -19.577, 1.073, -0.466, -0.654, 0.001, -0.595)      0      0 -1391.57827     0   5.000   -1.000  lightdock_7.pdb      0 -927.719
  129      5      (-10.068, 29.661, 3.744, -0.173, -0.041, 0.275, -0.945)      0      0 -1391.59479     0   5.000   -1.000  lightdock_5.pdb      0 -927.730
  217      0         (-9.513, 27.688, 5.624, -0.188, 0.609, 0.276, 0.720)      0      0 -1391.62599     0   5.000   -1.000  lightdock_0.pdb      0 -927.751
  113     17       (-3.338, 4.426, 29.140, -0.444, 0.100, -0.327, -0.828)      0      0 -1391.68881     0   5.000   -1.000 lightdock_17.pdb      0 -927.793
  150     18    (-2.935, -27.347, -14.432, -0.348, 0.147, -0.742, -0.554)      0      0 -1391.70999     0   5.000   -1.000 lightdock_18.pdb      0 -927.807
  111      7      (19.321, -15.807, 18.445, 0.444, -0.284, -0.778, 0.341)      0      0 -1391.75561     0   5.000   -1.000  lightdock_7.pdb      0 -927.837
  206     23      (19.070, -15.444, -4.836, 0.360, -0.351, 0.583, -0.638)      0      0 -1391.76108     0   5.000   -1.000 lightdock_23.pdb      0 -927.841
  162      8        (20.754, 8.667, 14.077, -0.802, 0.037, 0.213, -0.557)      0      0 -1391.79153     0   5.000   -1.000  lightdock_8.pdb      0 -927.861
  156     21        (28.720, -8.640, 5.396, -0.328, 0.413, 0.485, -0.697)      0      0 -1391.80917     0   5.000   -1.000 lightdock_21.pdb      0 -927.873
  114      8      (25.194, -19.499, 1.280, -0.466, -0.654, 0.001, -0.595)      0      0 -1391.85076     1   5.000   -1.000  lightdock_8.pdb      0 -927.896
  167      2        (11.340, 4.377, 20.224, 0.023, 0.842, -0.478, -0.248)      0      0 -1391.86034     0   5.000   -1.000  lightdock_2.pdb      0 -927.907
  211     10      (-9.237, -20.182, 16.429, -0.552, 0.805, 0.052, -0.212)      0      0 -1391.87826     0   5.000   -1.000 lightdock_10.pdb      0 -927.919
   43     21         (7.568, -4.750, 32.971, -0.486, 0.864, 0.130, 0.012)      0      0 -1391.90097     0   5.000   -1.000 lightdock_21.pdb      0 -927.934
  147     24         (22.902, 3.084, 17.344, 0.246, 0.167, -0.700, 0.650)      0      0 -1391.69940     2   5.000   -1.000 lightdock_24.pdb      0 -927.956
  176     11        (-23.853, 0.062, 16.145, -0.811, 0.368, 0.225, 0.394)      0      0 -1391.94898     0   5.000   -1.000 lightdock_11.pdb      0 -927.966
  167      7        (6.076, -8.222, 29.456, -0.072, -0.614, 0.327, 0.715)      0      0 -1392.04249     0   5.000   -1.000  lightdock_7.pdb      0 -928.028
   62      2       (8.108, -13.992, -19.808, 0.444, -0.447, 0.264, 0.731)      0      0 -1392.05453     0   5.000   -1.000  lightdock_2.pdb      0 -928.036
  124      2       (-14.219, 20.754, 17.023, -0.313, 0.682, 0.625, 0.214)      0      0 -1392.08483     0   5.000   -1.000  lightdock_2.pdb      0 -928.057
  166      3    (-16.505, -9.500, -18.380, 0.074, -0.332, -0.940, -0.023)      0      0 -1392.10986     0   5.000   -1.000  lightdock_3.pdb      0 -928.073
   13      4       (-21.690, -18.683, 5.293, 0.493, -0.226, 0.359, 0.759)      0      0 -1392.15105     0   5.000   -1.000  lightdock_4.pdb      0 -928.101
  150      1    (-3.009, -27.101, -14.313, -0.348, 0.147, -0.742, -0.554)      0      0 -1392.68144     1   5.000   -1.000  lightdock_1.pdb      0 -928.125
    7     20       (27.005, 9.297, -9.878, 0.847, -0.170, -0.362, -0.351)      0      0 -1392.25309     0   5.000   -1.000 lightdock_20.pdb      0 -928.169
   47      5       (7.357, -19.914, 20.481, 0.138, 0.834, -0.227, -0.484)      0      0 -1392.28953     0   5.000   -1.000  lightdock_5.pdb      0 -928.193
  111      8    (21.513, -13.890, 17.000, -0.539, -0.595, -0.252, -0.540)      0      0 -1392.43395     0   5.000   -1.000  lightdock_8.pdb      0 -928.289
   35     21    (-4.165, -24.917, -11.477, -0.172, -0.129, 0.369, -0.904)      0      0 -1392.44539     0   5.000   -1.000 lightdock_21.pdb      0 -928.297
  121      2      (0.183, -10.658, 28.945, -0.352, -0.714, -0.233, 0.559)      0      0 -1392.45678     0   5.000   -1.000  lightdock_2.pdb      0 -928.305
   93      3        (17.490, 2.759, 23.817, 0.681, -0.460, 0.536, -0.192)      0      0 -1392.45683     0   5.000   -1.000  lightdock_3.pdb      0 -928.305
   17      6       (24.437, 4.116, 26.826, -0.590, -0.172, -0.783, 0.092)      0      0 -1392.48850     0   5.000   -1.000  lightdock_6.pdb      0 -928.326
   76     23         (0.503, 13.910, -27.706, 0.732, 0.495, 0.052, 0.465)      0      0 -1393.22767     1   5.000   -1.000 lightdock_23.pdb      0 -928.329
  174     10      (-3.768, -15.094, -13.999, 0.816, -0.354, 0.059, 0.453)      0      0 -1392.52319     0   5.000   -1.000 lightdock_10.pdb      0 -928.349
  123     13      (18.305, -1.918, 25.474, -0.315, -0.429, 0.832, -0.157)      0      0 -1392.58677     0   5.000   -1.000 lightdock_13.pdb      0 -928.391
  189     14        (1.672, 22.694, 21.848, -0.763, 0.544, -0.044, 0.346)      0      0 -1392.63387     0   5.000   -1.000 lightdock_14.pdb      0 -928.423
  138     10    (-13.594, 2.820, -26.261, -0.149, -0.303, -0.535, -0.774)      0      0 -1392.66235     0   5.000   -1.000 lightdock_10.pdb      0 -928.442
  161      4      (-10.776, 17.903, 20.953, 0.478, -0.647, 0.576, -0.142)      0      0 -1392.66529     0   5.000   -1.000  lightdock_4.pdb      0 -928.444
  163     21      (-13.033, 18.257, -16.875, 0.044, 0.847, 0.346, -0.401)      0      0 -1392.68738     0   5.000   -1.000 lightdock_21.pdb      0 -928.458
  172     10           (8.368, 25.277, 2.409, 0.878, 0.023, 0.478, 0.017)      0      0 -1392.69106     0   5.000   -1.000 lightdock_10.pdb      0 -928.461
  219     21      (-22.050, -7.129, 6.168, 0.486, -0.174, -0.794, -0.320)      0      0 -1392.79135     0   5.000   -1.000 lightdock_21.pdb      0 -928.528
  127     24         (-3.198, 26.708, 3.195, -0.173, 0.103, 0.974, 0.103)      0      0 -1392.80813     0   5.000   -1.000 lightdock_24.pdb      0 -928.539
   89     18        (13.220, 8.145, 25.887, -0.316, 0.602, -0.353, 0.642)      0      0 -1392.80842     0   5.000   -1.000 lightdock_18.pdb      0 -928.539
  142      5        (8.680, -30.388, 2.425, 0.514, 0.635, -0.567, -0.107)      0      0 -1392.81824     0   5.000   -1.000  lightdock_5.pdb      0 -928.545
  187      7     (-3.610, -18.683, 25.699, -0.419, -0.215, -0.281, 0.836)      0      0 -1392.85042     0   5.000   -1.000  lightdock_7.pdb      0 -928.567
   88      3      (16.391, 19.297, -13.707, -0.155, -0.531, 0.736, 0.391)      0      0 -1392.31848     1   5.000   -1.000  lightdock_3.pdb      0 -928.639
  130      3       (21.310, -10.645, 7.736, 0.109, -0.594, -0.671, 0.429)      0      0 -1393.44425     1   5.000   -1.000  lightdock_3.pdb      0 -928.642
   22     12        (17.935, -9.466, -5.952, 0.020, 0.978, 0.186, -0.088)      0      0 -1393.01357     0   5.000   -1.000 lightdock_12.pdb      0 -928.676
   76      6         (0.373, 13.735, -27.698, 0.732, 0.495, 0.052, 0.465)      0      0 -1393.02803     0   5.000   -1.000  lightdock_6.pdb      0 -928.685
   41      4        (22.266, 6.757, 13.544, 0.491, -0.733, 0.253, -0.398)      0      0 -1393.09991     0   5.000   -1.000  lightdock_4.pdb      0 -928.733
  130      5       (21.347, -10.651, 7.784, 0.109, -0.594, -0.671, 0.429)      0      0 -1393.13467     0   5.000   -1.000  lightdock_5.pdb      0 -928.756
   96     16       (-19.874, -4.205, -8.671, 0.060, -0.557, 0.826, 0.067)      0      0 -1393.13964     0   5.000   -1.000 lightdock_16.pdb      0 -928.760
   60     12        (32.033, -2.723, -0.817, 0.865, 0.240, -0.380, 0.222)      0      0 -1393.16472     0   5.000   -1.000 lightdock_12.pdb      0 -928.776
  184      9     (-10.336, -26.803, 24.130, 0.115, -0.537, 0.760, -0.347)      0      0 -1393.23002     0   5.000   -1.000  lightdock_9.pdb      0 -928.820
  179      6         (19.576, 8.567, -9.994, 0.618, -0.605, 0.469, 0.179)      0      0 -1393.24435     0   5.000   -1.000  lightdock_6.pdb      0 -928.830
  174      3    (-12.538, -17.507, -10.649, -0.992, 0.071, -0.082, 0.069)      0      0 -1393.25106     0   5.000   -1.000  lightdock_3.pdb      0 -928.834
   83     17       (17.994, -19.983, 1.274, -0.229, 0.501, 0.728, -0.409)      0      0 -1393.27361     0   5.000   -1.000 lightdock_17.pdb      0 -928.849
  211     21       (-9.207, -21.961, 27.370, 0.598, 0.545, 0.550, -0.204)      0      0 -1393.33270     0   5.000   -1.000 lightdock_21.pdb      0 -928.888
   48     23       (23.591, 19.326, -11.302, 0.455, 0.566, 0.405, -0.556)      0      0 -1393.33977     0   5.000   -1.000 lightdock_23.pdb      0 -928.893
   33      0         (14.752, 26.469, 1.302, 0.625, -0.091, 0.596, 0.496)      0      0 -1393.36831     0   5.000   -1.000  lightdock_0.pdb      0 -928.912
  181      2     (-8.135, -27.001, -5.130, -0.284, 0.025, -0.851, -0.442)      0      0 -1393.42760     0   5.000   -1.000  lightdock_2.pdb      0 -928.952
   64     23       (-21.920, 8.194, -25.902, 0.259, -0.261, 0.625, 0.688)      0      0 -1393.43520     0   5.000   -1.000 lightdock_23.pdb      0 -928.957
  177     17        (-0.955, -25.585, 4.241, -0.415, 0.635, 0.184, 0.625)      0      0 -1393.44713     0   5.000   -1.000 lightdock_17.pdb      0 -928.965
  209      6       (23.706, -7.511, 4.560, -0.571, 0.642, -0.503, -0.088)      0      0 -1393.51709     0   5.000   -1.000  lightdock_6.pdb      0 -929.011
  189      9       (8.158, 24.999, 19.194, -0.357, 0.550, -0.630, -0.415)      0      0 -1393.58686     0   5.000   -1.000  lightdock_9.pdb      0 -929.058
   79     15      (-23.639, -7.444, -20.694, 0.406, 0.731, 0.481, -0.264)      0      0 -1393.64812     0   5.000   -1.000 lightdock_15.pdb      0 -929.099
   27      6    (-17.632, 15.394, -7.094, -0.765, -0.127, -0.615, -0.144)      0      0 -1393.69752     0   5.000   -1.000  lightdock_6.pdb      0 -929.132
  159      4      (-3.780, 26.765, -6.067, -0.002, 0.205, -0.128, -0.970)      0      0 -1393.73842     0   5.000   -1.000  lightdock_4.pdb      0 -929.159
  100      6      (13.438, 21.220, 17.854, -0.201, 0.687, -0.474, -0.512)      0      0 -1393.74965     0   5.000   -1.000  lightdock_6.pdb      0 -929.166
  197     17      (27.111, 2.958, -13.693, -0.392, -0.265, 0.511, -0.718)      0      0 -1393.80138     0   5.000   -1.000 lightdock_17.pdb      0 -929.201
   68     20      (2.626, -26.122, -6.442, -0.880, -0.371, 0.294, -0.031)      0      0 -1393.89662     0   5.000   -1.000 lightdock_20.pdb      0 -929.264
   35      2     (-18.138, -26.365, -4.505, 0.216, -0.393, -0.889, 0.091)      0      0 -1394.04617     0   5.000   -1.000  lightdock_2.pdb      0 -929.364
  143      6        (28.047, -17.206, -6.648, 0.027, 0.522, 0.544, 0.657)      0      0 -1394.08227     0   5.000   -1.000  lightdock_6.pdb      0 -929.388
  114     12      (20.137, -14.818, 1.604, -0.385, -0.003, 0.854, -0.351)      0      0 -1394.10663     0   5.000   -1.000 lightdock_12.pdb      0 -929.404
  150      4      (-1.937, -22.876, -19.581, -0.882, 0.186, 0.399, 0.169)      0      0 -1394.11058     0   5.000   -1.000  lightdock_4.pdb      0 -929.407
   27     19        (-13.545, 21.181, -2.007, 0.932, 0.203, 0.074, 0.292)      0      0 -1394.12871     0   5.000   -1.000 lightdock_19.pdb      0 -929.419
  192      9     (-21.997, 17.973, -11.675, 0.647, -0.109, -0.328, 0.680)      0      0 -1394.15422     0   5.000   -1.000  lightdock_9.pdb      0 -929.436
    3     14      (15.704, -17.765, -15.297, 0.730, 0.651, 0.208, -0.000)      0      0 -1394.17093     0   5.000   -1.000 lightdock_14.pdb      0 -929.447
  219     12        (-28.072, 9.258, 9.277, -0.231, 0.853, 0.466, -0.030)      0      0 -1394.17198     0   5.000   -1.000 lightdock_12.pdb      0 -929.448
  206     19      (19.145, -15.404, -4.807, 0.360, -0.351, 0.583, -0.638)      0      0 -1393.14569     1   5.000   -1.000 lightdock_19.pdb      0 -929.456
   68     11       (1.961, -25.131, 12.138, -0.136, 0.177, -0.716, 0.662)      0      0 -1394.33236     0   5.000   -1.000 lightdock_11.pdb      0 -929.555
  179     10     (26.989, 14.384, -13.087, -0.536, -0.586, -0.171, 0.583)      0      0 -1394.34550     0   5.000   -1.000 lightdock_10.pdb      0 -929.564
  207     23        (31.139, 11.309, 2.949, 0.071, -0.115, 0.619, -0.774)      0      0 -1394.36309     0   5.000   -1.000 lightdock_23.pdb      0 -929.575
  141      2      (11.276, -23.403, -8.156, -0.442, 0.453, 0.659, -0.408)      0      0 -1394.36835     0   5.000   -1.000  lightdock_2.pdb      0 -929.579
    2     13        (-7.235, 26.751, 9.015, -0.724, 0.209, 0.278, -0.596)      0      0 -1394.40023     0   5.000   -1.000 lightdock_13.pdb      0 -929.600
   27      0        (-13.696, 21.530, -1.814, 0.932, 0.203, 0.074, 0.292)      0      0 -1394.42245     1   5.000   -1.000  lightdock_0.pdb      0 -929.600
  141     12        (2.687, -18.776, -5.387, -0.180, 0.614, 0.437, 0.632)      0      0 -1394.40818     0   5.000   -1.000 lightdock_12.pdb      0 -929.605
  172     18        (3.123, 28.990, -9.702, -0.686, -0.451, 0.392, 0.415)      0      0 -1394.41502     0   5.000   -1.000 lightdock_18.pdb      0 -929.610
  145     12        (9.936, 13.925, -26.449, 0.077, -0.541, 0.404, 0.733)      0      0 -1394.51307     0   5.000   -1.000 lightdock_12.pdb      0 -929.675
  202      3     (9.303, -5.104, -27.100, -0.185, -0.229, -0.745, -0.599)      0      0 -1394.57077     0   5.000   -1.000  lightdock_3.pdb      0 -929.714
  193     17       (28.258, 4.836, -6.347, -0.231, -0.069, 0.846, -0.476)      0      0 -1394.58103     0   5.000   -1.000 lightdock_17.pdb      0 -929.721
  209      7      (25.850, -11.313, 8.183, -0.395, -0.271, 0.875, -0.068)      0      0 -1394.60431     0   5.000   -1.000  lightdock_7.pdb      0 -929.736
  157      3     (-16.850, 20.098, -12.221, 0.000, -0.060, -0.997, 0.040)      0      0 -1394.61175     0   5.000   -1.000  lightdock_3.pdb      0 -929.741
  143     17      (28.458, -16.502, -3.994, -0.412, 0.536, 0.122, -0.727)      0      0 -1394.62358     0   5.000   -1.000 lightdock_17.pdb      0 -929.749
   22     18      (21.132, -11.866, -18.337, 0.713, 0.594, -0.126, 0.351)      0      0 -1394.64650     0   5.000   -1.000 lightdock_18.pdb      0 -929.764
   94     15     (-24.790, -5.828, 4.397, -0.757, -0.015, -0.156, -0.635)      0      0 -1394.66467     0   5.000   -1.000 lightdock_15.pdb      0 -929.776
  202     10     (9.368, -5.043, -26.988, -0.185, -0.229, -0.745, -0.599)      0      0 -1394.67689     1   5.000   -1.000 lightdock_10.pdb      0 -929.779
  150      3       (4.533, -16.868, -14.225, 0.245, -0.375, 0.817, 0.365)      0      0 -1394.67023     0   5.000   -1.000  lightdock_3.pdb      0 -929.780
   27      7        (-13.512, 21.107, -2.048, 0.932, 0.203, 0.074, 0.292)      0      0 -1394.77696     2   5.000   -1.000  lightdock_7.pdb      0 -929.809
  134     21      (-16.150, 9.573, -24.690, 0.882, -0.092, -0.410, 0.215)      0      0 -1394.74351     0   5.000   -1.000 lightdock_21.pdb      0 -929.829
   14      0         (9.992, 24.970, 3.695, 0.703, -0.669, -0.161, 0.182)      0      0 -1394.75061     0   5.000   -1.000  lightdock_0.pdb      0 -929.834
  119      7       (3.246, 30.315, -11.687, 0.173, -0.379, 0.410, -0.811)      0      0 -1394.77414     0   5.000   -1.000  lightdock_7.pdb      0 -929.849
   36     21     (-14.880, -16.015, -0.834, 0.701, 0.442, -0.520, -0.206)      0      0 -1394.84119     0   5.000   -1.000 lightdock_21.pdb      0 -929.894
   53      0      (18.825, 24.158, -8.979, 0.407, -0.855, -0.321, -0.013)      0      0 -1394.90872     0   5.000   -1.000  lightdock_0.pdb      0 -929.939
  173     17      (-24.530, 15.724, 3.173, 0.291, -0.098, -0.442, -0.843)      0      0 -1394.94029     0   5.000   -1.000 lightdock_17.pdb      0 -929.960
   76      4       (-0.103, 8.240, -26.557, -0.133, 0.941, 0.229, -0.212)      0      0 -1394.97889     0   5.000   -1.000  lightdock_4.pdb      0 -929.986
  150     23      (-1.787, -16.210, -3.411, -0.720, 0.516, 0.063, -0.460)      0      0 -1394.98717     0   5.000   -1.000 lightdock_23.pdb      0 -929.991
   76     10       (-0.470, 8.386, -26.384, -0.133, 0.941, 0.229, -0.212)      0      0 -1395.49509     1   5.000   -1.000 lightdock_10.pdb      0 -929.996
   55      0    (-28.104, -13.629, -2.861, -0.226, 0.311, -0.704, -0.597)      0      0 -1395.01772     0   5.000   -1.000  lightdock_0.pdb      0 -930.012
   16     21    (12.697, -21.629, 15.464, -0.755, -0.590, -0.074, -0.276)      0      0 -1395.03635     0   5.000   -1.000 lightdock_21.pdb      0 -930.024
  125     17    (-11.080, -26.670, -1.824, -0.475, -0.133, 0.783, -0.378)      0      0 -1395.04406     0   5.000   -1.000 lightdock_17.pdb      0 -930.029
   21     13      (-11.817, 17.431, 13.283, -0.435, 0.213, -0.750, 0.450)      0      0 -1395.08679     0   5.000   -1.000 lightdock_13.pdb      0 -930.058
  200      0         (4.364, -33.561, 9.009, -0.916, 0.200, 0.079, 0.340)      0      0 -1395.08808     0   5.000   -1.000  lightdock_0.pdb      0 -930.059
  182      5        (17.692, 10.452, 18.387, -0.356, 0.414, 0.201, 0.813)      0      0 -1395.10320     0   5.000   -1.000  lightdock_5.pdb      0 -930.069
  178      4    (-12.765, 29.534, -13.463, 0.601, -0.444, -0.213, -0.629)      0      0 -1395.16829     0   5.000   -1.000  lightdock_4.pdb      0 -930.112
  107     18        (-19.414, 8.924, 5.091, 0.568, -0.199, -0.404, 0.689)      0      0 -1395.18809     0   5.000   -1.000 lightdock_18.pdb      0 -930.125
  168      4       (-26.629, -16.944, 10.845, 0.168, 0.769, 0.456, 0.416)      0      0 -1395.19592     0   5.000   -1.000  lightdock_4.pdb      0 -930.131
  169     15       (-28.583, -15.914, 4.771, 0.219, 0.789, 0.562, -0.115)      0      0 -1395.24028     0   5.000   -1.000 lightdock_15.pdb      0 -930.160
   22     22    (22.098, -11.590, -10.513, -0.131, -0.503, -0.545, 0.658)      0      0 -1395.28935     0   5.000   -1.000 lightdock_22.pdb      0 -930.193
  103     16       (-5.298, -25.482, 19.953, -0.149, 0.146, 0.470, 0.857)      0      0 -1395.29562     0   5.000   -1.000 lightdock_16.pdb      0 -930.197
    6     15      (-29.044, -12.416, 2.266, -0.685, 0.538, -0.301, 0.388)      0      0 -1395.30472     0   5.000   -1.000 lightdock_15.pdb      0 -930.203
   13      2      (-21.218, -4.738, 4.430, -0.501, -0.173, -0.057, 0.846)      0      0 -1395.36043     0   5.000   -1.000  lightdock_2.pdb      0 -930.240
  120     21      (-28.909, 4.893, -0.130, 0.541, -0.024, -0.718, -0.437)      0      0 -1395.36163     0   5.000   -1.000 lightdock_21.pdb      0 -930.241
   36     13    (-18.131, -18.147, -14.610, -0.667, -0.174, 0.589, 0.421)      0      0 -1395.41890     0   5.000   -1.000 lightdock_13.pdb      0 -930.279
   91      3     (-22.288, -23.147, -7.326, -0.595, 0.576, -0.472, 0.303)      0      0 -1395.46009     0   5.000   -1.000  lightdock_3.pdb      0 -930.307
  120     23      (-25.240, -3.152, -3.907, -0.286, 0.337, 0.418, -0.793)      0      0 -1395.46578     0   5.000   -1.000 lightdock_23.pdb      0 -930.311
   68      8      (10.604, -19.914, 3.540, -0.734, 0.219, -0.233, -0.599)      0      0 -1395.47298     0   5.000   -1.000  lightdock_8.pdb      0 -930.315
  193      2       (17.754, 6.071, -18.279, 0.111, 0.934, -0.201, -0.274)      0      0 -1395.56127     0   5.000   -1.000  lightdock_2.pdb      0 -930.374
   57     13       (5.895, 28.123, -14.237, -0.441, -0.380, 0.709, 0.398)      0      0 -1389.35741     2   5.000   -1.000 lightdock_13.pdb      0 -930.378
   89     10        (12.246, 6.979, 24.084, 0.557, -0.700, -0.390, 0.217)      0      0 -1395.58613     0   5.000   -1.000 lightdock_10.pdb      0 -930.391
  154      7     (-23.184, -6.969, -23.034, -0.741, 0.183, 0.485, -0.427)      0      0 -1395.59437     0   5.000   -1.000  lightdock_7.pdb      0 -930.396
  137      3      (-20.886, 16.000, 11.846, 0.708, -0.293, 0.474, -0.435)      0      0 -1395.63410     0   5.000   -1.000  lightdock_3.pdb      0 -930.423
  111     22      (18.535, -0.634, 16.288, -0.373, 0.828, -0.418, -0.002)      0      0 -1395.65288     0   5.000   -1.000 lightdock_22.pdb      0 -930.435
  106     22      (24.483, -16.508, 0.223, -0.557, 0.633, -0.527, -0.109)      0      0 -1395.66362     0   5.000   -1.000 lightdock_22.pdb      0 -930.442
  105     23     (-8.266, -1.675, -21.243, 0.063, -0.513, -0.577, -0.632)      0      0 -1395.67074     0   5.000   -1.000 lightdock_23.pdb      0 -930.447
  141     15      (11.277, -23.408, -8.079, -0.442, 0.453, 0.659, -0.408)      0      0 -1395.55386     1   5.000   -1.000 lightdock_15.pdb      0 -930.530
  168      3      (-28.817, -6.636, 4.519, 0.354, -0.424, -0.594, -0.585)      0      0 -1395.79685     0   5.000   -1.000  lightdock_3.pdb      0 -930.531
    3     16      (11.678, -17.996, -1.196, -0.424, 0.504, 0.701, -0.274)      0      0 -1395.82674     0   5.000   -1.000 lightdock_16.pdb      0 -930.551
   96      0        (-28.614, -9.308, 1.973, 0.894, 0.089, 0.136, -0.419)      0      0 -1395.84711     0   5.000   -1.000  lightdock_0.pdb      0 -930.565
   23     17        (-9.268, 22.396, 8.637, 0.441, 0.847, -0.199, -0.219)      0      0 -1395.90519     0   5.000   -1.000 lightdock_17.pdb      0 -930.603
  156     23       (18.627, -0.119, 0.726, -0.214, -0.136, -0.155, 0.955)      0      0 -1395.95323     0   5.000   -1.000 lightdock_23.pdb      0 -930.635
   94      5     (-24.725, -5.644, 4.614, -0.757, -0.015, -0.156, -0.635)      0      0 -1395.35312     1   5.000   -1.000  lightdock_5.pdb      0 -930.653
   49      5      (27.355, -11.811, 5.055, -0.146, 0.650, -0.739, -0.103)      0      0 -1395.98141     0   5.000   -1.000  lightdock_5.pdb      0 -930.654
   78      8       (22.182, -2.269, -18.943, 0.758, 0.278, -0.518, 0.283)      0      0 -1395.98504     0   5.000   -1.000  lightdock_8.pdb      0 -930.657
  188     12   (-16.523, -6.810, -12.584, -0.746, -0.454, -0.208, -0.441)      0      0 -1395.99402     0   5.000   -1.000 lightdock_12.pdb      0 -930.663
  178      9     (-10.132, 17.921, -6.722, -0.860, 0.302, -0.409, -0.036)      0      0 -1396.00415     0   5.000   -1.000  lightdock_9.pdb      0 -930.669
   55     17    (-27.986, -13.816, -2.651, -0.226, 0.311, -0.704, -0.597)      0      0 -1396.40789     1   5.000   -1.000 lightdock_17.pdb      0 -930.723
  185      2        (5.058, 10.779, 24.641, 0.399, -0.652, 0.180, -0.619)      0      0 -1396.08925     0   5.000   -1.000  lightdock_2.pdb      0 -930.726
   14     21        (12.034, 32.623, -4.519, 0.730, 0.311, -0.010, 0.608)      0      0 -1385.72014     6   4.920   -1.000 lightdock_21.pdb      0 -930.758
  134      0      (-14.513, 14.044, -27.089, 0.463, 0.220, -0.205, 0.834)      0      0 -1396.52243     1   5.000   -1.000  lightdock_0.pdb      0 -930.771
  168     24     (-29.888, -12.654, 14.733, 0.390, -0.633, -0.346, 0.573)      0      0 -1396.15950     0   5.000   -1.000 lightdock_24.pdb      0 -930.773
   82      9    (-17.783, -23.505, 3.866, -0.049, -0.536, -0.801, -0.261)      0      0 -1396.16797     0   5.000   -1.000  lightdock_9.pdb      0 -930.779
   31     23         (-7.236, 8.062, 24.143, 0.508, -0.852, 0.126, 0.004)      0      0 -1396.22791     0   5.000   -1.000 lightdock_23.pdb      0 -930.819
  209     15      (25.855, -11.330, 8.211, -0.395, -0.271, 0.875, -0.068)      0      0 -1395.62361     1   5.000   -1.000 lightdock_15.pdb      0 -930.819
  193     18     (28.906, 12.009, -13.213, -0.091, -0.856, 0.369, -0.351)      0      0 -1396.23846     0   5.000   -1.000 lightdock_18.pdb      0 -930.826
   11     20       (22.281, -8.598, 1.020, 0.357, -0.273, -0.574, -0.684)      0      0 -1396.24995     0   5.000   -1.000 lightdock_20.pdb      0 -930.833
   51      1       (6.970, -28.347, 18.924, 0.276, -0.271, -0.778, 0.495)      0      0 -1396.29946     0   5.000   -1.000  lightdock_1.pdb      0 -930.866
  144     20       (-19.766, -16.836, 8.137, 0.237, 0.497, 0.798, -0.246)      0      0 -1396.30785     0   5.000   -1.000 lightdock_20.pdb      0 -930.872
  134     17      (-14.653, 14.356, -27.127, 0.463, 0.220, -0.205, 0.834)      0      0 -1396.37255     0   5.000   -1.000 lightdock_17.pdb      0 -930.914
  120      4       (-24.129, 4.722, -1.372, -0.503, -0.197, 0.496, 0.679)      0      0 -1396.37506     0   5.000   -1.000  lightdock_4.pdb      0 -930.917
   21     11     (-25.166, 11.382, 10.351, -0.409, -0.738, -0.537, 0.014)      0      0 -1396.45484     0   5.000   -1.000 lightdock_11.pdb      0 -930.970
   90     14     (-10.935, -3.252, -13.183, 0.138, -0.561, 0.219, -0.787)      0      0 -1396.47860     0   5.000   -1.000 lightdock_14.pdb      0 -930.986
   23     16         (-4.041, 22.214, 9.412, 0.587, 0.309, 0.419, -0.619)      0      0 -1396.57768     0   5.000   -1.000 lightdock_16.pdb      0 -931.052
   93      1          (2.940, 9.006, 24.118, -0.171, 0.751, 0.147, 0.621)      0      0 -1396.64559     0   5.000   -1.000  lightdock_1.pdb      0 -931.097
    8     17      (-4.045, 20.548, -25.509, -0.941, -0.294, 0.166, 0.038)      0      0 -1396.64663     0   5.000   -1.000 lightdock_17.pdb      0 -931.098
  133     18       (-19.468, 12.090, 6.878, -0.772, 0.314, 0.548, -0.063)      0      0 -1396.64871     0   5.000   -1.000 lightdock_18.pdb      0 -931.099
  120     10      (-26.605, 7.604, -12.760, 0.233, 0.584, -0.718, -0.298)      0      0 -1396.65797     0   5.000   -1.000 lightdock_10.pdb      0 -931.105
   90      5     (-1.482, -8.193, -21.122, -0.129, 0.412, -0.430, -0.793)      0      0 -1396.67052     0   5.000   -1.000  lightdock_5.pdb      0 -931.114
  126     13       (-4.659, 9.989, 18.912, -0.459, -0.108, -0.848, 0.240)      0      0 -1396.70019     0   5.000   -1.000 lightdock_13.pdb      0 -931.133
  110      3      (13.199, 8.861, 18.091, -0.466, -0.319, -0.455, -0.689)      0      0 -1396.80810     0   5.000   -1.000  lightdock_3.pdb      0 -931.205
  205      9        (-19.167, 23.392, 3.407, 0.319, 0.388, 0.357, -0.787)      0      0 -1397.05930     0   5.000   -1.000  lightdock_9.pdb      0 -931.373
  140      6       (-5.204, 32.385, -3.351, 0.015, 0.882, -0.445, -0.152)      0      0 -1397.07069     0   5.000   -1.000  lightdock_6.pdb      0 -931.380
  117     20    (-19.862, -14.070, 19.966, -0.272, 0.375, -0.265, -0.846)      0      0 -1397.09170     0   5.000   -1.000 lightdock_20.pdb      0 -931.394
  123      5          (19.654, 3.236, 13.700, 0.434, 0.496, 0.325, 0.678)      0      0 -1397.12920     0   5.000   -1.000  lightdock_5.pdb      0 -931.419
   52     22       (8.928, -13.715, 14.566, 0.485, -0.308, 0.026, -0.818)      0      0 -1397.15024     0   5.000   -1.000 lightdock_22.pdb      0 -931.433
    0      5      (12.312, -14.981, 20.549, 0.866, -0.421, 0.085, -0.256)      0      0 -1397.16969     0   5.000   -1.000  lightdock_5.pdb      0 -931.446
  107     20       (-24.940, 20.076, 8.384, 0.059, 0.718, -0.657, -0.220)      0      0 -1397.18322     0   5.000   -1.000 lightdock_20.pdb      0 -931.455
   35      4     (-14.330, -25.719, 2.534, 0.015, -0.859, -0.489, -0.152)      0      0 -1397.19009     0   5.000   -1.000  lightdock_4.pdb      0 -931.460
  141      6      (11.275, -23.398, -8.272, -0.442, 0.453, 0.659, -0.408)      0      0 -1396.71475     2   5.000   -1.000  lightdock_6.pdb      0 -931.474
  183      2       (-18.640, 3.133, 22.620, -0.840, -0.241, 0.249, 0.417)      0      0 -1397.26380     0   5.000   -1.000  lightdock_2.pdb      0 -931.509
   85      3     (-29.185, -9.666, 2.097, -0.346, -0.633, -0.680, -0.134)      0      0 -1397.26995     0   5.000   -1.000  lightdock_3.pdb      0 -931.513
  187     14     (12.554, -21.088, 23.587, -0.334, -0.247, -0.862, 0.290)      0      0 -1397.52667     0   5.000   -1.000 lightdock_14.pdb      0 -931.684
  121     14       (-6.059, -21.550, 27.292, 0.830, -0.343, 0.134, 0.419)      0      0 -1397.60113     0   5.000   -1.000 lightdock_14.pdb      0 -931.734
    8     15      (-1.918, 12.868, -24.749, 0.399, 0.581, -0.703, -0.098)      0      0 -1397.66800     0   5.000   -1.000 lightdock_15.pdb      0 -931.779
  177      3        (-0.963, -25.583, 4.231, -0.415, 0.635, 0.184, 0.625)      0      0 -1396.04302     1   5.000   -1.000  lightdock_3.pdb      0 -931.781
  106      0       (9.440, -19.490, 3.688, 0.521, -0.539, -0.289, -0.595)      0      0 -1397.68978     0   5.000   -1.000  lightdock_0.pdb      0 -931.793
   23     20         (-3.950, 22.182, 9.682, 0.587, 0.309, 0.419, -0.619)      0      0 -1397.10672     1   5.000   -1.000 lightdock_20.pdb      0 -931.831
  163     18     (-9.867, 12.543, -19.696, -0.556, -0.792, 0.245, -0.062)      0      0 -1397.82342     0   5.000   -1.000 lightdock_18.pdb      0 -931.882
  161     22        (-7.235, 20.578, 12.613, 0.659, 0.141, -0.739, 0.008)      0      0 -1397.84087     0   5.000   -1.000 lightdock_22.pdb      0 -931.894
  140     16     (-8.354, 28.196, -17.892, -0.458, -0.522, 0.245, -0.677)      0      0 -1398.10454     0   5.000   -1.000 lightdock_16.pdb      0 -932.070
   50     12        (-15.584, 30.873, -4.056, 0.361, 0.473, 0.040, 0.803)      0      0 -1398.13040     0   5.000   -1.000 lightdock_12.pdb      0 -932.087
  168      1     (-18.599, -5.542, 18.280, -0.067, 0.782, -0.536, -0.311)      0      0 -1398.13331     0   5.000   -1.000  lightdock_1.pdb      0 -932.089
   94      7   (-20.267, -15.014, -7.416, -0.069, -0.722, -0.195, -0.661)      0      0 -1398.26785     0   5.000   -1.000  lightdock_7.pdb      0 -932.179
   91      7     (-22.326, -23.270, -7.338, -0.595, 0.576, -0.472, 0.303)      0      0 -1396.99069     1   5.000   -1.000  lightdock_7.pdb      0 -932.264
   61      5     (-9.786, -5.101, -13.577, -0.878, 0.075, -0.270, -0.389)      0      0 -1354.61992     5   5.000   -1.000  lightdock_5.pdb      0 -932.307
  136      6       (-28.056, 3.137, -5.101, 0.464, 0.857, -0.009, -0.223)      0      0 -1398.58508     0   5.000   -1.000  lightdock_6.pdb      0 -932.390
  219      7      (-23.835, 10.658, 10.824, 0.274, -0.679, -0.622, 0.277)      0      0 -1398.62650     0   5.000   -1.000  lightdock_7.pdb      0 -932.418
    6      7     (-23.621, -15.049, 6.068, -0.874, 0.307, -0.358, -0.120)      0      0 -1398.69213     0   5.000   -1.000  lightdock_7.pdb      0 -932.461
  109     17       (-13.223, 16.040, 16.028, -0.406, 0.253, 0.393, 0.785)      0      0 -1398.70409     0   5.000   -1.000 lightdock_17.pdb      0 -932.470
   41     11         (25.045, 9.082, 0.922, -0.342, -0.371, 0.168, 0.847)      0      0 -1398.71622     0   5.000   -1.000 lightdock_11.pdb      0 -932.477
   38      7         (5.669, 30.816, -1.517, 0.011, 0.426, 0.883, -0.196)      0      0 -1398.74990     0   5.000   -1.000  lightdock_7.pdb      0 -932.500
  144     10     (-26.406, -13.243, 0.825, -0.405, -0.219, 0.047, -0.886)      0      0 -1398.76991     0   5.000   -1.000 lightdock_10.pdb      0 -932.513
   60      4         (23.382, -0.117, 0.951, 0.393, 0.118, -0.864, 0.292)      0      0 -1398.80646     0   5.000   -1.000  lightdock_4.pdb      0 -932.538
  172      9       (-0.655, 33.831, -7.642, -0.408, -0.456, 0.593, 0.523)      0      0 -1398.95692     0   5.000   -1.000  lightdock_9.pdb      0 -932.638
  115      1        (-5.618, -26.795, 1.797, 0.823, 0.406, -0.170, 0.360)      0      0 -1399.04849     0   5.000   -1.000  lightdock_1.pdb      0 -932.699
  160     23     (-18.877, -5.601, 24.696, 0.382, -0.567, -0.473, -0.555)      0      0 -1399.13451     0   5.000   -1.000 lightdock_23.pdb      0 -932.756
   96     22       (-25.549, -7.157, 6.579, 0.509, -0.220, -0.503, 0.663)      0      0 -1399.15018     0   5.000   -1.000 lightdock_22.pdb      0 -932.767
  179      3      (14.006, 17.076, -12.557, 0.575, -0.737, 0.353, -0.032)      0      0 -1399.16034     0   5.000   -1.000  lightdock_3.pdb      0 -932.774
  203      4       (10.021, 15.554, 21.287, -0.422, 0.007, 0.518, -0.744)      0      0 -1399.20909     0   5.000   -1.000  lightdock_4.pdb      0 -932.806
   26     11       (14.773, -20.633, -9.001, 0.022, 0.157, -0.904, 0.396)      0      0 -1399.23246     0   5.000   -1.000 lightdock_11.pdb      0 -932.822
   94     24   (-20.089, -15.134, -7.226, -0.069, -0.722, -0.195, -0.661)      0      0 -1398.98533     1   5.000   -1.000 lightdock_24.pdb      0 -932.826
  106      5      (18.663, -23.567, -1.724, -0.336, -0.119, 0.564, 0.745)      0      0 -1399.30550     0   5.000   -1.000  lightdock_5.pdb      0 -932.870
   73     18       (-4.440, -5.318, 21.363, 0.970, 0.027, -0.243, -0.014)      0      0 -1399.32992     0   5.000   -1.000 lightdock_18.pdb      0 -932.887
  105     12     (3.717, -5.294, -22.825, -0.337, -0.318, -0.577, -0.672)      0      0 -1399.40455     0   5.000   -1.000 lightdock_12.pdb      0 -932.936
   12     19       (21.148, -1.771, -17.475, 0.316, -0.731, 0.412, 0.443)      0      0 -1399.46076     0   5.000   -1.000 lightdock_19.pdb      0 -932.974
   69      7       (16.606, 20.569, -1.345, -0.142, 0.005, -0.928, 0.344)      0      0 -1399.46434     0   5.000   -1.000  lightdock_7.pdb      0 -932.976
   22      8       (20.886, -3.539, -8.677, 0.539, 0.088, -0.836, -0.051)      0      0 -1399.49881     0   5.000   -1.000  lightdock_8.pdb      0 -932.999
    3     23    (18.178, -22.778, -4.340, -0.491, -0.787, -0.269, -0.260)      0      0 -1399.54178     0   5.000   -1.000 lightdock_23.pdb      0 -933.028
   11      0      (23.350, -8.294, 15.489, -0.470, 0.250, -0.810, -0.246)      0      0 -1399.57360     0   5.000   -1.000  lightdock_0.pdb      0 -933.049
   44     15        (29.119, 12.675, 8.727, -0.834, -0.024, 0.541, 0.100)      0      0 -1399.60444     0   5.000   -1.000 lightdock_15.pdb      0 -933.070
   61     19       (-13.843, 8.044, -16.545, -0.213, 0.356, 0.533, 0.738)      0      0 -1399.62910     0   5.000   -1.000 lightdock_19.pdb      0 -933.086
  182      8       (19.763, 14.840, 18.105, 0.510, -0.419, 0.620, -0.425)      0      0 -1399.71260     0   5.000   -1.000  lightdock_8.pdb      0 -933.142
   91     16     (-18.781, -16.088, 3.202, 0.616, -0.614, -0.458, -0.182)      0      0 -1399.72221     0   5.000   -1.000 lightdock_16.pdb      0 -933.148
  192     22       (-20.382, 7.155, -9.490, -0.545, -0.325, 0.700, 0.328)      0      0 -1399.84910     0   5.000   -1.000 lightdock_22.pdb      0 -933.233
   12     24       (22.300, 0.468, -22.947, -0.991, 0.030, -0.071, 0.113)      0      0 -1400.01774     0   5.000   -1.000 lightdock_24.pdb      0 -933.345
  196     13      (6.702, -26.306, 23.426, -0.532, -0.357, -0.456, 0.617)      0      0 -1400.02488     0   5.000   -1.000 lightdock_13.pdb      0 -933.350
  215     20       (22.901, 12.533, 2.040, -0.020, -0.765, 0.623, -0.163)      0      0 -1400.06541     0   5.000   -1.000 lightdock_20.pdb      0 -933.377
   12      5       (20.571, 9.348, -22.503, 0.795, 0.259, -0.527, -0.153)      0      0 -1400.09662     0   5.000   -1.000  lightdock_5.pdb      0 -933.398
  166      6       (-19.381, -7.508, -22.915, 0.437, 0.760, 0.112, 0.468)      0      0 -1400.25524     1   5.000   -1.000  lightdock_6.pdb      0 -933.404
  206      5    (23.952, -14.398, -10.154, -0.791, 0.081, -0.147, -0.588)      0      0 -1400.12758     0   5.000   -1.000  lightdock_5.pdb      0 -933.418
   30      3     (-14.336, -19.320, 4.146, -0.626, 0.608, -0.140, -0.468)      0      0 -1377.68506     6   4.840   -1.000  lightdock_3.pdb      0 -933.430
  159      0          (3.325, 22.582, 7.347, 0.705, 0.265, -0.657, 0.008)      0      0 -1400.16683     0   5.000   -1.000  lightdock_0.pdb      0 -933.445
  149      2       (-2.735, -5.181, -14.869, 0.362, 0.532, 0.663, -0.384)      0      0 -1400.17517     0   5.000   -1.000  lightdock_2.pdb      0 -933.450
  149     16        (5.912, -9.015, -21.749, -0.394, 0.329, 0.233, 0.826)      0      0 -1400.18774     0   5.000   -1.000 lightdock_16.pdb      0 -933.458
  166      2       (-19.477, -7.511, -22.858, 0.437, 0.760, 0.112, 0.468)      0      0 -1400.21743     0   5.000   -1.000  lightdock_2.pdb      0 -933.478
   36      8       (-22.729, -12.163, -6.881, 0.460, 0.463, 0.709, 0.268)      0      0 -1400.22050     0   5.000   -1.000  lightdock_8.pdb      0 -933.480
    7      9        (14.971, 16.627, -7.547, 0.646, -0.749, 0.049, 0.143)      0      0 -1400.27435     0   5.000   -1.000  lightdock_9.pdb      0 -933.516
  136     12      (-23.740, -2.709, 6.466, 0.389, -0.746, -0.379, -0.385)      0      0 -1400.32658     0   5.000   -1.000 lightdock_12.pdb      0 -933.551
  144     12      (-30.373, -13.635, 4.938, 0.215, -0.787, 0.000, -0.578)      0      0 -1400.32957     0   5.000   -1.000 lightdock_12.pdb      0 -933.553
   43      2        (6.096, -9.615, 19.973, -0.298, 0.533, -0.009, 0.792)      0      0 -1400.38906     0   5.000   -1.000  lightdock_2.pdb      0 -933.593
  198     12       (6.984, 17.997, 21.773, -0.394, -0.277, -0.455, 0.749)      0      0 -1400.41254     0   5.000   -1.000 lightdock_12.pdb      0 -933.608
  192     16      (-30.349, 7.705, -13.373, -0.699, 0.330, 0.619, -0.139)      0      0 -1400.54832     0   5.000   -1.000 lightdock_16.pdb      0 -933.699
   25      4       (-0.576, 10.458, 24.472, -0.239, 0.464, -0.501, 0.690)      0      0 -1400.61651     0   5.000   -1.000  lightdock_4.pdb      0 -933.744
  166     13       (-19.751, -7.520, -22.695, 0.437, 0.760, 0.112, 0.468)      0      0 -1400.49867     2   5.000   -1.000 lightdock_13.pdb      0 -933.762
  115      4       (-2.930, -20.799, 11.703, 0.491, 0.075, 0.217, -0.840)      0      0 -1400.68742     0   5.000   -1.000  lightdock_4.pdb      0 -933.792
   36     18       (-22.507, -12.253, -6.861, 0.460, 0.463, 0.709, 0.268)      0      0 -1400.46127     1   5.000   -1.000 lightdock_18.pdb      0 -933.820
  171     24     (-2.247, 17.401, -22.086, -0.042, -0.905, -0.120, 0.407)      0      0 -1400.74046     0   5.000   -1.000 lightdock_24.pdb      0 -933.827
  176      5     (-23.064, 4.029, 11.454, -0.595, -0.096, -0.796, -0.052)      0      0 -1400.75404     0   5.000   -1.000  lightdock_5.pdb      0 -933.836
  139     10       (15.516, 12.939, 10.483, 0.778, 0.224, -0.579, -0.101)      0      0 -1400.76080     0   5.000   -1.000 lightdock_10.pdb      0 -933.841
   30     24       (-15.515, -14.029, 5.358, 0.409, 0.126, -0.104, 0.898)      0      0 -1400.76566     0   5.000   -1.000 lightdock_24.pdb      0 -933.844
   32      9         (20.454, -8.986, 1.187, 0.600, -0.100, 0.187, 0.771)      0      0 -1400.83405     0   5.000   -1.000  lightdock_9.pdb      0 -933.889
  149      5        (5.910, -9.015, -21.749, -0.394, 0.329, 0.233, 0.826)      0      0 -1400.61860     1   5.000   -1.000  lightdock_5.pdb      0 -933.916
   13     15     (-16.476, -17.927, 8.823, -0.159, -0.143, -0.862, 0.459)      0      0 -1400.93257     0   5.000   -1.000 lightdock_15.pdb      0 -933.955
   88     11       (17.130, 30.343, -12.958, 0.151, 0.710, 0.314, -0.612)      0      0 -1400.93596     0   5.000   -1.000 lightdock_11.pdb      0 -933.957
    5     21         (16.866, 20.018, -9.315, 0.498, 0.463, 0.541, 0.495)      0      0 -1400.95482     0   5.000   -1.000 lightdock_21.pdb      0 -933.970
  100      8       (17.802, 12.086, 15.592, 0.557, -0.830, -0.020, 0.018)      0      0 -1400.99471     0   5.000   -1.000  lightdock_8.pdb      0 -933.996
  160     14        (-20.720, -2.968, 9.582, 0.714, -0.197, 0.286, 0.608)      0      0 -1401.03654     0   5.000   -1.000 lightdock_14.pdb      0 -934.024
  104     12       (5.872, -23.527, 18.733, -0.101, 0.653, 0.234, -0.713)      0      0 -1401.04792     0   5.000   -1.000 lightdock_12.pdb      0 -934.032
   10      0        (2.879, 25.635, 13.070, 0.392, -0.341, 0.829, -0.208)      0      0 -1401.55773     1   5.000   -1.000  lightdock_0.pdb      0 -934.054
  143     23      (17.978, -18.995, -2.580, -0.211, 0.198, -0.806, 0.516)      0      0 -1401.14315     0   5.000   -1.000 lightdock_23.pdb      0 -934.095
  155      7        (18.059, -12.966, 8.974, 0.446, 0.777, 0.082, -0.436)      0      0 -1401.17773     0   5.000   -1.000  lightdock_7.pdb      0 -934.118
   23     12          (-7.351, 26.948, 0.411, 0.966, 0.028, 0.115, 0.232)      0      0 -1401.21119     0   5.000   -1.000 lightdock_12.pdb      0 -934.141
  176      1     (-17.442, 11.171, 18.276, -0.044, 0.756, -0.602, -0.255)      0      0 -1401.24762     0   5.000   -1.000  lightdock_1.pdb      0 -934.165
  114      1     (15.174, -24.008, 1.219, -0.803, -0.173, -0.102, -0.562)      0      0 -1401.32914     0   5.000   -1.000  lightdock_1.pdb      0 -934.219
   84      7         (26.889, -5.460, 8.655, 0.318, 0.882, -0.348, 0.008)      0      0 -1401.38338     0   5.000   -1.000  lightdock_7.pdb      0 -934.256
   68     14        (10.622, -28.070, 0.818, 0.950, -0.179, 0.070, 0.246)      0      0 -1401.40712     0   5.000   -1.000 lightdock_14.pdb      0 -934.271
   58      1       (0.488, 12.275, -22.865, -0.814, -0.125, 0.215, 0.524)      0      0 -1401.41499     0   5.000   -1.000  lightdock_1.pdb      0 -934.277
  218     18      (-7.971, -18.045, -0.466, 0.041, -0.082, -0.139, 0.986)      0      0 -1401.41666     0   5.000   -1.000 lightdock_18.pdb      0 -934.278
   85     10       (-23.936, 0.808, 11.104, -0.059, 0.798, -0.600, 0.018)      0      0 -1401.42556     0   5.000   -1.000 lightdock_10.pdb      0 -934.284
  143      5         (23.995, -9.468, -2.334, 0.163, 0.075, 0.907, 0.381)      0      0 -1401.44577     0   5.000   -1.000  lightdock_5.pdb      0 -934.297
  196     21     (11.773, -18.106, 10.502, 0.273, -0.848, -0.178, -0.418)      0      0 -1401.46403     0   5.000   -1.000 lightdock_21.pdb      0 -934.309
   10      6        (2.517, 25.843, 13.209, 0.392, -0.341, 0.829, -0.208)      0      0 -1401.46807     0   5.000   -1.000  lightdock_6.pdb      0 -934.312
  174     14     (-10.829, -1.945, -15.925, 0.612, -0.522, 0.300, -0.513)      0      0 -1401.47718     0   5.000   -1.000 lightdock_14.pdb      0 -934.318
   12     13       (22.392, 0.437, -22.993, -0.991, 0.030, -0.071, 0.113)      0      0 -1401.10707     1   5.000   -1.000 lightdock_13.pdb      0 -934.326
  105      0     (3.650, -5.445, -23.026, -0.337, -0.318, -0.577, -0.672)      0      0 -1400.92075     1   5.000   -1.000  lightdock_0.pdb      0 -934.414
  113     20        (-8.158, 8.382, 25.234, -0.295, -0.952, 0.016, 0.074)      0      0 -1401.66279     0   5.000   -1.000 lightdock_20.pdb      0 -934.442
    4     23        (9.452, 28.786, 4.008, -0.715, -0.125, 0.644, -0.241)      0      0 -1401.70018     0   5.000   -1.000 lightdock_23.pdb      0 -934.467
  123     19        (14.329, -5.477, 24.361, 0.692, -0.180, 0.689, 0.117)      0      0 -1401.71957     0   5.000   -1.000 lightdock_19.pdb      0 -934.480
  205     18      (-23.376, 13.998, -8.579, -0.651, 0.020, 0.438, -0.619)      0      0 -1401.84690     0   5.000   -1.000 lightdock_18.pdb      0 -934.565
   25     24      (-12.618, 10.711, 21.530, -0.471, 0.494, -0.376, 0.626)      0      0 -1401.86379     0   5.000   -1.000 lightdock_24.pdb      0 -934.576
  114     14        (25.525, -9.086, -2.925, 0.111, -0.181, 0.625, 0.751)      0      0 -1401.86854     0   5.000   -1.000 lightdock_14.pdb      0 -934.579
   67     12     (8.014, 15.791, -23.118, -0.481, -0.505, -0.463, -0.547)      0      0 -1401.96165     0   5.000   -1.000 lightdock_12.pdb      0 -934.641
  108     23       (-1.321, -26.270, -4.795, -0.493, 0.725, 0.333, 0.347)      0      0 -1401.97880     0   5.000   -1.000 lightdock_23.pdb      0 -934.653
  130     17        (27.507, 3.014, 1.066, -0.495, -0.611, -0.609, 0.103)      0      0 -1401.99638     0   5.000   -1.000 lightdock_17.pdb      0 -934.664
   72     18       (-0.334, -0.275, 29.042, 0.008, 0.936, -0.261, -0.235)      0      0 -1401.99913     0   5.000   -1.000 lightdock_18.pdb      0 -934.666
   94      2    (-16.718, -19.030, -8.360, -0.486, -0.206, -0.833, 0.167)      0      0 -1402.00041     0   5.000   -1.000  lightdock_2.pdb      0 -934.667
   96     20         (-29.144, -8.779, 6.004, 0.716, 0.165, 0.589, 0.337)      0      0 -1402.05216     0   5.000   -1.000 lightdock_20.pdb      0 -934.701
   73      3     (-11.535, -7.869, 28.836, -0.156, -0.714, 0.465, -0.499)      0      0 -1402.08350     0   5.000   -1.000  lightdock_3.pdb      0 -934.722
   53     17         (20.524, 14.116, 4.125, -0.664, 0.177, 0.680, 0.256)      0      0 -1402.14316     0   5.000   -1.000 lightdock_17.pdb      0 -934.762
   12     14       (20.668, 7.040, -15.534, -0.189, 0.415, 0.438, -0.775)      0      0 -1402.15547     0   5.000   -1.000 lightdock_14.pdb      0 -934.770
  188     20   (-16.465, -6.746, -12.560, -0.746, -0.454, -0.208, -0.441)      0      0 -1400.05102     1   5.000   -1.000 lightdock_20.pdb      0 -934.785
   17     20        (16.093, 4.919, 13.386, -0.509, -0.587, 0.265, 0.571)      0      0 -1402.30247     0   5.000   -1.000 lightdock_20.pdb      0 -934.868
  142      0        (7.950, -18.488, -5.623, 0.138, 0.682, 0.044, -0.717)      0      0 -1402.38746     0   5.000   -1.000  lightdock_0.pdb      0 -934.925
   19     15      (6.932, 25.032, -14.762, -0.992, -0.012, 0.092, -0.088)      0      0 -1402.49967     0   5.000   -1.000 lightdock_15.pdb      0 -935.001
   88     24        (12.880, 21.316, -5.180, 0.748, -0.210, 0.629, 0.006)      0      0 -1402.59371     0   5.000   -1.000 lightdock_24.pdb      0 -935.062
  131      9       (5.378, 20.269, -20.247, 0.120, -0.342, 0.538, -0.761)      0      0 -1402.61248     0   5.000   -1.000  lightdock_9.pdb      0 -935.075
   19      2      (6.932, 25.033, -14.762, -0.992, -0.012, 0.092, -0.088)      0      0 -1402.59486     1   5.000   -1.000  lightdock_2.pdb      0 -935.077
  207      0         (22.342, 6.380, 9.981, 0.084, -0.614, -0.137, 0.773)      0      0 -1402.65189     0   5.000   -1.000  lightdock_0.pdb      0 -935.101
   12      8       (20.588, 9.352, -22.503, 0.795, 0.259, -0.527, -0.153)      0      0 -1401.66019     1   5.000   -1.000  lightdock_8.pdb      0 -935.104
  130     23         (28.078, 3.174, 5.129, 0.036, 0.956, -0.291, -0.028)      0      0 -1402.72264     0   5.000   -1.000 lightdock_23.pdb      0 -935.148
   65     16      (12.453, 17.774, -10.846, -0.178, 0.467, 0.688, -0.526)      0      0 -1402.72326     0   5.000   -1.000 lightdock_16.pdb      0 -935.149
  155     12        (18.071, -12.518, 8.959, 0.446, 0.777, 0.082, -0.436)      0      0 -1402.61843     1   5.000   -1.000 lightdock_12.pdb      0 -935.176
  104      5        (1.256, -21.732, 16.857, 0.773, 0.055, 0.010, -0.632)      0      0 -1402.91549     0   5.000   -1.000  lightdock_5.pdb      0 -935.277
  148     22     (25.939, -18.293, 1.807, -0.168, -0.193, -0.346, -0.903)      0      0 -1403.01743     0   5.000   -1.000 lightdock_22.pdb      0 -935.345
  211      6    (-5.266, -12.262, 19.783, -0.393, -0.263, -0.065, -0.879)      0      0 -1403.23134     0   5.000   -1.000  lightdock_6.pdb      0 -935.488
  213     24   (-21.998, -2.818, -15.536, -0.321, -0.658, -0.336, -0.592)      0      0 -1403.30148     0   5.000   -1.000 lightdock_24.pdb      0 -935.534
   25      7       (-0.555, 10.453, 24.515, -0.239, 0.464, -0.501, 0.690)      0      0 -1402.18700     1   5.000   -1.000  lightdock_7.pdb      0 -935.537
   24     12      (10.021, 0.739, -22.665, 0.928, -0.137, -0.297, -0.179)      0      0 -1388.86875     2   5.000   -1.000 lightdock_12.pdb      0 -935.547
  189      6         (3.295, 16.657, 18.915, 0.133, -0.893, 0.046, 0.427)      0      0 -1403.33601     0   5.000   -1.000  lightdock_6.pdb      0 -935.557
  108     14    (-2.255, -17.996, -10.150, 0.590, -0.643, -0.017, -0.488)      0      0 -1403.36950     0   5.000   -1.000 lightdock_14.pdb      0 -935.580
   92     22      (-25.530, 14.016, 4.030, -0.431, -0.221, -0.420, 0.768)      0      0 -1403.39159     0   5.000   -1.000 lightdock_22.pdb      0 -935.594
  174     22   (-19.722, -10.937, -15.130, 0.963, -0.092, -0.080, -0.242)      0      0 -1403.39861     0   5.000   -1.000 lightdock_22.pdb      0 -935.599
  143     12      (21.906, -4.555, -10.801, -0.429, -0.467, 0.743, 0.213)      0      0 -1403.46995     0   5.000   -1.000 lightdock_12.pdb      0 -935.647
  149      0      (7.507, -13.983, -23.052, -0.959, 0.123, 0.245, -0.078)      0      0 -1403.48195     0   5.000   -1.000  lightdock_0.pdb      0 -935.655
   93     14       (9.970, 10.039, 26.871, -0.198, -0.246, -0.089, 0.945)      0      0 -1403.57224     0   5.000   -1.000 lightdock_14.pdb      0 -935.715
   49     19    (25.200, -15.290, -10.726, -0.279, -0.243, 0.836, -0.405)      0      0 -1403.68292     0   5.000   -1.000 lightdock_19.pdb      0 -935.789
  127     14       (-3.725, 30.574, -7.292, -0.481, -0.491, 0.499, 0.528)      0      0 -1403.72806     0   5.000   -1.000 lightdock_14.pdb      0 -935.819
  176      3          (-8.779, 6.217, 18.951, 0.789, 0.240, 0.158, 0.542)      0      0 -1403.74567     0   5.000   -1.000  lightdock_3.pdb      0 -935.830
  219      2     (-27.351, -6.572, 11.170, 0.695, -0.656, -0.232, -0.180)      0      0 -1403.76872     0   5.000   -1.000  lightdock_2.pdb      0 -935.846
   94     16     (-18.697, -14.909, 5.610, -0.651, -0.283, -0.600, 0.369)      0      0 -1403.78087     0   5.000   -1.000 lightdock_16.pdb      0 -935.854
   29      2      (7.716, -25.490, -11.092, 0.421, -0.459, -0.476, 0.621)      0      0 -1403.89496     0   5.000   -1.000  lightdock_2.pdb      0 -935.930
  179     15       (11.510, 12.261, -21.812, 0.325, 0.043, 0.599, -0.731)      0      0 -1403.89876     0   5.000   -1.000 lightdock_15.pdb      0 -935.933
   40     16       (4.193, 21.716, 13.156, -0.312, 0.909, -0.273, -0.051)      0      0 -1403.91357     0   5.000   -1.000 lightdock_16.pdb      0 -935.942
   98     24      (2.371, 21.793, -17.696, 0.829, -0.366, -0.248, -0.343)      0      0 -1389.49997     5   5.000   -1.000 lightdock_24.pdb      0 -935.947
  204      9       (12.345, 11.474, -23.410, 0.636, 0.117, 0.150, -0.747)      0      0 -1404.03888     0   5.000   -1.000  lightdock_9.pdb      0 -936.026
  206     13        (7.327, -14.027, -8.697, -0.600, 0.569, 0.555, 0.090)      0      0 -1404.17442     0   5.000   -1.000 lightdock_13.pdb      0 -936.116
  179     19      (15.985, 7.766, -13.754, -0.188, -0.248, -0.703, 0.640)      0      0 -1404.23493     0   5.000   -1.000 lightdock_19.pdb      0 -936.157
  143      9      (18.013, -10.623, -15.875, 0.148, 0.708, 0.198, -0.661)      0      0 -1404.26162     0   5.000   -1.000  lightdock_9.pdb      0 -936.174
  105     20       (0.085, -3.585, -29.541, 0.777, 0.022, -0.612, -0.142)      0      0 -1404.28911     0   5.000   -1.000 lightdock_20.pdb      0 -936.193
  143      1       (26.588, -4.168, -4.310, -0.440, -0.614, 0.655, 0.023)      0      0 -1404.34355     0   5.000   -1.000  lightdock_1.pdb      0 -936.229
   61     11       (-13.154, 5.054, -25.162, -0.619, 0.271, 0.321, 0.663)      0      0 -1404.44298     0   5.000   -1.000 lightdock_11.pdb      0 -936.295
   61      6       (-13.777, 8.088, -16.448, -0.213, 0.356, 0.533, 0.738)      0      0 -1402.08625     1   5.000   -1.000  lightdock_6.pdb      0 -936.306
  148     23       (18.332, -17.307, -3.589, 0.549, 0.665, 0.363, -0.351)      0      0 -1404.46599     0   5.000   -1.000 lightdock_23.pdb      0 -936.311
   67     20        (13.367, 15.851, -9.842, 0.572, 0.203, 0.791, -0.083)      0      0 -1404.57039     0   5.000   -1.000 lightdock_20.pdb      0 -936.380
  149     19      (7.718, -13.939, -22.911, -0.959, 0.123, 0.245, -0.078)      0      0 -1404.26454     1   5.000   -1.000 lightdock_19.pdb      0 -936.392
    1      3       (10.349, 4.892, -24.649, 0.674, 0.666, -0.312, -0.065)      0      0 -1404.64310     0   5.000   -1.000  lightdock_3.pdb      0 -936.429
   68     24       (10.545, -24.466, 0.119, -0.776, 0.082, 0.035, -0.625)      0      0 -1404.79565     0   5.000   -1.000 lightdock_24.pdb      0 -936.530
   79     24     (-25.793, -3.876, -14.925, -0.370, 0.315, 0.255, -0.836)      0      0 -1404.82205     0   5.000   -1.000 lightdock_24.pdb      0 -936.548
   36      6     (-16.952, -14.310, -0.675, 0.439, -0.820, 0.340, -0.136)      0      0 -1404.84708     0   5.000   -1.000  lightdock_6.pdb      0 -936.565
   76      9        (7.501, 18.964, -22.590, 0.118, 0.182, 0.464, -0.859)      0      0 -1404.87871     0   5.000   -1.000  lightdock_9.pdb      0 -936.586
  153      2      (-25.599, -14.110, 10.810, -0.137, 0.854, 0.080, 0.495)      0      0 -1404.88762     0   5.000   -1.000  lightdock_2.pdb      0 -936.592
   89     13       (13.728, 1.312, 14.839, -0.413, -0.493, -0.731, 0.227)      0      0 -1404.88967     0   5.000   -1.000 lightdock_13.pdb      0 -936.593
  135      3      (-8.069, -19.276, 19.492, -0.762, -0.110, 0.400, 0.497)      0      0 -1404.92939     0   5.000   -1.000  lightdock_3.pdb      0 -936.620
   47      1       (18.053, -21.467, 9.480, -0.803, 0.179, 0.421, -0.381)      0      0 -1405.01548     0   5.000   -1.000  lightdock_1.pdb      0 -936.677
  125     20      (-12.604, -32.245, 7.483, -0.409, 0.311, -0.856, 0.054)      0      0 -1405.02808     0   5.000   -1.000 lightdock_20.pdb      0 -936.685
   77     17       (-5.949, 5.557, 24.358, 0.482, -0.741, -0.046, -0.465)      0      0 -1405.07510     0   5.000   -1.000 lightdock_17.pdb      0 -936.717
  150     10       (4.279, -15.274, -4.033, -0.037, 0.111, -0.015, 0.993)      0      0 -1405.16864     0   5.000   -1.000 lightdock_10.pdb      0 -936.779
  171     15      (3.015, 3.084, -28.077, -0.834, -0.141, -0.407, -0.344)      0      0 -1405.24887     0   5.000   -1.000 lightdock_15.pdb      0 -936.833
   61     17      (-10.202, -0.703, -22.849, -0.432, 0.307, 0.270, 0.804)      0      0 -1405.41444     0   5.000   -1.000 lightdock_17.pdb      0 -936.943
  127     18       (-5.548, 29.905, 3.085, -0.004, -0.300, -0.397, 0.868)      0      0 -1405.44837     0   5.000   -1.000 lightdock_18.pdb      0 -936.966
  203     16       (17.869, 14.901, 15.415, 0.514, -0.007, 0.795, -0.321)      0      0 -1405.49147     0   5.000   -1.000 lightdock_16.pdb      0 -936.994
  185     19       (1.963, 8.316, 16.927, -0.585, -0.548, -0.509, -0.313)      0      0 -1405.58640     0   5.000   -1.000 lightdock_19.pdb      0 -937.058
    3      0       (16.100, -18.283, 0.044, -0.622, -0.533, 0.569, 0.070)      0      0 -1405.62327     0   5.000   -1.000  lightdock_0.pdb      0 -937.082
   75     13      (-26.050, -3.210, -19.505, -0.600, 0.798, 0.057, 0.024)      0      0 -1405.93455     0   5.000   -1.000 lightdock_13.pdb      0 -937.290
  169      0      (-23.641, -14.569, 1.334, -0.906, 0.376, -0.036, 0.190)      0      0 -1406.07963     0   5.000   -1.000  lightdock_0.pdb      0 -937.386
  202     14       (4.581, -7.121, -16.066, -0.319, 0.745, 0.279, -0.515)      0      0 -1406.10060     0   5.000   -1.000 lightdock_14.pdb      0 -937.400
   89      4         (8.870, 4.605, 18.383, 0.068, 0.709, -0.462, -0.528)      0      0 -1406.24636     0   5.000   -1.000  lightdock_4.pdb      0 -937.498
  168     21     (-26.323, -0.731, 14.075, 0.423, -0.572, -0.246, -0.658)      0      0 -1406.32305     0   5.000   -1.000 lightdock_21.pdb      0 -937.549
   96     24       (-18.777, -7.554, -6.672, 0.507, -0.766, 0.299, 0.259)      0      0 -1406.35744     0   5.000   -1.000 lightdock_24.pdb      0 -937.572
   61      8       (-13.143, 5.058, -25.183, -0.619, 0.271, 0.321, 0.663)      0      0 -1405.66208     1   5.000   -1.000  lightdock_8.pdb      0 -937.644
  194     15      (-9.267, 27.382, 14.954, -0.433, -0.007, 0.600, -0.673)      0      0 -1406.49070     0   5.000   -1.000 lightdock_15.pdb      0 -937.660
  147      2      (18.541, -4.953, 10.056, 0.056, -0.167, -0.968, -0.177)      0      0 -1406.55870     0   5.000   -1.000  lightdock_2.pdb      0 -937.706
  126      3     (-13.418, 16.871, 10.258, -0.450, 0.116, -0.006, -0.885)      0      0 -1406.56534     0   5.000   -1.000  lightdock_3.pdb      0 -937.710
   72      9        (8.823, -6.449, 31.860, 0.561, 0.459, -0.688, -0.014)      0      0 -1406.64929     0   5.000   -1.000  lightdock_9.pdb      0 -937.766
   55      5     (-19.186, -20.432, -6.956, 0.945, -0.288, -0.037, 0.151)      0      0 -1406.69254     0   5.000   -1.000  lightdock_5.pdb      0 -937.795
  124      5       (-2.357, 25.662, 13.293, -0.305, 0.787, -0.092, 0.528)      0      0 -1406.70379     0   5.000   -1.000  lightdock_5.pdb      0 -937.803
  156     24       (24.322, 1.606, -3.511, -0.871, -0.008, -0.231, 0.433)      0      0 -1406.76971     0   5.000   -1.000 lightdock_24.pdb      0 -937.846
   34      0       (-0.735, -27.911, 7.867, -0.542, 0.193, -0.818, 0.003)      0      0 -1406.85482     0   5.000   -1.000  lightdock_0.pdb      0 -937.903
  174     15      (-3.873, -16.560, -19.945, 0.004, 0.056, -0.627, 0.777)      0      0 -1407.05664     0   5.000   -1.000 lightdock_15.pdb      0 -938.038
   96     11       (-20.225, 1.237, -6.851, 0.376, 0.497, -0.704, -0.341)      0      0 -1407.16256     0   5.000   -1.000 lightdock_11.pdb      0 -938.108
   36     17     (-13.217, -14.294, -2.881, -0.316, 0.102, 0.687, -0.646)      0      0 -1407.21960     0   5.000   -1.000 lightdock_17.pdb      0 -938.146
  123      8        (18.404, 0.954, 24.638, -0.522, 0.767, 0.369, -0.057)      0      0 -1407.54407     0   5.000   -1.000  lightdock_8.pdb      0 -938.363
  166     14     (-19.881, -1.273, -12.857, 0.865, 0.474, -0.032, -0.160)      0      0 -1407.59703     0   5.000   -1.000 lightdock_14.pdb      0 -938.398
   91     12    (-23.866, -15.065, -9.227, -0.806, 0.438, -0.394, -0.063)      0      0 -1407.84095     0   5.000   -1.000 lightdock_12.pdb      0 -938.561
   37      6      (-20.803, 13.954, 7.495, 0.789, -0.208, -0.477, -0.328)      0      0 -1407.94880     0   5.000   -1.000  lightdock_6.pdb      0 -938.633
  174      6      (-3.740, -9.742, -16.879, -0.648, -0.092, 0.587, 0.476)      0      0 -1407.94987     0   5.000   -1.000  lightdock_6.pdb      0 -938.633
  164     24   (-11.034, -14.076, -18.440, 0.490, -0.300, -0.604, -0.553)      0      0 -1408.00427     0   5.000   -1.000 lightdock_24.pdb      0 -938.670
  137     13       (-14.158, 15.467, 7.636, 0.417, 0.749, -0.477, -0.194)      0      0 -1408.09027     0   5.000   -1.000 lightdock_13.pdb      0 -938.727
  108      3      (4.959, -31.109, -7.971, -0.363, -0.211, 0.769, -0.482)      0      0 -1408.32776     0   5.000   -1.000  lightdock_3.pdb      0 -938.885
  151      1     (-3.829, -16.993, 28.907, 0.497, -0.409, -0.720, -0.259)      0      0 -1408.33115     0   5.000   -1.000  lightdock_1.pdb      0 -938.887
  134      1       (-10.458, 15.370, -19.031, 0.452, 0.635, 0.436, 0.451)      0      0 -1408.39297     0   5.000   -1.000  lightdock_1.pdb      0 -938.929
    3      6      (23.374, -15.405, -6.951, 0.664, -0.229, -0.699, 0.136)      0      0 -1408.56018     0   5.000   -1.000  lightdock_6.pdb      0 -939.040
   36     19     (-14.652, -20.951, -11.258, 0.308, -0.724, 0.486, 0.381)      0      0 -1408.59570     0   5.000   -1.000 lightdock_19.pdb      0 -939.064
  107      4        (-24.612, 7.930, 3.324, -0.593, 0.065, 0.492, -0.634)      0      0 -1408.60439     0   5.000   -1.000  lightdock_4.pdb      0 -939.070
   15     24     (-10.435, -9.732, 25.525, 0.366, -0.594, -0.660, -0.280)      0      0 -1408.84491     0   5.000   -1.000 lightdock_24.pdb      0 -939.230
  117     17    (-12.060, -15.277, 13.911, -0.460, -0.589, 0.346, -0.568)      0      0 -1408.85786     0   5.000   -1.000 lightdock_17.pdb      0 -939.239
  181      5       (-14.103, -16.114, 5.858, 0.476, -0.760, 0.308, 0.318)      0      0 -1408.86508     0   5.000   -1.000  lightdock_5.pdb      0 -939.243
  160      2      (-22.037, -10.356, 21.633, 0.869, 0.357, 0.091, -0.329)      0      0 -1408.93139     0   5.000   -1.000  lightdock_2.pdb      0 -939.288
   41      3       (31.203, -2.328, 11.475, -0.671, 0.071, -0.686, 0.272)      0      0 -1409.02782     0   5.000   -1.000  lightdock_3.pdb      0 -939.352
   52      8    (20.106, -19.238, 13.724, -0.588, -0.365, -0.237, -0.682)      0      0 -1409.12598     0   5.000   -1.000  lightdock_8.pdb      0 -939.417
  159      3       (-6.392, 24.625, -0.745, 0.845, -0.069, 0.415, -0.330)      0      0 -1409.16198     0   5.000   -1.000  lightdock_3.pdb      0 -939.441
  199     11        (2.555, 12.559, 23.808, -0.466, 0.713, 0.502, -0.150)      0      0 -1409.16377     0   5.000   -1.000 lightdock_11.pdb      0 -939.443
  124     13      (-3.692, 21.895, 21.096, -0.193, -0.719, 0.212, -0.634)      0      0 -1409.37789     0   5.000   -1.000 lightdock_13.pdb      0 -939.585
   79     18      (-22.690, -5.664, -12.252, -0.713, 0.437, 0.546, 0.054)      0      0 -1409.59051     0   5.000   -1.000 lightdock_18.pdb      0 -939.727
   12      2      (22.869, 10.103, -13.147, -0.303, -0.174, 0.361, 0.865)      0      0 -1409.67937     0   5.000   -1.000  lightdock_2.pdb      0 -939.786
   35      3     (-5.926, -22.945, -5.640, -0.392, 0.653, -0.216, -0.611)      0      0 -1409.68474     0   5.000   -1.000  lightdock_3.pdb      0 -939.790
  180     12      (-21.835, 5.342, -16.198, 0.767, 0.615, -0.172, -0.058)      0      0 -1409.73289     0   5.000   -1.000 lightdock_12.pdb      0 -939.822
    3      5   (15.666, -10.048, -12.570, -0.235, -0.129, -0.566, -0.779)      0      0 -1409.76199     0   5.000   -1.000  lightdock_5.pdb      0 -939.841
   68      7      (-1.606, -24.549, 7.437, 0.129, -0.930, -0.176, -0.296)      0      0 -1409.88775     0   5.000   -1.000  lightdock_7.pdb      0 -939.925
  204     24       (11.338, 10.413, -27.421, -0.511, 0.249, 0.604, 0.558)      0      0 -1410.18388     0   5.000   -1.000 lightdock_24.pdb      0 -940.123
  155     24       (14.719, -18.507, 15.986, -0.305, 0.877, 0.322, 0.185)      0      0 -1410.31092     0   5.000   -1.000 lightdock_24.pdb      0 -940.207
  138     12      (-1.783, 10.944, -20.246, -0.464, 0.199, -0.547, 0.668)      0      0 -1410.34758     0   5.000   -1.000 lightdock_12.pdb      0 -940.232
   49      7       (15.872, -12.944, -2.076, -0.560, 0.370, 0.153, 0.726)      0      0 -1411.00560     0   5.000   -1.000  lightdock_7.pdb      0 -940.670
  102     11       (4.333, -22.379, 3.130, -0.227, -0.946, -0.159, 0.170)      0      0 -1411.11567     0   5.000   -1.000 lightdock_11.pdb      0 -940.744
  100      9         (8.796, 20.125, 15.232, 0.584, 0.671, 0.457, -0.002)      0      0 -1411.17303     0   5.000   -1.000  lightdock_9.pdb      0 -940.782
   81     18    (20.752, -7.694, -14.108, -0.218, -0.313, -0.897, -0.226)      0      0 -1411.19116     0   5.000   -1.000 lightdock_18.pdb      0 -940.794
  105      7      (-5.421, -8.819, -23.608, -0.740, -0.597, 0.044, 0.307)      0      0 -1411.20530     0   5.000   -1.000  lightdock_7.pdb      0 -940.804
   97     17      (-19.559, -3.910, 21.871, -0.292, 0.915, -0.231, 0.155)      0      0 -1411.31253     0   5.000   -1.000 lightdock_17.pdb      0 -940.875
  164     20   (-4.275, -15.213, -21.081, -0.588, -0.195, -0.027, -0.784)      0      0 -1411.87022     0   5.000   -1.000 lightdock_20.pdb      0 -941.247
    8     16         (0.836, 6.832, -21.752, -0.242, 0.087, 0.411, 0.874)      0      0 -1412.13893     0   5.000   -1.000 lightdock_16.pdb      0 -941.426
   13     21     (-19.689, -18.019, -5.419, 0.758, 0.516, -0.400, -0.023)      0      0 -1412.14812     0   5.000   -1.000 lightdock_21.pdb      0 -941.432
  171      2      (-7.049, 5.823, -27.709, -0.424, 0.027, -0.563, -0.709)      0      0 -1412.15174     0   5.000   -1.000  lightdock_2.pdb      0 -941.434
   30     23     (-14.403, -19.200, 3.745, -0.686, 0.569, -0.230, -0.389)      0      0 -1361.37488     4   5.000   -1.000 lightdock_23.pdb      0 -941.447
  216      9         (5.390, 27.383, -8.969, 0.274, 0.439, -0.002, 0.856)      0      0 -1412.52190     0   5.000   -1.000  lightdock_9.pdb      0 -941.681
   36      0    (-8.686, -10.808, -13.647, -0.221, -0.070, 0.477, -0.848)      0      0 -1412.53005     0   5.000   -1.000  lightdock_0.pdb      0 -941.687
   51      9      (-0.606, -18.279, 18.107, 0.018, 0.816, -0.077, -0.573)      0      0 -1412.80485     0   5.000   -1.000  lightdock_9.pdb      0 -941.870
   67      8       (19.140, 7.791, -16.964, -0.385, 0.553, 0.418, -0.609)      0      0 -1412.81752     0   5.000   -1.000  lightdock_8.pdb      0 -941.878
  102     20      (9.563, -30.580, -3.080, -0.428, -0.569, -0.613, 0.343)      0      0 -1412.82306     0   5.000   -1.000 lightdock_20.pdb      0 -941.882
  153     20    (-11.943, -16.238, 16.983, -0.316, -0.129, 0.654, -0.675)      0      0 -1412.83294     0   5.000   -1.000 lightdock_20.pdb      0 -941.889
   80      6      (-8.442, -9.217, -18.936, -0.214, 0.093, -0.894, 0.383)      0      0 -1412.92584     0   5.000   -1.000  lightdock_6.pdb      0 -941.951
  214      2        (-14.879, -22.974, 6.225, 0.673, 0.374, 0.183, 0.612)      0      0 -1412.95779     0   5.000   -1.000  lightdock_2.pdb      0 -941.972
  105     24      (-3.692, -6.580, -23.497, -0.897, 0.046, 0.386, -0.211)      0      0 -1413.05978     0   5.000   -1.000 lightdock_24.pdb      0 -942.040
  187     24      (4.816, -23.410, 14.663, 0.238, -0.842, -0.237, -0.421)      0      0 -1413.13332     0   5.000   -1.000 lightdock_24.pdb      0 -942.089
  141      7      (1.732, -15.536, -11.216, -0.667, -0.282, 0.639, 0.260)      0      0 -1413.41238     0   5.000   -1.000  lightdock_7.pdb      0 -942.275
  218     19     (-12.992, -19.897, -7.712, -0.821, -0.230, 0.158, 0.499)      0      0 -1413.47114     0   5.000   -1.000 lightdock_19.pdb      0 -942.314
  130     24        (25.000, -6.165, 3.536, 0.752, 0.184, -0.389, -0.499)      0      0 -1413.62571     0   5.000   -1.000 lightdock_24.pdb      0 -942.417
  157      4       (-15.877, 16.966, -4.844, 0.683, -0.322, 0.103, 0.647)      0      0 -1413.67197     0   5.000   -1.000  lightdock_4.pdb      0 -942.448
  154     24    (-25.969, -8.568, -12.487, -0.618, 0.313, -0.711, -0.121)      0      0 -1413.76191     0   5.000   -1.000 lightdock_24.pdb      0 -942.508
  180     19      (-21.344, 6.746, -5.034, -0.646, 0.417, -0.049, -0.638)      0      0 -1413.86764     0   5.000   -1.000 lightdock_19.pdb      0 -942.578
  201     10    (-16.866, 2.268, -24.279, -0.421, -0.157, -0.790, -0.418)      0      0 -1413.91662     0   5.000   -1.000 lightdock_10.pdb      0 -942.611
   77      8        (-3.438, 3.433, 19.347, 0.542, 0.406, -0.587, -0.443)      0      0 -1413.97756     0   5.000   -1.000  lightdock_8.pdb      0 -942.652
   12     22     (11.102, 12.822, -18.396, -0.178, -0.782, -0.597, 0.023)      0      0 -1414.45871     0   5.000   -1.000 lightdock_22.pdb      0 -942.972
  134     14        (-6.152, 3.790, -22.502, -0.186, 0.496, 0.494, 0.689)      0      0 -1414.46808     0   5.000   -1.000 lightdock_14.pdb      0 -942.979
   30     17     (-20.388, -16.000, 0.421, -0.812, -0.169, -0.311, 0.465)      0      0 -1414.83747     0   5.000   -1.000 lightdock_17.pdb      0 -943.225
   98      2         (6.551, 10.844, -22.800, 0.714, 0.477, 0.375, 0.349)      0      0 -1415.02342     0   5.000   -1.000  lightdock_2.pdb      0 -943.349
   34     11       (6.275, -25.134, -7.761, -0.186, -0.370, 0.862, 0.293)      0      0 -1415.13765     0   5.000   -1.000 lightdock_11.pdb      0 -943.425
  195     10      (-23.265, -2.386, 0.252, -0.633, 0.254, -0.488, -0.545)      0      0 -1415.20005     0   5.000   -1.000 lightdock_10.pdb      0 -943.467
   79      5       (-22.017, 1.420, -8.630, -0.570, 0.747, -0.335, 0.063)      0      0 -1415.31150     0   5.000   -1.000  lightdock_5.pdb      0 -943.541
   58     10        (-4.433, -1.545, -26.493, 0.413, 0.486, 0.675, 0.371)      0      0 -1415.52754     0   5.000   -1.000 lightdock_10.pdb      0 -943.685
   95      5     (-2.125, -0.801, -26.353, 0.690, -0.228, -0.127, -0.675)      0      0 -1415.67984     0   5.000   -1.000  lightdock_5.pdb      0 -943.787
  210     15       (-16.148, 4.328, -27.262, -0.630, 0.328, 0.648, 0.276)      0      0 -1415.69763     0   5.000   -1.000 lightdock_15.pdb      0 -943.798
   35     24       (-5.395, -27.255, -1.907, -0.782, 0.554, 0.281, 0.058)      0      0 -1415.72702     0   5.000   -1.000 lightdock_24.pdb      0 -943.818
  106      3       (15.298, -12.514, 6.958, 0.206, -0.657, 0.493, -0.532)      0      0 -1415.82426     0   5.000   -1.000  lightdock_3.pdb      0 -943.883
   87      1      (17.432, -10.683, -17.452, 0.328, -0.147, 0.689, 0.630)      0      0 -1415.98942     0   5.000   -1.000  lightdock_1.pdb      0 -943.993
  131      7        (2.599, 7.455, -27.285, 0.211, 0.503, -0.837, -0.050)      0      0 -1416.17501     0   5.000   -1.000  lightdock_7.pdb      0 -944.117
  174      9    (-17.013, -13.891, -14.054, -0.695, 0.160, -0.473, 0.517)      0      0 -1416.29732     0   5.000   -1.000  lightdock_9.pdb      0 -944.198
  136     19       (-23.742, -0.844, -4.559, 0.514, 0.844, 0.088, -0.124)      0      0 -1416.36343     0   5.000   -1.000 lightdock_19.pdb      0 -944.242
  214     17     (-12.988, -14.737, 11.499, 0.024, -0.853, 0.395, -0.339)      0      0 -1416.53261     0   5.000   -1.000 lightdock_17.pdb      0 -944.355
   67     10       (16.563, 13.178, -23.347, -0.014, 0.525, 0.757, 0.387)      0      0 -1416.81192     0   5.000   -1.000 lightdock_10.pdb      0 -944.541
   30     22      (-14.369, -19.355, 4.155, -0.469, 0.650, 0.049, -0.596)      0      0 -1350.33686     2   5.000   -1.000 lightdock_22.pdb      0 -944.650
   83      1         (18.728, -6.945, 1.991, -0.473, 0.741, 0.376, 0.293)      0      0 -1417.02275     0   5.000   -1.000  lightdock_1.pdb      0 -944.682
  181     17         (-8.733, -17.459, 6.969, 0.648, 0.009, 0.190, 0.738)      0      0 -1417.08295     0   5.000   -1.000 lightdock_17.pdb      0 -944.722
   67     15       (16.246, 13.027, -23.474, -0.014, 0.525, 0.757, 0.387)      0      0 -1417.50891     1   5.000   -1.000 lightdock_15.pdb      0 -944.735
   94     11      (-17.502, -4.094, 0.386, -0.129, -0.758, 0.510, -0.385)      0      0 -1417.19562     0   5.000   -1.000 lightdock_11.pdb      0 -944.797
   30      9      (-14.346, -19.261, 4.168, -0.469, 0.650, 0.049, -0.596)      0      0 -1350.14280     1   5.000   -1.000  lightdock_9.pdb      0 -944.983
  181     24      (-21.450, -21.401, -0.078, 0.368, 0.857, 0.112, -0.342)      0      0 -1417.49471     0   5.000   -1.000 lightdock_24.pdb      0 -944.996
   90      9     (-1.759, -3.937, -22.813, 0.349, -0.653, -0.481, -0.469)      0      0 -1417.69954     0   5.000   -1.000  lightdock_9.pdb      0 -945.133
  131     13        (2.728, 7.371, -27.304, 0.211, 0.503, -0.837, -0.050)      0      0 -1416.95491     1   5.000   -1.000 lightdock_13.pdb      0 -945.283
  148     11       (19.773, -21.994, 10.806, 0.689, 0.289, 0.661, -0.069)      0      0 -1418.21703     0   5.000   -1.000 lightdock_11.pdb      0 -945.478
  208     12     (13.145, -25.870, 1.683, -0.441, -0.127, -0.269, -0.847)      0      0 -1418.24863     0   5.000   -1.000 lightdock_12.pdb      0 -945.499
  136     10      (-21.456, -0.180, -4.906, 0.228, 0.455, -0.312, -0.803)      0      0 -1418.25594     0   5.000   -1.000 lightdock_10.pdb      0 -945.504
  176     15       (-25.955, 2.468, 18.183, 0.612, -0.716, -0.029, 0.335)      0      0 -1418.94857     0   5.000   -1.000 lightdock_15.pdb      0 -945.966
   79     23       (-13.828, -7.563, -18.837, 0.111, 0.320, 0.763, 0.551)      0      0 -1419.36809     0   5.000   -1.000 lightdock_23.pdb      0 -946.245
  206      0    (14.090, -18.906, -14.650, -0.497, -0.094, 0.006, -0.863)      0      0 -1419.36881     0   5.000   -1.000  lightdock_0.pdb      0 -946.246
   90     13      (-5.512, -9.731, -22.739, 0.835, -0.284, -0.461, 0.104)      0      0 -1419.83000     0   5.000   -1.000 lightdock_13.pdb      0 -946.553
   17      9          (12.546, 9.427, 20.569, 0.647, 0.727, 0.224, 0.053)      0      0 -1420.16827     0   5.000   -1.000  lightdock_9.pdb      0 -946.779
   61      9       (-6.225, 3.562, -24.087, 0.711, 0.133, -0.490, -0.487)      0      0 -1420.41068     0   5.000   -1.000  lightdock_9.pdb      0 -946.940
  166     18      (-13.475, 2.995, -16.446, 0.126, -0.309, 0.760, -0.557)      0      0 -1420.72536     0   5.000   -1.000 lightdock_18.pdb      0 -947.150
   90     12      (-5.644, -9.758, -22.793, 0.835, -0.284, -0.461, 0.104)      0      0 -1420.85543     1   5.000   -1.000 lightdock_12.pdb      0 -947.297
   96      3       (-27.243, -6.539, -5.217, -0.423, 0.734, 0.484, 0.218)      0      0 -1423.11174     0   5.000   -1.000  lightdock_3.pdb      0 -948.741
  126     16        (-8.518, 6.232, 16.689, 0.458, 0.730, -0.490, -0.132)      0      0 -1423.23128     0   5.000   -1.000 lightdock_16.pdb      0 -948.821
  189      4       (1.040, 13.074, 20.151, -0.493, -0.225, -0.516, 0.664)      0      0 -1423.50505     0   5.000   -1.000  lightdock_4.pdb      0 -949.003
   76     16        (3.691, 10.558, -23.279, 0.078, 0.207, 0.765, -0.605)      0      0 -1425.16183     0   5.000   -1.000 lightdock_16.pdb      0 -950.108
   89     20         (8.250, 15.621, 21.301, -0.552, 0.154, 0.015, 0.819)      0      0 -1425.33056     0   5.000   -1.000 lightdock_20.pdb      0 -950.220
  114     21     (19.097, -18.928, -8.527, -0.299, -0.128, 0.790, -0.519)      0      0 -1425.88425     0   5.000   -1.000 lightdock_21.pdb      0 -950.662
  114      2     (18.968, -19.153, -8.665, -0.299, -0.128, 0.790, -0.519)      0      0 -1426.54522     1   5.000   -1.000  lightdock_2.pdb      0 -950.750
  105     21        (1.070, -0.034, -30.169, 0.638, -0.432, 0.266, 0.579)      0      0 -1426.44353     0   5.000   -1.000 lightdock_21.pdb      0 -950.962
   71     13       (-18.904, 10.691, 3.395, 0.014, -0.859, 0.502, -0.101)      0      0 -1427.33030     0   5.000   -1.000 lightdock_13.pdb      0 -951.554
   83      0      (21.121, -15.043, 3.183, 0.472, -0.593, -0.234, -0.608)      0      0 -1428.58017     0   5.000   -1.000  lightdock_0.pdb      0 -952.387
   92      4         (-26.358, 4.538, 0.099, 0.585, 0.215, -0.101, 0.776)      0      0 -1428.81437     0   5.000   -1.000  lightdock_4.pdb      0 -952.543
  149     17      (7.419, -15.973, -10.523, 0.540, -0.454, 0.100, -0.701)      0      0 -1429.22659     0   5.000   -1.000 lightdock_17.pdb      0 -952.818
   19      8       (5.538, 13.197, -14.093, -0.499, 0.344, 0.679, -0.414)      0      0 -1429.72184     0   5.000   -1.000  lightdock_8.pdb      0 -953.148
   36      4     (-12.120, -12.871, -7.096, 0.677, -0.019, -0.099, 0.730)      0      0 -1429.95582     0   5.000   -1.000  lightdock_4.pdb      0 -953.304
   90     22       (-8.991, -8.496, -17.265, 0.216, 0.497, 0.732, -0.413)      0      0 -1432.10263     0   5.000   -1.000 lightdock_22.pdb      0 -954.735
   26     13        (6.596, -20.533, -9.956, -0.466, 0.325, 0.094, 0.818)      0      0 -1434.32847     0   5.000   -1.000 lightdock_13.pdb      0 -956.219
  164     16      (-7.503, -17.187, -7.419, -0.038, 0.054, -0.690, 0.721)      0      0 -1436.40892     0   5.000   -1.000 lightdock_16.pdb      0 -957.606
   29     16      (10.371, -20.817, -3.564, -0.396, 0.910, -0.053, 0.113)      0      0 -1438.07720     0   5.000   -1.000 lightdock_16.pdb      0 -958.718
